dmu_id,farmer_id,year,basis,gas,component,impact_category,impact_unit,field_emissions_impact
C1_2022,C1,2022,ha,ch4,ch4_total,Climate change,kg CO2 eq,17589.298272
C1_2022,C1,2022,ha,n2o,n2o_direct_synthetic,Climate change,kg CO2 eq,160.1028
C1_2022,C1,2022,ha,n2o,n2o_direct_straw,Climate change,kg CO2 eq,52.1235
C1_2022,C1,2022,ha,n2o,n2o_indirect_volatilisation,Climate change,kg CO2 eq,90.60480000000001
C1_2022,C1,2022,ha,n2o,n2o_indirect_leaching,Climate change,kg CO2 eq,120.0771
C1_2022,C1,2022,ha,co2,co2_from_urea,Climate change,kg CO2 eq,12.880000000000003
C1_2023,C1,2023,ha,ch4,ch4_total,Climate change,kg CO2 eq,17589.298272
C1_2023,C1,2023,ha,n2o,n2o_direct_synthetic,Climate change,kg CO2 eq,166.023
C1_2023,C1,2023,ha,n2o,n2o_direct_straw,Climate change,kg CO2 eq,52.1235
C1_2023,C1,2023,ha,n2o,n2o_indirect_volatilisation,Climate change,kg CO2 eq,96.52499999999999
C1_2023,C1,2023,ha,n2o,n2o_indirect_leaching,Climate change,kg CO2 eq,124.51725
C1_2023,C1,2023,ha,co2,co2_from_urea,Climate change,kg CO2 eq,13.8
C1_2024,C1,2024,ha,ch4,ch4_total,Climate change,kg CO2 eq,17589.298272
C1_2024,C1,2024,ha,n2o,n2o_direct_synthetic,Climate change,kg CO2 eq,166.023
C1_2024,C1,2024,ha,n2o,n2o_direct_straw,Climate change,kg CO2 eq,52.1235
C1_2024,C1,2024,ha,n2o,n2o_indirect_volatilisation,Climate change,kg CO2 eq,96.52499999999999
C1_2024,C1,2024,ha,n2o,n2o_indirect_leaching,Climate change,kg CO2 eq,124.51725
C1_2024,C1,2024,ha,co2,co2_from_urea,Climate change,kg CO2 eq,13.8
C2_2022,C2,2022,ha,ch4,ch4_total,Climate change,kg CO2 eq,17589.298272
C2_2022,C2,2022,ha,n2o,n2o_direct_synthetic,Climate change,kg CO2 eq,130.5018
C2_2022,C2,2022,ha,n2o,n2o_direct_straw,Climate change,kg CO2 eq,52.1235
C2_2022,C2,2022,ha,n2o,n2o_indirect_volatilisation,Climate change,kg CO2 eq,61.003800000000005
C2_2022,C2,2022,ha,n2o,n2o_indirect_leaching,Climate change,kg CO2 eq,97.87634999999999
C2_2022,C2,2022,ha,co2,co2_from_urea,Climate change,kg CO2 eq,8.28
C2_2023,C2,2023,ha,ch4,ch4_total,Climate change,kg CO2 eq,17589.298272
C2_2023,C2,2023,ha,n2o,n2o_direct_synthetic,Climate change,kg CO2 eq,100.8632210745595
C2_2023,C2,2023,ha,n2o,n2o_direct_straw,Climate change,kg CO2 eq,52.1235
C2_2023,C2,2023,ha,n2o,n2o_indirect_volatilisation,Climate change,kg CO2 eq,26.735439371582324
C2_2023,C2,2023,ha,n2o,n2o_indirect_leaching,Climate change,kg CO2 eq,75.64741580591962
C2_2023,C2,2023,ha,co2,co2_from_urea,Climate change,kg CO2 eq,2.87475045568961
C2_2024,C2,2024,ha,ch4,ch4_total,Climate change,kg CO2 eq,17589.298272
C2_2024,C2,2024,ha,n2o,n2o_direct_synthetic,Climate change,kg CO2 eq,167.96671968190856
C2_2024,C2,2024,ha,n2o,n2o_direct_straw,Climate change,kg CO2 eq,52.1235
C2_2024,C2,2024,ha,n2o,n2o_indirect_volatilisation,Climate change,kg CO2 eq,90.94629423459244
C2_2024,C2,2024,ha,n2o,n2o_indirect_leaching,Climate change,kg CO2 eq,125.9750397614314
C2_2024,C2,2024,ha,co2,co2_from_urea,Climate change,kg CO2 eq,12.803180914512925
C3_2022,C3,2022,ha,ch4,ch4_total,Climate change,kg CO2 eq,17589.298272
C3_2022,C3,2022,ha,n2o,n2o_direct_synthetic,Climate change,kg CO2 eq,122.5224
C3_2022,C3,2022,ha,n2o,n2o_direct_straw,Climate change,kg CO2 eq,52.1235
C3_2022,C3,2022,ha,n2o,n2o_indirect_volatilisation,Climate change,kg CO2 eq,76.19040000000001
C3_2022,C3,2022,ha,n2o,n2o_indirect_leaching,Climate change,kg CO2 eq,91.89180000000002
C3_2022,C3,2022,ha,co2,co2_from_urea,Climate change,kg CO2 eq,11.040000000000003
C3_2023,C3,2023,ha,ch4,ch4_total,Climate change,kg CO2 eq,17589.298272
C3_2023,C3,2023,ha,n2o,n2o_direct_synthetic,Climate change,kg CO2 eq,141.31259999999997
C3_2023,C3,2023,ha,n2o,n2o_direct_straw,Climate change,kg CO2 eq,52.1235
C3_2023,C3,2023,ha,n2o,n2o_indirect_volatilisation,Climate change,kg CO2 eq,83.3976
C3_2023,C3,2023,ha,n2o,n2o_indirect_leaching,Climate change,kg CO2 eq,105.98444999999998
C3_2023,C3,2023,ha,co2,co2_from_urea,Climate change,kg CO2 eq,11.96
C3_2024,C3,2024,ha,ch4,ch4_total,Climate change,kg CO2 eq,17589.298272
C3_2024,C3,2024,ha,n2o,n2o_direct_synthetic,Climate change,kg CO2 eq,147.2328
C3_2024,C3,2024,ha,n2o,n2o_direct_straw,Climate change,kg CO2 eq,52.1235
C3_2024,C3,2024,ha,n2o,n2o_indirect_volatilisation,Climate change,kg CO2 eq,89.3178
C3_2024,C3,2024,ha,n2o,n2o_indirect_leaching,Climate change,kg CO2 eq,110.42459999999998
C3_2024,C3,2024,ha,co2,co2_from_urea,Climate change,kg CO2 eq,12.880000000000003
C4_2022,C4,2022,ha,ch4,ch4_total,Climate change,kg CO2 eq,17589.298272
C4_2022,C4,2022,ha,n2o,n2o_direct_synthetic,Climate change,kg CO2 eq,132.29661619992066
C4_2022,C4,2022,ha,n2o,n2o_direct_straw,Climate change,kg CO2 eq,52.1235
C4_2022,C4,2022,ha,n2o,n2o_indirect_volatilisation,Climate change,kg CO2 eq,87.12291619992067
C4_2022,C4,2022,ha,n2o,n2o_indirect_leaching,Climate change,kg CO2 eq,99.22246214994048
C4_2022,C4,2022,ha,co2,co2_from_urea,Climate change,kg CO2 eq,12.758914716382389
C4_2023,C4,2023,ha,ch4,ch4_total,Climate change,kg CO2 eq,17589.298272
C4_2023,C4,2023,ha,n2o,n2o_direct_synthetic,Climate change,kg CO2 eq,188.51976000000002
C4_2023,C4,2023,ha,n2o,n2o_direct_straw,Climate change,kg CO2 eq,52.1235
C4_2023,C4,2023,ha,n2o,n2o_indirect_volatilisation,Climate change,kg CO2 eq,119.02176
C4_2023,C4,2023,ha,n2o,n2o_indirect_leaching,Climate change,kg CO2 eq,141.38982
C4_2023,C4,2023,ha,co2,co2_from_urea,Climate change,kg CO2 eq,17.296000000000003
C4_2024,C4,2024,ha,ch4,ch4_total,Climate change,kg CO2 eq,17589.298272
C4_2024,C4,2024,ha,n2o,n2o_direct_synthetic,Climate change,kg CO2 eq,149.29199999999997
C4_2024,C4,2024,ha,n2o,n2o_direct_straw,Climate change,kg CO2 eq,52.1235
C4_2024,C4,2024,ha,n2o,n2o_indirect_volatilisation,Climate change,kg CO2 eq,68.21099999999998
C4_2024,C4,2024,ha,n2o,n2o_indirect_leaching,Climate change,kg CO2 eq,111.969
C4_2024,C4,2024,ha,co2,co2_from_urea,Climate change,kg CO2 eq,9.200000000000001
C5_2022,C5,2022,ha,ch4,ch4_total,Climate change,kg CO2 eq,17589.298272
C5_2022,C5,2022,ha,n2o,n2o_direct_synthetic,Climate change,kg CO2 eq,103.266
C5_2022,C5,2022,ha,n2o,n2o_direct_straw,Climate change,kg CO2 eq,52.1235
C5_2022,C5,2022,ha,n2o,n2o_indirect_volatilisation,Climate change,kg CO2 eq,25.230600000000003
C5_2022,C5,2022,ha,n2o,n2o_indirect_leaching,Climate change,kg CO2 eq,77.4495
C5_2022,C5,2022,ha,co2,co2_from_urea,Climate change,kg CO2 eq,2.573426573426574
C5_2023,C5,2023,ha,ch4,ch4_total,Climate change,kg CO2 eq,17589.298272
C5_2023,C5,2023,ha,n2o,n2o_direct_synthetic,Climate change,kg CO2 eq,145.4058991422122
C5_2023,C5,2023,ha,n2o,n2o_direct_straw,Climate change,kg CO2 eq,52.1235
C5_2023,C5,2023,ha,n2o,n2o_indirect_volatilisation,Climate change,kg CO2 eq,25.74540365688488
C5_2023,C5,2023,ha,n2o,n2o_indirect_leaching,Climate change,kg CO2 eq,109.05442435665913
C5_2023,C5,2023,ha,co2,co2_from_urea,Climate change,kg CO2 eq,1.934699774266366
C5_2024,C5,2024,ha,ch4,ch4_total,Climate change,kg CO2 eq,17589.298272
C5_2024,C5,2024,ha,n2o,n2o_direct_synthetic,Climate change,kg CO2 eq,120.43745999999999
C5_2024,C5,2024,ha,n2o,n2o_direct_straw,Climate change,kg CO2 eq,52.1235
C5_2024,C5,2024,ha,n2o,n2o_indirect_volatilisation,Climate change,kg CO2 eq,12.043745999999999
C5_2024,C5,2024,ha,n2o,n2o_indirect_leaching,Climate change,kg CO2 eq,90.32809499999999
C5_2024,C5,2024,ha,co2,co2_from_urea,Climate change,kg CO2 eq,0.0
C6_2022,C6,2022,ha,ch4,ch4_total,Climate change,kg CO2 eq,17589.298272
C6_2022,C6,2022,ha,n2o,n2o_direct_synthetic,Climate change,kg CO2 eq,151.86599999999999
C6_2022,C6,2022,ha,n2o,n2o_direct_straw,Climate change,kg CO2 eq,52.1235
C6_2022,C6,2022,ha,n2o,n2o_indirect_volatilisation,Climate change,kg CO2 eq,68.46839999999999
C6_2022,C6,2022,ha,n2o,n2o_indirect_leaching,Climate change,kg CO2 eq,113.89949999999997
C6_2022,C6,2022,ha,co2,co2_from_urea,Climate change,kg CO2 eq,9.200000000000001
C6_2023,C6,2023,ha,ch4,ch4_total,Climate change,kg CO2 eq,17589.298272
C6_2023,C6,2023,ha,n2o,n2o_direct_synthetic,Climate change,kg CO2 eq,173.1015
C6_2023,C6,2023,ha,n2o,n2o_direct_straw,Climate change,kg CO2 eq,52.1235
C6_2023,C6,2023,ha,n2o,n2o_indirect_volatilisation,Climate change,kg CO2 eq,110.5533
C6_2023,C6,2023,ha,n2o,n2o_indirect_leaching,Climate change,kg CO2 eq,129.826125
C6_2023,C6,2023,ha,co2,co2_from_urea,Climate change,kg CO2 eq,16.1
C6_2024,C6,2024,ha,ch4,ch4_total,Climate change,kg CO2 eq,17589.298272
C6_2024,C6,2024,ha,n2o,n2o_direct_synthetic,Climate change,kg CO2 eq,164.2212
C6_2024,C6,2024,ha,n2o,n2o_direct_straw,Climate change,kg CO2 eq,52.1235
C6_2024,C6,2024,ha,n2o,n2o_indirect_volatilisation,Climate change,kg CO2 eq,101.673
C6_2024,C6,2024,ha,n2o,n2o_indirect_leaching,Climate change,kg CO2 eq,123.1659
C6_2024,C6,2024,ha,co2,co2_from_urea,Climate change,kg CO2 eq,14.720000000000002
C7_2023,C7,2023,ha,ch4,ch4_total,Climate change,kg CO2 eq,17589.298272
C7_2023,C7,2023,ha,n2o,n2o_direct_synthetic,Climate change,kg CO2 eq,144.44359898205198
C7_2023,C7,2023,ha,n2o,n2o_direct_straw,Climate change,kg CO2 eq,52.1235
C7_2023,C7,2023,ha,n2o,n2o_indirect_volatilisation,Climate change,kg CO2 eq,78.67369287436377
C7_2023,C7,2023,ha,n2o,n2o_indirect_leaching,Climate change,kg CO2 eq,108.33269923653896
C7_2023,C7,2023,ha,co2,co2_from_urea,Climate change,kg CO2 eq,11.090275917492635
C7_2024,C7,2024,ha,ch4,ch4_total,Climate change,kg CO2 eq,17589.298272
C7_2024,C7,2024,ha,n2o,n2o_direct_synthetic,Climate change,kg CO2 eq,180.71162443075275
C7_2024,C7,2024,ha,n2o,n2o_direct_straw,Climate change,kg CO2 eq,52.1235
C7_2024,C7,2024,ha,n2o,n2o_indirect_volatilisation,Climate change,kg CO2 eq,82.04357808732925
C7_2024,C7,2024,ha,n2o,n2o_indirect_leaching,Climate change,kg CO2 eq,135.53371832306456
C7_2024,C7,2024,ha,co2,co2_from_urea,Climate change,kg CO2 eq,11.045914813822668
C8_2022,C8,2022,ha,ch4,ch4_total,Climate change,kg CO2 eq,17589.298272
C8_2022,C8,2022,ha,n2o,n2o_direct_synthetic,Climate change,kg CO2 eq,153.153
C8_2022,C8,2022,ha,n2o,n2o_direct_straw,Climate change,kg CO2 eq,52.1235
C8_2022,C8,2022,ha,n2o,n2o_indirect_volatilisation,Climate change,kg CO2 eq,95.238
C8_2022,C8,2022,ha,n2o,n2o_indirect_leaching,Climate change,kg CO2 eq,114.86474999999999
C8_2022,C8,2022,ha,co2,co2_from_urea,Climate change,kg CO2 eq,13.8
C8_2023,C8,2023,ha,ch4,ch4_total,Climate change,kg CO2 eq,17589.298272
C8_2023,C8,2023,ha,n2o,n2o_direct_synthetic,Climate change,kg CO2 eq,98.84548261912924
C8_2023,C8,2023,ha,n2o,n2o_direct_straw,Climate change,kg CO2 eq,52.1235
C8_2023,C8,2023,ha,n2o,n2o_indirect_volatilisation,Climate change,kg CO2 eq,46.99001570106273
C8_2023,C8,2023,ha,n2o,n2o_indirect_leaching,Climate change,kg CO2 eq,74.13411196434693
C8_2023,C8,2023,ha,co2,co2_from_urea,Climate change,kg CO2 eq,6.406883784710319
C8_2024,C8,2024,ha,ch4,ch4_total,Climate change,kg CO2 eq,17589.298272
C8_2024,C8,2024,ha,n2o,n2o_direct_synthetic,Climate change,kg CO2 eq,175.032
C8_2024,C8,2024,ha,n2o,n2o_direct_straw,Climate change,kg CO2 eq,52.1235
C8_2024,C8,2024,ha,n2o,n2o_indirect_volatilisation,Climate change,kg CO2 eq,17.503199999999996
C8_2024,C8,2024,ha,n2o,n2o_indirect_leaching,Climate change,kg CO2 eq,131.274
C8_2024,C8,2024,ha,co2,co2_from_urea,Climate change,kg CO2 eq,0.0
D1_2022,D1,2022,ha,ch4,ch4_total,Climate change,kg CO2 eq,17589.298272
D1_2022,D1,2022,ha,n2o,n2o_direct_synthetic,Climate change,kg CO2 eq,102.24558367346941
D1_2022,D1,2022,ha,n2o,n2o_direct_straw,Climate change,kg CO2 eq,52.1235
D1_2022,D1,2022,ha,n2o,n2o_indirect_volatilisation,Climate change,kg CO2 eq,74.16271836734694
D1_2022,D1,2022,ha,n2o,n2o_indirect_leaching,Climate change,kg CO2 eq,76.68418775510204
D1_2022,D1,2022,ha,co2,co2_from_urea,Climate change,kg CO2 eq,11.040000000000001
D1_2023,D1,2023,ha,ch4,ch4_total,Climate change,kg CO2 eq,17589.298272
D1_2023,D1,2023,ha,n2o,n2o_direct_synthetic,Climate change,kg CO2 eq,60.489000000000004
D1_2023,D1,2023,ha,n2o,n2o_direct_straw,Climate change,kg CO2 eq,52.1235
D1_2023,D1,2023,ha,n2o,n2o_indirect_volatilisation,Climate change,kg CO2 eq,32.6898
D1_2023,D1,2023,ha,n2o,n2o_indirect_leaching,Climate change,kg CO2 eq,45.366749999999996
D1_2023,D1,2023,ha,co2,co2_from_urea,Climate change,kg CO2 eq,4.6000000000000005
D1_2024,D1,2024,ha,ch4,ch4_total,Climate change,kg CO2 eq,17589.298272
D1_2024,D1,2024,ha,n2o,n2o_direct_synthetic,Climate change,kg CO2 eq,175.032
D1_2024,D1,2024,ha,n2o,n2o_direct_straw,Climate change,kg CO2 eq,52.1235
D1_2024,D1,2024,ha,n2o,n2o_indirect_volatilisation,Climate change,kg CO2 eq,17.503199999999996
D1_2024,D1,2024,ha,n2o,n2o_indirect_leaching,Climate change,kg CO2 eq,131.274
D1_2024,D1,2024,ha,co2,co2_from_urea,Climate change,kg CO2 eq,0.0
D2_2022,D2,2022,ha,ch4,ch4_total,Climate change,kg CO2 eq,17589.298272
D2_2022,D2,2022,ha,n2o,n2o_direct_synthetic,Climate change,kg CO2 eq,185.22628320526894
D2_2022,D2,2022,ha,n2o,n2o_direct_straw,Climate change,kg CO2 eq,52.1235
D2_2022,D2,2022,ha,n2o,n2o_indirect_volatilisation,Climate change,kg CO2 eq,98.40146295279911
D2_2022,D2,2022,ha,n2o,n2o_indirect_leaching,Climate change,kg CO2 eq,138.91971240395168
D2_2022,D2,2022,ha,co2,co2_from_urea,Climate change,kg CO2 eq,13.792425905598245
D2_2023,D2,2023,ha,ch4,ch4_total,Climate change,kg CO2 eq,17589.298272
D2_2023,D2,2023,ha,n2o,n2o_direct_synthetic,Climate change,kg CO2 eq,105.2766
D2_2023,D2,2023,ha,n2o,n2o_direct_straw,Climate change,kg CO2 eq,52.1235
D2_2023,D2,2023,ha,n2o,n2o_indirect_volatilisation,Climate change,kg CO2 eq,53.153099999999995
D2_2023,D2,2023,ha,n2o,n2o_indirect_leaching,Climate change,kg CO2 eq,78.95745
D2_2023,D2,2023,ha,co2,co2_from_urea,Climate change,kg CO2 eq,7.359999999999999
D2_2024,D2,2024,ha,ch4,ch4_total,Climate change,kg CO2 eq,17589.298272
D2_2024,D2,2024,ha,n2o,n2o_direct_synthetic,Climate change,kg CO2 eq,136.422
D2_2024,D2,2024,ha,n2o,n2o_direct_straw,Climate change,kg CO2 eq,52.1235
D2_2024,D2,2024,ha,n2o,n2o_indirect_volatilisation,Climate change,kg CO2 eq,66.92399999999999
D2_2024,D2,2024,ha,n2o,n2o_indirect_leaching,Climate change,kg CO2 eq,102.31649999999999
D2_2024,D2,2024,ha,co2,co2_from_urea,Climate change,kg CO2 eq,9.200000000000001
NT1_2023,NT1,2023,ha,ch4,ch4_total,Climate change,kg CO2 eq,17589.298272
NT1_2023,NT1,2023,ha,n2o,n2o_direct_synthetic,Climate change,kg CO2 eq,115.3152
NT1_2023,NT1,2023,ha,n2o,n2o_direct_straw,Climate change,kg CO2 eq,52.1235
NT1_2023,NT1,2023,ha,n2o,n2o_indirect_volatilisation,Climate change,kg CO2 eq,11.531520000000002
NT1_2023,NT1,2023,ha,n2o,n2o_indirect_leaching,Climate change,kg CO2 eq,86.4864
NT1_2023,NT1,2023,ha,co2,co2_from_urea,Climate change,kg CO2 eq,0.0
NT1_2024,NT1,2024,ha,ch4,ch4_total,Climate change,kg CO2 eq,17589.298272
NT1_2024,NT1,2024,ha,n2o,n2o_direct_synthetic,Climate change,kg CO2 eq,388.78040551181095
NT1_2024,NT1,2024,ha,n2o,n2o_direct_straw,Climate change,kg CO2 eq,52.1235
NT1_2024,NT1,2024,ha,n2o,n2o_indirect_volatilisation,Climate change,kg CO2 eq,38.8780405511811
NT1_2024,NT1,2024,ha,n2o,n2o_indirect_leaching,Climate change,kg CO2 eq,291.5853041338582
NT1_2024,NT1,2024,ha,co2,co2_from_urea,Climate change,kg CO2 eq,0.0
NT2_2022,NT2,2022,ha,ch4,ch4_total,Climate change,kg CO2 eq,17589.298272
NT2_2022,NT2,2022,ha,n2o,n2o_direct_synthetic,Climate change,kg CO2 eq,84.23106170421157
NT2_2022,NT2,2022,ha,n2o,n2o_direct_straw,Climate change,kg CO2 eq,52.1235
NT2_2022,NT2,2022,ha,n2o,n2o_indirect_volatilisation,Climate change,kg CO2 eq,18.207961704211556
NT2_2022,NT2,2022,ha,n2o,n2o_indirect_leaching,Climate change,kg CO2 eq,63.17329627815865
NT2_2022,NT2,2022,ha,co2,co2_from_urea,Climate change,kg CO2 eq,1.689520078354554
NT2_2023,NT2,2023,ha,ch4,ch4_total,Climate change,kg CO2 eq,17589.298272
NT2_2023,NT2,2023,ha,n2o,n2o_direct_synthetic,Climate change,kg CO2 eq,166.66649999999998
NT2_2023,NT2,2023,ha,n2o,n2o_direct_straw,Climate change,kg CO2 eq,52.1235
NT2_2023,NT2,2023,ha,n2o,n2o_indirect_volatilisation,Climate change,kg CO2 eq,123.23024999999998
NT2_2023,NT2,2023,ha,n2o,n2o_indirect_leaching,Climate change,kg CO2 eq,124.99987499999999
NT2_2023,NT2,2023,ha,co2,co2_from_urea,Climate change,kg CO2 eq,18.400000000000002
NT2_2024,NT2,2024,ha,ch4,ch4_total,Climate change,kg CO2 eq,17589.298272
NT2_2024,NT2,2024,ha,n2o,n2o_direct_synthetic,Climate change,kg CO2 eq,117.117
NT2_2024,NT2,2024,ha,n2o,n2o_direct_straw,Climate change,kg CO2 eq,52.1235
NT2_2024,NT2,2024,ha,n2o,n2o_indirect_volatilisation,Climate change,kg CO2 eq,64.99349999999998
NT2_2024,NT2,2024,ha,n2o,n2o_indirect_leaching,Climate change,kg CO2 eq,87.83775
NT2_2024,NT2,2024,ha,co2,co2_from_urea,Climate change,kg CO2 eq,9.200000000000001
