dmu_id,variety,area_ha,productivity,year,month,day,operation_category,operation,equipment,active_substance,product,dose_kg_ha,dose_unit,dose_kg/t,dose_units,stage,Digitaria sanguinalis,Cyperus esculentus,Pyricularia,Wild Rice,Gramineae,Broadleaves,General Weeds,Weevil,Aphids,Rice Worms,Spodoptera frugiperda,Heteranthera,repetitions,covered_area,area_per_tonne
C1_2022,Ronaldo,15.48,4.49,"2,022.00",5.0,25.0,crop_protection,fungicide,sprayer,Chlorothalonil,Splash,0.59,kg/ha,0.13,kg/t,Tillering,1.0,0.0,0.0,0.0,0.0,0.0,1.0,0.0,0.0,0.0,0.0,0.0,1.0,15.48,0.22
C1_2022,Corimbo,1.5,3.48,"2,022.00",5.0,25.0,crop_protection,fungicide,sprayer,Chlorothalonil,Splash,0.59,kg/ha,0.17,kg/t,Tillering,1.0,0.0,0.0,0.0,0.0,0.0,1.0,0.0,0.0,0.0,0.0,0.0,1.0,1.5,0.29
C1_2022,Sprint,18.3,4.44,"2,022.00",5.0,25.0,crop_protection,fungicide,sprayer,Chlorothalonil,Splash,0.59,kg/ha,0.13,kg/t,Tillering,0.0,0.0,1.0,0.0,0.0,0.0,0.0,0.0,0.0,0.0,0.0,0.0,1.0,18.3,0.23
C1_2022,Leonardo,1.6,3.16,"2,022.00",5.0,25.0,crop_protection,fungicide,sprayer,Chlorothalonil,Splash,0.59,kg/ha,0.19,kg/t,Tillering,1.0,1.0,0.0,0.0,0.0,0.0,1.0,0.0,0.0,0.0,0.0,0.0,1.0,1.6,0.32
C1_2022,JSendra,4.3,5.18,"2,022.00",5.0,25.0,crop_protection,fungicide,sprayer,Chlorothalonil,Splash,0.59,kg/ha,0.11,kg/t,Tillering,0.0,1.0,0.0,0.0,0.0,0.0,1.0,0.0,0.0,0.0,0.0,0.0,1.0,4.3,0.19
C1_2022,Ronaldo,15.48,4.49,"2,022.00",5.0,25.0,crop_protection,herbicide,sprayer,Florpyrauxifen-benzyl,Loyant,0.03,kg/ha,0.01,kg/t,2 leaves,0.0,0.0,0.0,0.0,0.0,0.0,0.0,1.0,0.0,0.0,0.0,0.0,1.0,15.48,0.22
C1_2022,Ronaldo,15.48,4.49,"2,022.00",5.0,25.0,crop_protection,herbicide,sprayer,Profoxydim,Profistar,0.15,kg/ha,0.03,kg/t,2 leaves,1.0,0.0,0.0,0.0,0.0,0.0,1.0,0.0,0.0,0.0,0.0,0.0,1.0,15.48,0.22
C1_2022,Ronaldo,15.48,4.49,"2,022.00",5.0,25.0,crop_protection,herbicide,sprayer,Bispyribac-sodium,Nominee,0.03,kg/ha,0.01,kg/t,2 leaves,1.0,0.0,0.0,0.0,0.0,0.0,1.0,0.0,0.0,0.0,0.0,0.0,1.0,15.48,0.22
C1_2022,Ronaldo,15.48,4.49,"2,022.00",5.0,25.0,crop_protection,herbicide,sprayer,Azimsulfuron,Gulliver,0.04,kg/ha,0.01,kg/t,2 leaves,1.0,1.0,0.0,0.0,0.0,0.0,1.0,0.0,0.0,0.0,0.0,0.0,1.0,15.48,0.22
C1_2022,Corimbo,1.5,3.48,"2,022.00",5.0,25.0,crop_protection,herbicide,sprayer,Florpyrauxifen-benzyl,Loyant,0.03,kg/ha,0.01,kg/t,2 leaves,0.0,0.0,1.0,0.0,0.0,0.0,0.0,0.0,0.0,0.0,0.0,0.0,1.0,1.5,0.29
C1_2022,Corimbo,1.5,3.48,"2,022.00",5.0,25.0,crop_protection,herbicide,sprayer,Profoxydim,Profistar,0.15,kg/ha,0.04,kg/t,2 leaves,1.0,0.0,0.0,0.0,0.0,0.0,1.0,0.0,0.0,0.0,0.0,0.0,1.0,1.5,0.29
C1_2022,Corimbo,1.5,3.48,"2,022.00",5.0,25.0,crop_protection,herbicide,sprayer,Bispyribac-sodium,Nominee,0.03,kg/ha,0.01,kg/t,2 leaves,1.0,0.0,0.0,0.0,0.0,0.0,1.0,0.0,0.0,0.0,0.0,0.0,1.0,1.5,0.29
C1_2022,Sprint,18.3,4.44,"2,022.00",5.0,25.0,crop_protection,herbicide,sprayer,Florpyrauxifen-benzyl,Loyant,0.03,kg/ha,0.01,kg/t,2 leaves,1.0,1.0,0.0,0.0,0.0,0.0,1.0,0.0,0.0,0.0,0.0,0.0,1.0,18.3,0.23
C1_2022,Sprint,18.3,4.44,"2,022.00",5.0,25.0,crop_protection,herbicide,sprayer,Profoxydim,Profistar,0.15,kg/ha,0.03,kg/t,2 leaves,0.0,1.0,0.0,0.0,0.0,0.0,1.0,0.0,0.0,0.0,0.0,0.0,1.0,18.3,0.23
C1_2022,Sprint,18.3,4.44,"2,022.00",5.0,25.0,crop_protection,herbicide,sprayer,Bispyribac-sodium,Nominee,0.03,kg/ha,0.01,kg/t,2 leaves,0.0,0.0,1.0,0.0,0.0,0.0,0.0,0.0,0.0,0.0,0.0,0.0,1.0,18.3,0.23
C1_2022,Sprint,18.3,4.44,"2,022.00",5.0,25.0,crop_protection,herbicide,sprayer,Azimsulfuron,Gulliver,0.04,kg/ha,0.01,kg/t,2 leaves,0.0,0.0,0.0,0.0,0.0,0.0,0.0,1.0,0.0,0.0,0.0,0.0,1.0,18.3,0.23
C1_2022,Leonardo,1.6,3.16,"2,022.00",5.0,25.0,crop_protection,herbicide,sprayer,Florpyrauxifen-benzyl,Loyant,0.03,kg/ha,0.01,kg/t,2 leaves,1.0,0.0,0.0,0.0,0.0,0.0,1.0,0.0,0.0,0.0,0.0,0.0,1.0,1.6,0.32
C1_2022,Leonardo,1.6,3.16,"2,022.00",5.0,25.0,crop_protection,herbicide,sprayer,Profoxydim,Profistar,0.15,kg/ha,0.05,kg/t,2 leaves,1.0,0.0,0.0,0.0,0.0,0.0,1.0,0.0,0.0,0.0,0.0,0.0,1.0,1.6,0.32
C1_2022,Leonardo,1.6,3.16,"2,022.00",5.0,25.0,crop_protection,herbicide,sprayer,Bispyribac-sodium,Nominee,0.03,kg/ha,0.01,kg/t,2 leaves,1.0,1.0,0.0,0.0,0.0,0.0,1.0,0.0,0.0,0.0,0.0,0.0,1.0,1.6,0.32
C1_2022,JSendra,4.3,5.18,"2,022.00",5.0,25.0,crop_protection,herbicide,sprayer,Florpyrauxifen-benzyl,Loyant,0.03,kg/ha,0.01,kg/t,2 leaves,0.0,0.0,1.0,0.0,0.0,0.0,0.0,0.0,0.0,0.0,0.0,0.0,1.0,4.3,0.19
C1_2022,JSendra,4.3,5.18,"2,022.00",5.0,25.0,crop_protection,herbicide,sprayer,Profoxydim,Profistar,0.15,kg/ha,0.03,kg/t,2 leaves,1.0,0.0,0.0,0.0,0.0,0.0,1.0,0.0,0.0,0.0,0.0,0.0,1.0,4.3,0.19
C1_2022,PVL136IT,4.74,4.29,"2,022.00",6.0,6.0,crop_protection,herbicide,sprayer,Cycloxydim,Verresta,0.25,kg/ha,0.06,kg/t,2 leaves,1.0,0.0,0.0,0.0,0.0,0.0,1.0,0.0,0.0,0.0,0.0,0.0,1.0,4.74,0.23
C1_2022,Ronaldo,15.48,4.49,"2,022.00",6.0,30.0,crop_protection,pesticide,sprayer,Flonicamid,Teppeki,0.12,kg/ha,0.03,kg/t,Tillering,0.0,0.0,0.0,0.0,0.0,0.0,0.0,1.0,0.0,0.0,0.0,0.0,1.0,15.48,0.22
C1_2022,Sprint,18.3,4.44,"2,022.00",6.0,30.0,crop_protection,pesticide,sprayer,Flonicamid,Teppeki,0.12,kg/ha,0.03,kg/t,Tillering,0.0,0.0,1.0,0.0,0.0,0.0,0.0,0.0,0.0,0.0,0.0,0.0,1.0,18.3,0.23
C1_2022,JSendra,4.3,5.18,"2,022.00",6.0,30.0,crop_protection,pesticide,sprayer,Flonicamid,Teppeki,0.12,kg/ha,0.02,kg/t,Tillering,1.0,0.0,0.0,0.0,0.0,0.0,1.0,0.0,0.0,0.0,0.0,0.0,1.0,4.3,0.19
C1_2023,Leonardo,28.4,4.37,"2,023.00",5.0,7.0,crop_protection,herbicide,sprayer,Benzobicyclon,Avanza,0.3,kg/ha,0.07,kg/t,Pre-emergence,0.0,0.0,0.0,0.0,0.0,0.0,1.0,0.0,0.0,0.0,0.0,0.0,1.0,28.4,0.23
C1_2023,Corimbo,4.01,2.16,"2,023.00",5.0,7.0,crop_protection,herbicide,sprayer,Benzobicyclon,Avanza,0.3,kg/ha,0.14,kg/t,Pre-emergence,0.0,0.0,0.0,0.0,0.0,0.0,1.0,0.0,0.0,0.0,0.0,0.0,1.0,4.01,0.46
C1_2023,PVL136IT,4.1,5.03,"2,023.00",5.0,7.0,crop_protection,herbicide,sprayer,Benzobicyclon,Avanza,0.3,kg/ha,0.06,kg/t,Pre-emergence,0.0,0.0,0.0,0.0,0.0,0.0,1.0,0.0,0.0,0.0,0.0,0.0,1.0,4.1,0.2
C1_2023,Telemaco,9.0,5.9,"2,023.00",5.0,7.0,crop_protection,herbicide,sprayer,Benzobicyclon,Avanza,0.3,kg/ha,0.05,kg/t,Pre-emergence,0.0,0.0,0.0,0.0,0.0,0.0,1.0,0.0,0.0,0.0,0.0,0.0,1.0,9.0,0.17
C1_2023,Leonardo,28.4,4.37,"2,023.00",5.0,31.0,crop_protection,herbicide,sprayer,Methyl oleate + methyl palmitate,Dash HC,0.16,kg/ha,0.04,kg/t,2–3 leaves,1.0,0.0,0.0,0.0,0.0,0.0,0.0,0.0,0.0,0.0,0.0,0.0,1.0,28.4,0.23
C1_2023,Corimbo,4.01,2.16,"2,023.00",5.0,31.0,crop_protection,herbicide,sprayer,Methyl oleate + methyl palmitate,Dash HC,0.16,kg/ha,0.07,kg/t,2–3 leaves,1.0,0.0,0.0,0.0,0.0,0.0,0.0,0.0,0.0,0.0,0.0,0.0,1.0,4.01,0.46
C1_2023,Telemaco,9.0,5.9,"2,023.00",5.0,31.0,crop_protection,herbicide,sprayer,Methyl oleate + methyl palmitate,Dash HC,0.16,kg/ha,0.03,kg/t,2–3 leaves,1.0,0.0,0.0,0.0,0.0,0.0,0.0,0.0,0.0,0.0,0.0,0.0,1.0,9.0,0.17
C1_2023,Leonardo,28.4,4.37,"2,023.00",5.0,31.0,crop_protection,herbicide,sprayer,Profoxydim,Aura,0.15,kg/ha,0.03,kg/t,2–3 leaves,1.0,0.0,0.0,0.0,0.0,0.0,0.0,0.0,0.0,0.0,0.0,0.0,1.0,28.4,0.23
C1_2023,Corimbo,4.01,2.16,"2,023.00",5.0,31.0,crop_protection,herbicide,sprayer,Profoxydim,Aura,0.15,kg/ha,0.07,kg/t,2–3 leaves,1.0,0.0,0.0,0.0,0.0,0.0,0.0,0.0,0.0,0.0,0.0,0.0,1.0,4.01,0.46
C1_2023,Telemaco,9.0,5.9,"2,023.00",5.0,31.0,crop_protection,herbicide,sprayer,Profoxydim,Aura,0.15,kg/ha,0.03,kg/t,2–3 leaves,1.0,0.0,0.0,0.0,0.0,0.0,0.0,0.0,0.0,0.0,0.0,0.0,1.0,9.0,0.17
C1_2023,Leonardo,28.4,4.37,"2,023.00",5.0,31.0,crop_protection,herbicide,sprayer,Florpyrauxifen-benzyl,Loyant,0.03,kg/ha,0.01,kg/t,2–3 leaves,0.0,0.0,0.0,0.0,0.0,1.0,0.0,0.0,0.0,0.0,0.0,0.0,1.0,28.4,0.23
C1_2023,Corimbo,4.01,2.16,"2,023.00",5.0,31.0,crop_protection,herbicide,sprayer,Florpyrauxifen-benzyl,Loyant,0.03,kg/ha,0.01,kg/t,2–3 leaves,0.0,0.0,0.0,0.0,0.0,1.0,0.0,0.0,0.0,0.0,0.0,0.0,1.0,4.01,0.46
C1_2023,Telemaco,9.0,5.9,"2,023.00",5.0,31.0,crop_protection,herbicide,sprayer,Florpyrauxifen-benzyl,Loyant,0.03,kg/ha,0.01,kg/t,2–3 leaves,0.0,0.0,0.0,0.0,0.0,1.0,0.0,0.0,0.0,0.0,0.0,0.0,1.0,9.0,0.17
C1_2023,Leonardo,28.4,4.37,"2,023.00",5.0,31.0,crop_protection,herbicide,sprayer,Bispyribac-sodium,Nominee,0.03,kg/ha,0.01,kg/t,Tillering,1.0,0.0,0.0,0.0,0.0,0.0,0.0,0.0,0.0,0.0,0.0,0.0,1.0,28.4,0.23
C1_2023,Telemaco,9.0,5.9,"2,023.00",5.0,31.0,crop_protection,herbicide,sprayer,MCPA,Herbinexa,0.5,kg/ha,0.08,kg/t,Tillering,0.0,0.0,0.0,0.0,0.0,1.0,0.0,0.0,0.0,0.0,0.0,0.0,1.0,9.0,0.17
C1_2023,Telemaco,9.0,5.9,"2,023.00",5.0,31.0,crop_protection,herbicide,sprayer,Bentazone,Baza,0.96,kg/ha,0.16,kg/t,Tillering,0.0,0.0,0.0,1.0,0.0,0.0,0.0,0.0,0.0,0.0,0.0,0.0,1.0,9.0,0.17
C1_2023,PVL136IT,4.1,5.03,"2,023.00",6.0,6.0,crop_protection,herbicide,sprayer,Cycloxydim,Verresta,0.25,kg/ha,0.05,kg/t,2–3 leaves,0.0,0.0,0.0,0.0,0.0,1.0,0.0,0.0,0.0,0.0,0.0,0.0,1.0,4.1,0.2
C1_2023,PVL136IT,4.1,5.03,"2,023.00",6.0,6.0,crop_protection,herbicide,sprayer,Florpyrauxifen-benzyl,Loyant,0.03,kg/ha,0.01,kg/t,2–3 leaves,1.0,0.0,0.0,0.0,0.0,0.0,0.0,0.0,0.0,0.0,0.0,0.0,1.0,4.1,0.2
C1_2023,PVL136IT,4.1,5.03,"2,023.00",6.0,20.0,crop_protection,herbicide,sprayer,Cycloxydim,Verresta,0.25,kg/ha,0.05,kg/t,Tillering,0.0,0.0,0.0,0.0,0.0,1.0,0.0,0.0,0.0,0.0,0.0,0.0,1.0,4.1,0.2
C1_2023,PVL136IT,4.1,5.03,"2,023.00",6.0,20.0,crop_protection,herbicide,sprayer,Florpyrauxifen-benzyl,Loyant,0.03,kg/ha,0.01,kg/t,Tillering,0.0,0.0,0.0,0.0,0.0,1.0,0.0,0.0,0.0,0.0,0.0,0.0,1.0,4.1,0.2
C1_2023,Leonardo,28.4,4.37,"2,023.00",8.0,4.0,crop_protection,pesticide,sprayer,Flonicamid,Afinto,0.12,kg/ha,0.03,kg/t,Panicle emergence (heading),0.0,0.0,0.0,0.0,0.0,0.0,0.0,0.0,1.0,0.0,0.0,0.0,1.0,28.4,0.23
C1_2024,Leonardo,14.21,1.57,"2,024.00",5.0,31.0,crop_protection,herbicide,sprayer,Methyl oleate + methyl palmitate,Dash HC,0.16,kg/ha,0.1,kg/t,2–3 leaves,1.0,0.0,0.0,0.0,0.0,0.0,0.0,0.0,0.0,0.0,0.0,0.0,1.0,14.21,0.64
C1_2024,Ronaldo,8.42,1.46,"2,024.00",5.0,31.0,crop_protection,herbicide,sprayer,Methyl oleate + methyl palmitate,Dash HC,0.16,kg/ha,0.11,kg/t,2–3 leaves,1.0,0.0,0.0,0.0,0.0,0.0,0.0,0.0,0.0,0.0,0.0,0.0,1.0,8.42,0.68
C1_2024,Leonardo,14.21,1.57,"2,024.00",5.0,31.0,crop_protection,herbicide,sprayer,Florpyrauxifen-benzyl,Loyant,0.03,kg/ha,0.02,kg/t,2–3 leaves,0.0,0.0,0.0,0.0,0.0,1.0,0.0,0.0,0.0,0.0,0.0,0.0,1.0,14.21,0.64
C1_2024,Ronaldo,8.42,1.46,"2,024.00",5.0,31.0,crop_protection,herbicide,sprayer,Florpyrauxifen-benzyl,Loyant,0.03,kg/ha,0.02,kg/t,2–3 leaves,0.0,0.0,0.0,0.0,0.0,1.0,0.0,0.0,0.0,0.0,0.0,0.0,1.0,8.42,0.68
C1_2024,PVL136IT,6.31,5.77,"2,024.00",5.0,31.0,crop_protection,herbicide,sprayer,MCPA,Herbinexa,0.5,kg/ha,0.09,kg/t,Tillering,1.0,0.0,0.0,0.0,0.0,0.0,0.0,0.0,0.0,0.0,0.0,0.0,1.0,6.31,0.17
C1_2024,Diva PV,11.84,8.92,"2,024.00",5.0,31.0,crop_protection,herbicide,sprayer,MCPA,Herbinexa,0.5,kg/ha,0.06,kg/t,Tillering,1.0,0.0,0.0,0.0,0.0,0.0,0.0,0.0,0.0,0.0,0.0,0.0,1.0,11.84,0.11
C1_2024,Formula PV,4.73,8.64,"2,024.00",5.0,31.0,crop_protection,herbicide,sprayer,MCPA,Herbinexa,0.5,kg/ha,0.06,kg/t,Tillering,1.0,0.0,0.0,0.0,0.0,0.0,0.0,0.0,0.0,0.0,0.0,0.0,1.0,4.73,0.12
C1_2024,PVL136IT,6.31,5.77,"2,024.00",5.0,31.0,crop_protection,herbicide,sprayer,Bentazone,Baza,0.96,kg/ha,0.17,kg/t,Tillering,1.0,0.0,0.0,0.0,0.0,0.0,0.0,0.0,0.0,0.0,0.0,0.0,1.0,6.31,0.17
C1_2024,Diva PV,11.84,8.92,"2,024.00",5.0,31.0,crop_protection,herbicide,sprayer,Bentazone,Baza,0.96,kg/ha,0.11,kg/t,Tillering,1.0,0.0,0.0,0.0,0.0,0.0,0.0,0.0,0.0,0.0,0.0,0.0,1.0,11.84,0.11
C1_2024,Formula PV,4.73,8.64,"2,024.00",5.0,31.0,crop_protection,herbicide,sprayer,Bentazone,Baza,0.96,kg/ha,0.11,kg/t,Tillering,1.0,0.0,0.0,0.0,0.0,0.0,0.0,0.0,0.0,0.0,0.0,0.0,1.0,4.73,0.12
C1_2024,PVL136IT,6.31,5.77,"2,024.00",6.0,6.0,crop_protection,herbicide,sprayer,Cycloxydim,Verresta,0.25,kg/ha,0.04,kg/t,2–3 leaves,0.0,0.0,0.0,0.0,0.0,1.0,0.0,0.0,0.0,0.0,0.0,0.0,1.0,6.31,0.17
C1_2024,Diva PV,11.84,8.92,"2,024.00",6.0,6.0,crop_protection,herbicide,sprayer,Cycloxydim,Verresta,0.25,kg/ha,0.03,kg/t,2–3 leaves,0.0,0.0,0.0,0.0,0.0,1.0,0.0,0.0,0.0,0.0,0.0,0.0,1.0,11.84,0.11
C1_2024,Formula PV,4.73,8.64,"2,024.00",6.0,6.0,crop_protection,herbicide,sprayer,Cycloxydim,Verresta,0.25,kg/ha,0.03,kg/t,2–3 leaves,0.0,0.0,0.0,0.0,0.0,1.0,0.0,0.0,0.0,0.0,0.0,0.0,1.0,4.73,0.12
C1_2024,PVL136IT,6.31,5.77,"2,024.00",6.0,6.0,crop_protection,herbicide,sprayer,Methyl oleate + methyl palmitate,Dash HC,0.16,kg/ha,0.03,kg/t,2–3 leaves,0.0,0.0,0.0,1.0,0.0,0.0,0.0,0.0,0.0,0.0,0.0,0.0,1.0,6.31,0.17
C1_2024,Diva PV,11.84,8.92,"2,024.00",6.0,6.0,crop_protection,herbicide,sprayer,Methyl oleate + methyl palmitate,Dash HC,0.16,kg/ha,0.02,kg/t,2–3 leaves,0.0,0.0,0.0,1.0,0.0,0.0,0.0,0.0,0.0,0.0,0.0,0.0,1.0,11.84,0.11
C1_2024,Formula PV,4.73,8.64,"2,024.00",6.0,6.0,crop_protection,herbicide,sprayer,Methyl oleate + methyl palmitate,Dash HC,0.16,kg/ha,0.02,kg/t,2–3 leaves,0.0,0.0,0.0,1.0,0.0,0.0,0.0,0.0,0.0,0.0,0.0,0.0,1.0,4.73,0.12
C1_2024,PVL136IT,6.31,5.77,"2,024.00",6.0,6.0,crop_protection,herbicide,sprayer,Florpyrauxifen-benzyl,Loyant,0.03,kg/ha,0.01,kg/t,2–3 leaves,1.0,0.0,0.0,0.0,0.0,0.0,0.0,0.0,0.0,0.0,0.0,0.0,1.0,6.31,0.17
C1_2024,Diva PV,11.84,8.92,"2,024.00",6.0,6.0,crop_protection,herbicide,sprayer,Florpyrauxifen-benzyl,Loyant,0.03,kg/ha,0.0,kg/t,2–3 leaves,1.0,0.0,0.0,0.0,0.0,0.0,0.0,0.0,0.0,0.0,0.0,0.0,1.0,11.84,0.11
C1_2024,Formula PV,4.73,8.64,"2,024.00",6.0,6.0,crop_protection,herbicide,sprayer,Florpyrauxifen-benzyl,Loyant,0.03,kg/ha,0.0,kg/t,2–3 leaves,1.0,0.0,0.0,0.0,0.0,0.0,0.0,0.0,0.0,0.0,0.0,0.0,1.0,4.73,0.12
C1_2024,PVL136IT,6.31,5.77,"2,024.00",6.0,20.0,crop_protection,herbicide,sprayer,Cycloxydim,Verresta,0.25,kg/ha,0.04,kg/t,Tillering,0.0,0.0,0.0,0.0,0.0,1.0,0.0,0.0,0.0,0.0,0.0,0.0,1.0,6.31,0.17
C1_2024,Diva PV,11.84,8.92,"2,024.00",6.0,20.0,crop_protection,herbicide,sprayer,Cycloxydim,Verresta,0.25,kg/ha,0.03,kg/t,Tillering,0.0,0.0,0.0,0.0,0.0,1.0,0.0,0.0,0.0,0.0,0.0,0.0,1.0,11.84,0.11
C1_2024,Formula PV,4.73,8.64,"2,024.00",6.0,20.0,crop_protection,herbicide,sprayer,Cycloxydim,Verresta,0.25,kg/ha,0.03,kg/t,Tillering,0.0,0.0,0.0,0.0,0.0,1.0,0.0,0.0,0.0,0.0,0.0,0.0,1.0,4.73,0.12
C1_2024,PVL136IT,6.31,5.77,"2,024.00",6.0,20.0,crop_protection,herbicide,sprayer,Methyl oleate + methyl palmitate,Dash HC,0.16,kg/ha,0.03,kg/t,Tillering,0.0,0.0,0.0,0.0,0.0,1.0,0.0,0.0,0.0,0.0,0.0,0.0,1.0,6.31,0.17
C1_2024,Diva PV,11.84,8.92,"2,024.00",6.0,20.0,crop_protection,herbicide,sprayer,Methyl oleate + methyl palmitate,Dash HC,0.16,kg/ha,0.02,kg/t,Tillering,0.0,0.0,0.0,0.0,0.0,1.0,0.0,0.0,0.0,0.0,0.0,0.0,1.0,11.84,0.11
C1_2024,Formula PV,4.73,8.64,"2,024.00",6.0,20.0,crop_protection,herbicide,sprayer,Methyl oleate + methyl palmitate,Dash HC,0.16,kg/ha,0.02,kg/t,Tillering,0.0,0.0,0.0,0.0,0.0,1.0,0.0,0.0,0.0,0.0,0.0,0.0,1.0,4.73,0.12
C1_2024,PVL136IT,6.31,5.77,"2,024.00",6.0,20.0,crop_protection,herbicide,sprayer,Florpyrauxifen-benzyl,Loyant,0.03,kg/ha,0.01,kg/t,Tillering,0.0,0.0,0.0,0.0,0.0,1.0,0.0,0.0,0.0,0.0,0.0,0.0,1.0,6.31,0.17
C1_2024,Diva PV,11.84,8.92,"2,024.00",6.0,20.0,crop_protection,herbicide,sprayer,Florpyrauxifen-benzyl,Loyant,0.03,kg/ha,0.0,kg/t,Tillering,0.0,0.0,0.0,0.0,0.0,1.0,0.0,0.0,0.0,0.0,0.0,0.0,1.0,11.84,0.11
C1_2024,Formula PV,4.73,8.64,"2,024.00",6.0,20.0,crop_protection,herbicide,sprayer,Florpyrauxifen-benzyl,Loyant,0.03,kg/ha,0.0,kg/t,Tillering,0.0,0.0,0.0,0.0,0.0,1.0,0.0,0.0,0.0,0.0,0.0,0.0,1.0,4.73,0.12
C1_2024,Leonardo,14.21,1.57,"2,024.00",7.0,2.0,crop_protection,fungicide,sprayer,Trifloxystrobin,Flint,0.25,kg/ha,0.16,kg/t,Start of heading,0.0,0.0,1.0,0.0,0.0,0.0,0.0,0.0,0.0,0.0,0.0,0.0,1.0,14.21,0.64
C2_2022,Ronaldo,34.06,5.46,"2,022.00",4.0,5.0,crop_protection,herbicide,sprayer,Glyphosate,Montana,1.08,kg/ha,0.2,kg/t,Pre-sowing,0.0,0.0,0.0,0.0,0.0,0.0,1.0,0.0,0.0,0.0,0.0,0.0,1.0,34.06,0.18
C2_2022,Gládio,75.37,7.7,"2,022.00",4.0,5.0,crop_protection,herbicide,sprayer,Glyphosate,Montana,1.08,kg/ha,0.14,kg/t,Pre-sowing,0.0,0.0,0.0,0.0,0.0,0.0,1.0,0.0,0.0,0.0,0.0,0.0,1.0,75.37,0.13
C2_2022,Selénio,1.95,5.93,"2,022.00",4.0,5.0,crop_protection,herbicide,sprayer,Glyphosate,Montana,1.08,kg/ha,0.18,kg/t,Pre-sowing,0.0,0.0,0.0,0.0,0.0,0.0,1.0,0.0,0.0,0.0,0.0,0.0,1.0,1.95,0.17
C2_2022,Ronaldo,34.06,5.46,"2,022.00",6.0,5.0,crop_protection,herbicide,sprayer,Profoxydim,Aura,0.15,kg/ha,0.03,kg/t,2–3 leaves,1.0,0.0,0.0,0.0,0.0,1.0,0.0,0.0,0.0,0.0,0.0,1.0,1.0,34.06,0.18
C2_2022,Gládio,75.37,7.7,"2,022.00",6.0,5.0,crop_protection,herbicide,sprayer,Profoxydim,Aura,0.15,kg/ha,0.02,kg/t,2–3 leaves,1.0,0.0,0.0,0.0,0.0,1.0,0.0,0.0,0.0,0.0,0.0,1.0,1.0,75.37,0.13
C2_2022,Selénio,1.95,5.93,"2,022.00",6.0,5.0,crop_protection,herbicide,sprayer,Profoxydim,Aura,0.15,kg/ha,0.03,kg/t,2–3 leaves,1.0,0.0,0.0,0.0,0.0,1.0,0.0,0.0,0.0,0.0,0.0,1.0,1.0,1.95,0.17
C2_2022,Ronaldo,34.06,5.46,"2,022.00",6.0,5.0,crop_protection,herbicide,sprayer,Florpyrauxifen-benzyl,Loyant,0.03,kg/ha,0.01,kg/t,2–3 leaves,1.0,0.0,0.0,0.0,0.0,1.0,0.0,0.0,0.0,0.0,0.0,1.0,1.0,34.06,0.18
C2_2022,Gládio,75.37,7.7,"2,022.00",6.0,5.0,crop_protection,herbicide,sprayer,Florpyrauxifen-benzyl,Loyant,0.03,kg/ha,0.0,kg/t,2–3 leaves,1.0,0.0,0.0,0.0,0.0,1.0,0.0,0.0,0.0,0.0,0.0,1.0,1.0,75.37,0.13
C2_2022,Selénio,1.95,5.93,"2,022.00",6.0,5.0,crop_protection,herbicide,sprayer,Florpyrauxifen-benzyl,Loyant,0.03,kg/ha,0.01,kg/t,2–3 leaves,1.0,0.0,0.0,0.0,0.0,1.0,0.0,0.0,0.0,0.0,0.0,1.0,1.0,1.95,0.17
C2_2022,Ronaldo,34.06,5.46,"2,022.00",6.0,5.0,crop_protection,herbicide,sprayer,Methyl oleate + methyl palmitate,Dash HC,0.16,kg/ha,0.03,kg/t,2–3 leaves,1.0,0.0,0.0,0.0,0.0,1.0,0.0,0.0,0.0,0.0,0.0,1.0,1.0,34.06,0.18
C2_2022,Gládio,75.37,7.7,"2,022.00",6.0,5.0,crop_protection,herbicide,sprayer,Methyl oleate + methyl palmitate,Dash HC,0.16,kg/ha,0.02,kg/t,2–3 leaves,1.0,0.0,0.0,0.0,0.0,1.0,0.0,0.0,0.0,0.0,0.0,1.0,1.0,75.37,0.13
C2_2022,Selénio,1.95,5.93,"2,022.00",6.0,5.0,crop_protection,herbicide,sprayer,Methyl oleate + methyl palmitate,Dash HC,0.16,kg/ha,0.03,kg/t,2–3 leaves,1.0,0.0,0.0,0.0,0.0,1.0,0.0,0.0,0.0,0.0,0.0,1.0,1.0,1.95,0.17
C2_2022,Gládio,5.0,7.7,"2,022.00",6.0,5.0,crop_protection,herbicide,sprayer,Bentazone,Benta,0.96,kg/ha,0.12,kg/t,2–3 leaves,1.0,0.0,0.0,0.0,0.0,1.0,0.0,0.0,0.0,0.0,0.0,1.0,1.0,5.0,0.13
C2_2022,Gládio,20.0,7.7,"2,022.00",6.0,28.0,crop_protection,pesticide,sprayer,Flonicamid,Teppeki,0.12,kg/ha,0.02,kg/t,Tillering,0.0,0.0,0.0,0.0,0.0,0.0,0.0,1.0,1.0,0.0,0.0,0.0,1.0,20.0,0.13
C2_2023,Ronaldo,45.5,13.83,"2,023.00",5.0,15.0,crop_protection,herbicide,sprayer,Benzobicyclon,Avanza,0.3,kg/ha,0.02,kg/t,Pre-emergence,0.0,0.0,0.0,0.0,0.0,0.0,1.0,0.0,0.0,0.0,0.0,0.0,1.0,45.5,0.07
C2_2023,Ronaldo,28.0,13.83,"2,023.00",6.0,12.0,crop_protection,herbicide,sprayer,Sodium lauryl ether diglycol sulfate,Biopower,0.14,kg/ha,0.01,kg/t,2–3 leaves,0.0,0.0,0.0,0.0,0.0,0.0,1.0,0.0,0.0,0.0,0.0,0.0,1.0,28.0,0.07
C2_2023,Ronaldo,45.5,13.83,"2,023.00",6.0,12.0,crop_protection,herbicide,sprayer,Bispyribac-sodium,Nominee,0.03,kg/ha,0.0,kg/t,2–3 leaves,1.0,0.0,0.0,0.0,0.0,0.0,0.0,0.0,0.0,0.0,0.0,0.0,1.0,45.5,0.07
C2_2023,Ronaldo,45.5,13.83,"2,023.00",6.0,12.0,crop_protection,herbicide,sprayer,Florpyrauxifen-benzyl,Loyant,0.03,kg/ha,0.0,kg/t,2–3 leaves,0.0,0.0,0.0,0.0,0.0,1.0,0.0,0.0,0.0,0.0,0.0,0.0,1.0,45.5,0.07
C2_2023,Selénio,2.22,6.08,"2,023.00",6.0,16.0,crop_protection,herbicide,sprayer,Methyl oleate + methyl palmitate,Dash HC,0.16,kg/ha,0.03,kg/t,2–3 leaves,1.0,0.0,0.0,0.0,0.0,0.0,0.0,0.0,0.0,0.0,0.0,0.0,1.0,2.22,0.16
C2_2023,Ronaldo,45.5,13.83,"2,023.00",6.0,16.0,crop_protection,herbicide,sprayer,Methyl oleate + methyl palmitate,Dash HC,0.16,kg/ha,0.01,kg/t,2–3 leaves,1.0,0.0,0.0,0.0,0.0,0.0,0.0,0.0,0.0,0.0,0.0,0.0,1.0,45.5,0.07
C2_2023,Leonardo,67.49,5.34,"2,023.00",6.0,16.0,crop_protection,herbicide,sprayer,Methyl oleate + methyl palmitate,Dash HC,0.16,kg/ha,0.03,kg/t,2–3 leaves,1.0,0.0,0.0,0.0,0.0,0.0,0.0,0.0,0.0,0.0,0.0,0.0,1.0,67.49,0.19
C2_2023,Selénio,2.22,6.08,"2,023.00",6.0,16.0,crop_protection,herbicide,sprayer,Profoxydim,Aura,0.15,kg/ha,0.02,kg/t,2–3 leaves,1.0,0.0,0.0,1.0,0.0,0.0,0.0,0.0,0.0,0.0,0.0,0.0,1.0,2.22,0.16
C2_2023,Ronaldo,45.5,13.83,"2,023.00",6.0,16.0,crop_protection,herbicide,sprayer,Profoxydim,Aura,0.15,kg/ha,0.01,kg/t,2–3 leaves,1.0,0.0,0.0,1.0,0.0,0.0,0.0,0.0,0.0,0.0,0.0,0.0,1.0,45.5,0.07
C2_2023,Leonardo,67.49,5.34,"2,023.00",6.0,16.0,crop_protection,herbicide,sprayer,Profoxydim,Aura,0.15,kg/ha,0.03,kg/t,2–3 leaves,1.0,0.0,0.0,1.0,0.0,0.0,0.0,0.0,0.0,0.0,0.0,0.0,1.0,67.49,0.19
C2_2023,Selénio,2.22,6.08,"2,023.00",6.0,16.0,crop_protection,herbicide,sprayer,Florpyrauxifen-benzyl,Loyant,0.03,kg/ha,0.0,kg/t,2–3 leaves,0.0,0.0,0.0,0.0,0.0,1.0,0.0,0.0,0.0,0.0,0.0,0.0,1.0,2.22,0.16
C2_2023,Ronaldo,45.5,13.83,"2,023.00",6.0,16.0,crop_protection,herbicide,sprayer,Florpyrauxifen-benzyl,Loyant,0.03,kg/ha,0.0,kg/t,2–3 leaves,0.0,0.0,0.0,0.0,0.0,1.0,0.0,0.0,0.0,0.0,0.0,0.0,1.0,45.5,0.07
C2_2023,Leonardo,67.49,5.34,"2,023.00",6.0,16.0,crop_protection,herbicide,sprayer,Florpyrauxifen-benzyl,Loyant,0.03,kg/ha,0.01,kg/t,2–3 leaves,0.0,0.0,0.0,0.0,0.0,1.0,0.0,0.0,0.0,0.0,0.0,0.0,1.0,67.49,0.19
C2_2023,Leonardo,67.49,5.34,"2,023.00",8.0,12.0,crop_protection,pesticide,sprayer,Flonicamid,Afinto,0.12,kg/ha,0.02,kg/t,Panicle emergence (heading),0.0,0.0,0.0,0.0,0.0,0.0,0.0,0.0,1.0,0.0,0.0,0.0,1.0,67.49,0.19
C2_2024,Ibérico,15.62,7.39,"2,024.00",6.0,12.0,crop_protection,herbicide,sprayer,Methyl oleate + methyl palmitate,Dash HC,0.16,kg/ha,0.02,kg/t,2–3 leaves,0.0,0.0,0.0,0.0,0.0,0.0,1.0,0.0,0.0,0.0,0.0,0.0,1.0,15.62,0.14
C2_2024,Leonardo,4.4,7.39,"2,024.00",6.0,12.0,crop_protection,herbicide,sprayer,Methyl oleate + methyl palmitate,Dash HC,0.16,kg/ha,0.02,kg/t,2–3 leaves,0.0,0.0,0.0,0.0,0.0,0.0,1.0,0.0,0.0,0.0,0.0,0.0,1.0,4.4,0.14
C2_2024,Ronaldo,90.7,7.39,"2,024.00",6.0,12.0,crop_protection,herbicide,sprayer,Methyl oleate + methyl palmitate,Dash HC,0.16,kg/ha,0.02,kg/t,2–3 leaves,0.0,0.0,0.0,0.0,0.0,0.0,1.0,0.0,0.0,0.0,0.0,0.0,1.0,90.7,0.14
C2_2024,Selénio,2.5,7.39,"2,024.00",6.0,12.0,crop_protection,herbicide,sprayer,Methyl oleate + methyl palmitate,Dash HC,0.16,kg/ha,0.02,kg/t,2–3 leaves,0.0,0.0,0.0,0.0,0.0,0.0,1.0,0.0,0.0,0.0,0.0,0.0,1.0,2.5,0.14
C2_2024,Ibérico,15.62,7.39,"2,024.00",6.0,12.0,crop_protection,herbicide,sprayer,Profoxydim,Aura,0.15,kg/ha,0.02,kg/t,2–3 leaves,1.0,0.0,0.0,0.0,0.0,0.0,1.0,0.0,0.0,0.0,0.0,0.0,1.0,15.62,0.14
C2_2024,Leonardo,4.4,7.39,"2,024.00",6.0,12.0,crop_protection,herbicide,sprayer,Profoxydim,Aura,0.15,kg/ha,0.02,kg/t,2–3 leaves,1.0,0.0,0.0,0.0,0.0,0.0,1.0,0.0,0.0,0.0,0.0,0.0,1.0,4.4,0.14
C2_2024,Ronaldo,90.7,7.39,"2,024.00",6.0,12.0,crop_protection,herbicide,sprayer,Profoxydim,Aura,0.15,kg/ha,0.02,kg/t,2–3 leaves,1.0,0.0,0.0,0.0,0.0,0.0,1.0,0.0,0.0,0.0,0.0,0.0,1.0,90.7,0.14
C2_2024,Selénio,2.5,7.39,"2,024.00",6.0,12.0,crop_protection,herbicide,sprayer,Profoxydim,Aura,0.15,kg/ha,0.02,kg/t,2–3 leaves,1.0,0.0,0.0,0.0,0.0,0.0,1.0,0.0,0.0,0.0,0.0,0.0,1.0,2.5,0.14
C2_2024,Ibérico,15.62,7.39,"2,024.00",6.0,12.0,crop_protection,herbicide,sprayer,Florpyrauxifen-benzyl,Loyant,0.03,kg/ha,0.0,kg/t,2–3 leaves,0.0,0.0,0.0,0.0,0.0,1.0,1.0,0.0,0.0,0.0,0.0,0.0,1.0,15.62,0.14
C2_2024,Leonardo,4.4,7.39,"2,024.00",6.0,12.0,crop_protection,herbicide,sprayer,Florpyrauxifen-benzyl,Loyant,0.03,kg/ha,0.0,kg/t,2–3 leaves,0.0,0.0,0.0,0.0,0.0,1.0,1.0,0.0,0.0,0.0,0.0,0.0,1.0,4.4,0.14
C2_2024,Ronaldo,90.7,7.39,"2,024.00",6.0,12.0,crop_protection,herbicide,sprayer,Florpyrauxifen-benzyl,Loyant,0.03,kg/ha,0.0,kg/t,2–3 leaves,0.0,0.0,0.0,0.0,0.0,1.0,1.0,0.0,0.0,0.0,0.0,0.0,1.0,90.7,0.14
C2_2024,Selénio,2.5,7.39,"2,024.00",6.0,12.0,crop_protection,herbicide,sprayer,Florpyrauxifen-benzyl,Loyant,0.03,kg/ha,0.0,kg/t,2–3 leaves,0.0,0.0,0.0,0.0,0.0,1.0,1.0,0.0,0.0,0.0,0.0,0.0,1.0,2.5,0.14
C2_2024,Formula PV,7.5,7.39,"2,024.00",6.0,16.0,crop_protection,herbicide,sprayer,Methyl oleate + methyl palmitate,Dash HC,0.16,kg/ha,0.02,kg/t,2–3 leaves,1.0,0.0,0.0,0.0,0.0,0.0,1.0,0.0,0.0,0.0,0.0,0.0,1.0,7.5,0.14
C2_2024,Formula PV,7.5,7.39,"2,024.00",6.0,16.0,crop_protection,herbicide,sprayer,Cycloxydim,Verresta,0.25,kg/ha,0.03,kg/t,2–3 leaves,1.0,0.0,0.0,1.0,0.0,0.0,1.0,0.0,0.0,0.0,0.0,0.0,1.0,7.5,0.14
C2_2024,Formula PV,7.5,7.39,"2,024.00",6.0,16.0,crop_protection,herbicide,sprayer,Florpyrauxifen-benzyl,Loyant,0.03,kg/ha,0.0,kg/t,2–3 leaves,0.0,0.0,0.0,0.0,0.0,1.0,1.0,0.0,0.0,0.0,0.0,0.0,1.0,7.5,0.14
C2_2024,Formula PV,7.5,7.39,"2,024.00",7.0,3.0,crop_protection,herbicide,sprayer,Methyl oleate + methyl palmitate,Dash HC,0.16,kg/ha,0.02,kg/t,2–3 leaves,1.0,0.0,0.0,0.0,0.0,0.0,1.0,0.0,0.0,0.0,0.0,0.0,1.0,7.5,0.14
C2_2024,Formula PV,7.5,7.39,"2,024.00",7.0,3.0,crop_protection,herbicide,sprayer,Cycloxydim,Verresta,0.25,kg/ha,0.03,kg/t,2–3 leaves,1.0,0.0,0.0,1.0,0.0,0.0,1.0,0.0,0.0,0.0,0.0,0.0,1.0,7.5,0.14
C2_2024,Formula PV,7.5,7.39,"2,024.00",7.0,3.0,crop_protection,herbicide,sprayer,Florpyrauxifen-benzyl,Loyant,0.03,kg/ha,0.0,kg/t,2–3 leaves,0.0,0.0,0.0,0.0,0.0,1.0,1.0,0.0,0.0,0.0,0.0,0.0,1.0,7.5,0.14
C3_2022,Sprint,26.31,4.99,"2,022.00",6.0,15.0,crop_protection,herbicide,sprayer,Profoxydim,Aura,0.15,kg/ha,0.03,kg/t,2–3 leaves,1.0,0.0,0.0,1.0,0.0,0.0,1.0,0.0,0.0,0.0,0.0,0.0,1.0,26.31,0.2
C3_2022,Telemaco,36.57,2.36,"2,022.00",6.0,15.0,crop_protection,herbicide,sprayer,Profoxydim,Aura,0.15,kg/ha,0.06,kg/t,2–3 leaves,1.0,0.0,0.0,1.0,0.0,0.0,1.0,0.0,0.0,0.0,0.0,0.0,1.0,36.57,0.42
C3_2022,Selénio,27.89,6.36,"2,022.00",6.0,15.0,crop_protection,herbicide,sprayer,Profoxydim,Aura,0.15,kg/ha,0.02,kg/t,2–3 leaves,1.0,0.0,0.0,1.0,0.0,0.0,1.0,0.0,0.0,0.0,0.0,0.0,1.0,27.89,0.16
C3_2022,JSendra,23.77,4.26,"2,022.00",6.0,15.0,crop_protection,herbicide,sprayer,Profoxydim,Aura,0.15,kg/ha,0.04,kg/t,2–3 leaves,1.0,0.0,0.0,1.0,0.0,0.0,1.0,0.0,0.0,0.0,0.0,0.0,1.0,23.77,0.23
C3_2022,Sprint,26.31,4.99,"2,022.00",6.0,15.0,crop_protection,herbicide,sprayer,Methyl oleate + methyl palmitate,Dash HC,0.16,kg/ha,0.03,kg/t,2–3 leaves,1.0,0.0,0.0,1.0,0.0,0.0,1.0,0.0,0.0,0.0,0.0,0.0,1.0,26.31,0.2
C3_2022,Telemaco,36.57,2.36,"2,022.00",6.0,15.0,crop_protection,herbicide,sprayer,Methyl oleate + methyl palmitate,Dash HC,0.16,kg/ha,0.07,kg/t,2–3 leaves,1.0,0.0,0.0,1.0,0.0,0.0,1.0,0.0,0.0,0.0,0.0,0.0,1.0,36.57,0.42
C3_2022,Selénio,27.89,6.36,"2,022.00",6.0,15.0,crop_protection,herbicide,sprayer,Methyl oleate + methyl palmitate,Dash HC,0.16,kg/ha,0.02,kg/t,2–3 leaves,1.0,0.0,0.0,1.0,0.0,0.0,1.0,0.0,0.0,0.0,0.0,0.0,1.0,27.89,0.16
C3_2022,JSendra,23.77,4.26,"2,022.00",6.0,15.0,crop_protection,herbicide,sprayer,Methyl oleate + methyl palmitate,Dash HC,0.16,kg/ha,0.04,kg/t,2–3 leaves,1.0,0.0,0.0,1.0,0.0,0.0,1.0,0.0,0.0,0.0,0.0,0.0,1.0,23.77,0.23
C3_2022,Sprint,26.31,4.99,"2,022.00",6.0,15.0,crop_protection,herbicide,sprayer,Florpyrauxifen-benzyl,Loyant,0.03,kg/ha,0.01,kg/t,2–3 leaves,0.0,0.0,0.0,0.0,0.0,1.0,1.0,0.0,0.0,0.0,0.0,0.0,1.0,26.31,0.2
C3_2022,Telemaco,36.57,2.36,"2,022.00",6.0,15.0,crop_protection,herbicide,sprayer,Florpyrauxifen-benzyl,Loyant,0.03,kg/ha,0.01,kg/t,2–3 leaves,0.0,0.0,0.0,0.0,0.0,1.0,1.0,0.0,0.0,0.0,0.0,0.0,1.0,36.57,0.42
C3_2022,Selénio,27.89,6.36,"2,022.00",6.0,15.0,crop_protection,herbicide,sprayer,Florpyrauxifen-benzyl,Loyant,0.03,kg/ha,0.0,kg/t,2–3 leaves,0.0,0.0,0.0,0.0,0.0,1.0,1.0,0.0,0.0,0.0,0.0,0.0,1.0,27.89,0.16
C3_2022,JSendra,23.77,4.26,"2,022.00",6.0,15.0,crop_protection,herbicide,sprayer,Florpyrauxifen-benzyl,Loyant,0.03,kg/ha,0.01,kg/t,2–3 leaves,0.0,0.0,0.0,0.0,0.0,1.0,1.0,0.0,0.0,0.0,0.0,0.0,1.0,23.77,0.23
C3_2022,Sprint,4.6,4.99,"2,022.00",6.0,22.0,crop_protection,herbicide,sprayer,Bispyribac-sodium,Nominee,0.03,kg/ha,0.01,kg/t,2–3 leaves,1.0,0.0,0.0,0.0,0.0,0.0,1.0,0.0,0.0,0.0,0.0,0.0,1.0,4.6,0.2
C3_2022,Telemaco,6.4,2.36,"2,022.00",6.0,22.0,crop_protection,herbicide,sprayer,Bispyribac-sodium,Nominee,0.03,kg/ha,0.01,kg/t,2–3 leaves,1.0,0.0,0.0,0.0,0.0,0.0,1.0,0.0,0.0,0.0,0.0,0.0,1.0,6.4,0.42
C3_2022,Selénio,4.9,6.36,"2,022.00",6.0,22.0,crop_protection,herbicide,sprayer,Bispyribac-sodium,Nominee,0.03,kg/ha,0.0,kg/t,2–3 leaves,1.0,0.0,0.0,0.0,0.0,0.0,1.0,0.0,0.0,0.0,0.0,0.0,1.0,4.9,0.16
C3_2022,JSendra,4.1,4.26,"2,022.00",6.0,22.0,crop_protection,herbicide,sprayer,Bispyribac-sodium,Nominee,0.03,kg/ha,0.01,kg/t,2–3 leaves,1.0,0.0,0.0,0.0,0.0,0.0,1.0,0.0,0.0,0.0,0.0,0.0,1.0,4.1,0.23
C3_2022,Sprint,1.8,4.99,"2,022.00",6.0,22.0,crop_protection,herbicide,sprayer,Azimsulfuron,Gulliver,0.04,kg/ha,0.01,kg/t,2–3 leaves,0.0,0.0,0.0,0.0,0.0,1.0,1.0,0.0,0.0,0.0,0.0,0.0,1.0,1.8,0.2
C3_2022,Telemaco,2.6,2.36,"2,022.00",6.0,22.0,crop_protection,herbicide,sprayer,Azimsulfuron,Gulliver,0.04,kg/ha,0.02,kg/t,2–3 leaves,0.0,0.0,0.0,0.0,0.0,1.0,1.0,0.0,0.0,0.0,0.0,0.0,1.0,2.6,0.42
C3_2022,Selénio,1.9,6.36,"2,022.00",6.0,22.0,crop_protection,herbicide,sprayer,Azimsulfuron,Gulliver,0.04,kg/ha,0.01,kg/t,2–3 leaves,0.0,0.0,0.0,0.0,0.0,1.0,1.0,0.0,0.0,0.0,0.0,0.0,1.0,1.9,0.16
C3_2022,JSendra,1.7,4.26,"2,022.00",6.0,22.0,crop_protection,herbicide,sprayer,Azimsulfuron,Gulliver,0.04,kg/ha,0.01,kg/t,2–3 leaves,0.0,0.0,0.0,0.0,0.0,1.0,1.0,0.0,0.0,0.0,0.0,0.0,1.0,1.7,0.23
C3_2022,Sprint,6.9,4.99,"2,022.00",7.0,1.0,crop_protection,herbicide,sprayer,MCPA,Herbinexa,0.5,kg/ha,0.1,kg/t,2–3 leaves,0.0,0.0,0.0,0.0,0.0,1.0,1.0,0.0,0.0,0.0,0.0,0.0,1.0,6.9,0.2
C3_2022,Telemaco,9.6,2.36,"2,022.00",7.0,1.0,crop_protection,herbicide,sprayer,MCPA,Herbinexa,0.5,kg/ha,0.21,kg/t,2–3 leaves,0.0,0.0,0.0,0.0,0.0,1.0,1.0,0.0,0.0,0.0,0.0,0.0,1.0,9.6,0.42
C3_2022,Selénio,7.3,6.36,"2,022.00",7.0,1.0,crop_protection,herbicide,sprayer,MCPA,Herbinexa,0.5,kg/ha,0.08,kg/t,2–3 leaves,0.0,0.0,0.0,0.0,0.0,1.0,1.0,0.0,0.0,0.0,0.0,0.0,1.0,7.3,0.16
C3_2022,JSendra,6.2,4.26,"2,022.00",7.0,1.0,crop_protection,herbicide,sprayer,MCPA,Herbinexa,0.5,kg/ha,0.12,kg/t,2–3 leaves,0.0,0.0,0.0,0.0,0.0,1.0,1.0,0.0,0.0,0.0,0.0,0.0,1.0,6.2,0.23
C3_2022,Sprint,26.31,4.99,"2,022.00",7.0,1.0,crop_protection,herbicide,sprayer,Bentazone,Baza,0.96,kg/ha,0.19,kg/t,2–3 leaves,0.0,0.0,0.0,0.0,0.0,1.0,1.0,0.0,0.0,0.0,0.0,0.0,1.0,26.31,0.2
C3_2022,Telemaco,36.57,2.36,"2,022.00",7.0,1.0,crop_protection,herbicide,sprayer,Bentazone,Baza,0.96,kg/ha,0.41,kg/t,2–3 leaves,0.0,0.0,0.0,0.0,0.0,1.0,1.0,0.0,0.0,0.0,0.0,0.0,1.0,36.57,0.42
C3_2022,Selénio,27.89,6.36,"2,022.00",7.0,1.0,crop_protection,herbicide,sprayer,Bentazone,Baza,0.96,kg/ha,0.15,kg/t,2–3 leaves,0.0,0.0,0.0,0.0,0.0,1.0,1.0,0.0,0.0,0.0,0.0,0.0,1.0,27.89,0.16
C3_2022,JSendra,23.77,4.26,"2,022.00",7.0,1.0,crop_protection,herbicide,sprayer,Bentazone,Baza,0.96,kg/ha,0.23,kg/t,2–3 leaves,0.0,0.0,0.0,0.0,0.0,1.0,1.0,0.0,0.0,0.0,0.0,0.0,1.0,23.77,0.23
C3_2023,Selénio,4.5,4.07,"2,023.00",6.0,12.0,crop_protection,herbicide,sprayer,Sodium lauryl ether diglycol sulfate,Biopower,0.14,kg/ha,0.03,kg/t,2–3 leaves,0.0,0.0,0.0,0.0,0.0,0.0,1.0,0.0,0.0,0.0,0.0,0.0,1.0,4.5,0.25
C3_2023,Telemaco,4.5,3.88,"2,023.00",6.0,12.0,crop_protection,herbicide,sprayer,Sodium lauryl ether diglycol sulfate,Biopower,0.14,kg/ha,0.04,kg/t,2–3 leaves,0.0,0.0,0.0,0.0,0.0,0.0,1.0,0.0,0.0,0.0,0.0,0.0,1.0,4.5,0.26
C3_2023,Selénio,38.96,4.07,"2,023.00",6.0,12.0,crop_protection,herbicide,sprayer,Bispyribac-sodium,Nominee,0.03,kg/ha,0.01,kg/t,2–3 leaves,1.0,0.0,0.0,0.0,0.0,0.0,1.0,0.0,0.0,0.0,0.0,0.0,1.0,38.96,0.25
C3_2023,Telemaco,38.89,3.88,"2,023.00",6.0,12.0,crop_protection,herbicide,sprayer,Bispyribac-sodium,Nominee,0.03,kg/ha,0.01,kg/t,2–3 leaves,1.0,0.0,0.0,0.0,0.0,0.0,1.0,0.0,0.0,0.0,0.0,0.0,1.0,38.89,0.26
C3_2023,Leonardo,34.38,9.61,"2,023.00",6.0,12.0,crop_protection,herbicide,sprayer,Bispyribac-sodium,Nominee,0.03,kg/ha,0.0,kg/t,2–3 leaves,1.0,0.0,0.0,0.0,0.0,0.0,1.0,0.0,0.0,0.0,0.0,0.0,1.0,34.38,0.1
C3_2023,Selénio,38.96,4.07,"2,023.00",6.0,12.0,crop_protection,herbicide,sprayer,Florpyrauxifen-benzyl,Loyant,0.03,kg/ha,0.01,kg/t,2–3 leaves,0.0,0.0,0.0,0.0,0.0,1.0,1.0,0.0,0.0,0.0,0.0,0.0,1.0,38.96,0.25
C3_2023,Telemaco,38.89,3.88,"2,023.00",6.0,12.0,crop_protection,herbicide,sprayer,Florpyrauxifen-benzyl,Loyant,0.03,kg/ha,0.01,kg/t,2–3 leaves,0.0,0.0,0.0,0.0,0.0,1.0,1.0,0.0,0.0,0.0,0.0,0.0,1.0,38.89,0.26
C3_2023,Leonardo,34.38,9.61,"2,023.00",6.0,12.0,crop_protection,herbicide,sprayer,Florpyrauxifen-benzyl,Loyant,0.03,kg/ha,0.0,kg/t,2–3 leaves,0.0,0.0,0.0,0.0,0.0,1.0,1.0,0.0,0.0,0.0,0.0,0.0,1.0,34.38,0.1
C3_2023,Selénio,38.96,4.07,"2,023.00",6.0,16.0,crop_protection,herbicide,sprayer,Methyl oleate + methyl palmitate,Dash HC,0.16,kg/ha,0.04,kg/t,2–3 leaves,1.0,0.0,0.0,0.0,0.0,0.0,1.0,0.0,0.0,0.0,0.0,0.0,1.0,38.96,0.25
C3_2023,Telemaco,38.89,3.88,"2,023.00",6.0,16.0,crop_protection,herbicide,sprayer,Methyl oleate + methyl palmitate,Dash HC,0.16,kg/ha,0.04,kg/t,2–3 leaves,1.0,0.0,0.0,0.0,0.0,0.0,1.0,0.0,0.0,0.0,0.0,0.0,1.0,38.89,0.26
C3_2023,Leonardo,34.38,9.61,"2,023.00",6.0,16.0,crop_protection,herbicide,sprayer,Methyl oleate + methyl palmitate,Dash HC,0.16,kg/ha,0.02,kg/t,2–3 leaves,1.0,0.0,0.0,0.0,0.0,0.0,1.0,0.0,0.0,0.0,0.0,0.0,1.0,34.38,0.1
C3_2023,Selénio,38.96,4.07,"2,023.00",6.0,16.0,crop_protection,herbicide,sprayer,Profoxydim,Aura,0.15,kg/ha,0.04,kg/t,2–3 leaves,1.0,0.0,0.0,1.0,0.0,0.0,1.0,0.0,0.0,0.0,0.0,0.0,1.0,38.96,0.25
C3_2023,Telemaco,38.89,3.88,"2,023.00",6.0,16.0,crop_protection,herbicide,sprayer,Profoxydim,Aura,0.15,kg/ha,0.04,kg/t,2–3 leaves,1.0,0.0,0.0,1.0,0.0,0.0,1.0,0.0,0.0,0.0,0.0,0.0,1.0,38.89,0.26
C3_2023,Leonardo,34.38,9.61,"2,023.00",6.0,16.0,crop_protection,herbicide,sprayer,Profoxydim,Aura,0.15,kg/ha,0.02,kg/t,2–3 leaves,1.0,0.0,0.0,1.0,0.0,0.0,1.0,0.0,0.0,0.0,0.0,0.0,1.0,34.38,0.1
C3_2023,Selénio,38.96,4.07,"2,023.00",6.0,16.0,crop_protection,herbicide,sprayer,Florpyrauxifen-benzyl,Loyant,0.03,kg/ha,0.01,kg/t,2–3 leaves,0.0,0.0,0.0,0.0,0.0,1.0,1.0,0.0,0.0,0.0,0.0,0.0,1.0,38.96,0.25
C3_2023,Telemaco,38.89,3.88,"2,023.00",6.0,16.0,crop_protection,herbicide,sprayer,Florpyrauxifen-benzyl,Loyant,0.03,kg/ha,0.01,kg/t,2–3 leaves,0.0,0.0,0.0,0.0,0.0,1.0,1.0,0.0,0.0,0.0,0.0,0.0,1.0,38.89,0.26
C3_2023,Leonardo,34.38,9.61,"2,023.00",6.0,16.0,crop_protection,herbicide,sprayer,Florpyrauxifen-benzyl,Loyant,0.03,kg/ha,0.0,kg/t,2–3 leaves,0.0,0.0,0.0,0.0,0.0,1.0,1.0,0.0,0.0,0.0,0.0,0.0,1.0,34.38,0.1
C3_2023,Selénio,38.96,4.07,"2,023.00",8.0,1.0,crop_protection,pesticide,sprayer,Flonicamid,Afinto,0.12,kg/ha,0.03,kg/t,Panicle emergence (heading),0.0,0.0,0.0,0.0,0.0,0.0,0.0,0.0,1.0,0.0,0.0,0.0,1.0,38.96,0.25
C3_2024,Selénio,20.0,3.81,"2,024.00",6.0,12.0,crop_protection,herbicide,sprayer,Methyl oleate + methyl palmitate,Dash HC,0.16,kg/ha,0.04,kg/t,2–3 leaves,0.0,0.0,0.0,0.0,0.0,0.0,1.0,0.0,0.0,0.0,0.0,0.0,1.0,20.0,0.26
C3_2024,Sintra,39.21,4.54,"2,024.00",6.0,12.0,crop_protection,herbicide,sprayer,Methyl oleate + methyl palmitate,Dash HC,0.16,kg/ha,0.03,kg/t,2–3 leaves,0.0,0.0,0.0,0.0,0.0,0.0,1.0,0.0,0.0,0.0,0.0,0.0,1.0,39.21,0.22
C3_2024,Ronaldo,5.52,7.9,"2,024.00",6.0,12.0,crop_protection,herbicide,sprayer,Methyl oleate + methyl palmitate,Dash HC,0.16,kg/ha,0.02,kg/t,2–3 leaves,0.0,0.0,0.0,0.0,0.0,0.0,1.0,0.0,0.0,0.0,0.0,0.0,1.0,5.52,0.13
C3_2024,JSendra,23.77,2.73,"2,024.00",6.0,12.0,crop_protection,herbicide,sprayer,Methyl oleate + methyl palmitate,Dash HC,0.16,kg/ha,0.06,kg/t,2–3 leaves,0.0,0.0,0.0,0.0,0.0,0.0,1.0,0.0,0.0,0.0,0.0,0.0,1.0,23.77,0.37
C3_2024,Selénio,20.0,3.81,"2,024.00",6.0,12.0,crop_protection,herbicide,sprayer,Profoxydim,Aura,0.15,kg/ha,0.04,kg/t,2–3 leaves,1.0,0.0,0.0,0.0,0.0,0.0,1.0,0.0,0.0,0.0,0.0,0.0,1.0,20.0,0.26
C3_2024,Sintra,39.21,4.54,"2,024.00",6.0,12.0,crop_protection,herbicide,sprayer,Profoxydim,Aura,0.15,kg/ha,0.03,kg/t,2–3 leaves,1.0,0.0,0.0,0.0,0.0,0.0,1.0,0.0,0.0,0.0,0.0,0.0,1.0,39.21,0.22
C3_2024,Ronaldo,5.52,7.9,"2,024.00",6.0,12.0,crop_protection,herbicide,sprayer,Profoxydim,Aura,0.15,kg/ha,0.02,kg/t,2–3 leaves,1.0,0.0,0.0,0.0,0.0,0.0,1.0,0.0,0.0,0.0,0.0,0.0,1.0,5.52,0.13
C3_2024,JSendra,23.77,2.73,"2,024.00",6.0,12.0,crop_protection,herbicide,sprayer,Profoxydim,Aura,0.15,kg/ha,0.05,kg/t,2–3 leaves,1.0,0.0,0.0,0.0,0.0,0.0,1.0,0.0,0.0,0.0,0.0,0.0,1.0,23.77,0.37
C3_2024,Selénio,20.0,3.81,"2,024.00",6.0,12.0,crop_protection,herbicide,sprayer,Florpyrauxifen-benzyl,Loyant,0.03,kg/ha,0.01,kg/t,2–3 leaves,0.0,0.0,0.0,0.0,0.0,1.0,1.0,0.0,0.0,0.0,0.0,0.0,1.0,20.0,0.26
C3_2024,Sintra,39.21,4.54,"2,024.00",6.0,12.0,crop_protection,herbicide,sprayer,Florpyrauxifen-benzyl,Loyant,0.03,kg/ha,0.01,kg/t,2–3 leaves,0.0,0.0,0.0,0.0,0.0,1.0,1.0,0.0,0.0,0.0,0.0,0.0,1.0,39.21,0.22
C3_2024,Ronaldo,5.52,7.9,"2,024.00",6.0,12.0,crop_protection,herbicide,sprayer,Florpyrauxifen-benzyl,Loyant,0.03,kg/ha,0.0,kg/t,2–3 leaves,0.0,0.0,0.0,0.0,0.0,1.0,1.0,0.0,0.0,0.0,0.0,0.0,1.0,5.52,0.13
C3_2024,JSendra,23.77,2.73,"2,024.00",6.0,12.0,crop_protection,herbicide,sprayer,Florpyrauxifen-benzyl,Loyant,0.03,kg/ha,0.01,kg/t,2–3 leaves,0.0,0.0,0.0,0.0,0.0,1.0,1.0,0.0,0.0,0.0,0.0,0.0,1.0,23.77,0.37
C3_2024,Diva PV,23.7,8.96,"2,024.00",6.0,16.0,crop_protection,herbicide,sprayer,Methyl oleate + methyl palmitate,Dash HC,0.16,kg/ha,0.02,kg/t,2–3 leaves,1.0,0.0,0.0,0.0,0.0,0.0,1.0,0.0,0.0,0.0,0.0,0.0,1.0,23.7,0.11
C3_2024,Diva PV,23.7,8.96,"2,024.00",6.0,16.0,crop_protection,herbicide,sprayer,Cycloxydim,Verresta,0.25,kg/ha,0.03,kg/t,2–3 leaves,1.0,0.0,0.0,1.0,0.0,0.0,1.0,0.0,0.0,0.0,0.0,0.0,1.0,23.7,0.11
C3_2024,Diva PV,23.7,8.96,"2,024.00",6.0,16.0,crop_protection,herbicide,sprayer,Florpyrauxifen-benzyl,Loyant,0.03,kg/ha,0.0,kg/t,2–3 leaves,0.0,0.0,0.0,0.0,0.0,1.0,1.0,0.0,0.0,0.0,0.0,0.0,1.0,23.7,0.11
C3_2024,Diva PV,23.7,8.96,"2,024.00",7.0,3.0,crop_protection,herbicide,sprayer,Methyl oleate + methyl palmitate,Dash HC,0.16,kg/ha,0.02,kg/t,2–3 leaves,1.0,0.0,0.0,0.0,0.0,0.0,1.0,0.0,0.0,0.0,0.0,0.0,1.0,23.7,0.11
C3_2024,Diva PV,23.7,8.96,"2,024.00",7.0,3.0,crop_protection,herbicide,sprayer,Cycloxydim,Verresta,0.25,kg/ha,0.03,kg/t,2–3 leaves,1.0,0.0,0.0,1.0,0.0,0.0,1.0,0.0,0.0,0.0,0.0,0.0,1.0,23.7,0.11
C3_2024,Diva PV,23.7,8.96,"2,024.00",7.0,3.0,crop_protection,herbicide,sprayer,Florpyrauxifen-benzyl,Loyant,0.03,kg/ha,0.0,kg/t,2–3 leaves,0.0,0.0,0.0,0.0,0.0,1.0,1.0,0.0,0.0,0.0,0.0,0.0,1.0,23.7,0.11
C3_2024,Selénio,20.0,3.81,"2,024.00",8.0,10.0,crop_protection,fungicide,sprayer,Trifloxystrobin,Flint,0.25,kg/ha,0.07,kg/t,Panicle emergence (heading),0.0,0.0,1.0,0.0,0.0,0.0,0.0,0.0,0.0,0.0,0.0,0.0,1.0,20.0,0.26
C4_2022,Ronaldo,19.21,3.62,"2,022.00",6.0,20.0,crop_protection,herbicide,sprayer,Profoxydim,Aura,0.15,kg/ha,0.04,kg/t,4 leaves,1.0,0.0,0.0,0.0,0.0,0.0,1.0,0.0,0.0,0.0,0.0,0.0,1.0,19.21,0.28
C4_2022,Ronaldo,19.21,3.62,"2,022.00",6.0,20.0,crop_protection,herbicide,sprayer,Methyl oleate + methyl palmitate,Dash HC,0.16,kg/ha,0.04,kg/t,4 leaves,1.0,0.0,0.0,0.0,0.0,0.0,1.0,0.0,0.0,0.0,0.0,0.0,1.0,19.21,0.28
C4_2022,Ronaldo,19.21,3.62,"2,022.00",6.0,20.0,crop_protection,herbicide,sprayer,Florpyrauxifen-benzyl,Loyant,0.03,kg/ha,0.01,kg/t,4 leaves,0.0,0.0,0.0,0.0,0.0,1.0,1.0,0.0,0.0,0.0,0.0,0.0,1.0,19.21,0.28
C4_2022,Ronaldo,19.21,3.62,"2,022.00",6.0,20.0,crop_protection,herbicide,sprayer,MCPA,Herbinexa,0.5,kg/ha,0.14,kg/t,4 leaves,0.0,0.0,0.0,0.0,0.0,1.0,1.0,0.0,0.0,0.0,0.0,0.0,1.0,19.21,0.28
C4_2022,Ronaldo,19.21,3.62,"2,022.00",6.0,20.0,crop_protection,herbicide,sprayer,Bentazone,Kaos,1.92,kg/ha,0.53,kg/t,4 leaves,0.0,0.0,0.0,0.0,0.0,1.0,1.0,0.0,0.0,0.0,0.0,0.0,1.0,19.21,0.28
C4_2022,Ronaldo,19.21,3.62,"2,022.00",6.0,27.0,crop_protection,herbicide,sprayer,Cycloxydim,Verresta,0.25,kg/ha,0.07,kg/t,4 leaves,1.0,0.0,0.0,1.0,0.0,0.0,1.0,0.0,0.0,0.0,0.0,0.0,1.0,19.21,0.28
C4_2022,Ronaldo,19.21,3.62,"2,022.00",6.0,27.0,crop_protection,herbicide,sprayer,Methyl oleate + methyl palmitate,Dash HC,0.16,kg/ha,0.04,kg/t,4 leaves,1.0,0.0,0.0,1.0,0.0,0.0,1.0,0.0,0.0,0.0,0.0,0.0,1.0,19.21,0.28
C4_2022,Ronaldo,19.21,3.62,"2,022.00",7.0,21.0,crop_protection,herbicide,sprayer,Cycloxydim,Verresta,0.25,kg/ha,0.07,kg/t,4 leaves,1.0,0.0,0.0,1.0,0.0,0.0,1.0,0.0,0.0,0.0,0.0,0.0,1.0,19.21,0.28
C4_2022,Ronaldo,19.21,3.62,"2,022.00",7.0,21.0,crop_protection,herbicide,sprayer,Methyl oleate + methyl palmitate,Dash HC,0.16,kg/ha,0.04,kg/t,4 leaves,1.0,0.0,0.0,1.0,0.0,0.0,1.0,0.0,0.0,0.0,0.0,0.0,1.0,19.21,0.28
C4_2023,PVL136IT,5.76,9.57,"2,023.00",6.0,3.0,crop_protection,herbicide,sprayer,Cycloxydim,Verresta,0.25,kg/ha,0.03,kg/t,2–3 leaves,0.0,0.0,0.0,1.0,1.0,0.0,1.0,0.0,0.0,0.0,0.0,0.0,1.0,5.76,0.1
C4_2023,PVL136IT,5.76,9.57,"2,023.00",6.0,3.0,crop_protection,herbicide,sprayer,Methyl oleate + methyl palmitate,Dash HC,0.16,kg/ha,0.02,kg/t,2–3 leaves,0.0,0.0,0.0,1.0,1.0,0.0,1.0,0.0,0.0,0.0,0.0,0.0,1.0,5.76,0.1
C4_2023,PVL136IT,5.76,9.57,"2,023.00",6.0,4.0,crop_protection,herbicide,sprayer,Florpyrauxifen-benzyl,Loyant,0.03,kg/ha,0.0,kg/t,2–3 leaves,0.0,0.0,0.0,0.0,0.0,1.0,1.0,0.0,0.0,0.0,0.0,0.0,1.0,5.76,0.1
C4_2023,Luna CL,18.08,2.89,"2,023.00",6.0,4.0,crop_protection,herbicide,sprayer,Florpyrauxifen-benzyl,Loyant,0.03,kg/ha,0.01,kg/t,2–3 leaves,0.0,0.0,0.0,0.0,0.0,1.0,1.0,0.0,0.0,0.0,0.0,0.0,1.0,18.08,0.35
C4_2023,Luna CL,18.08,2.89,"2,023.00",6.0,20.0,crop_protection,herbicide,sprayer,Imazamox,Beyond,0.04,kg/ha,0.01,kg/t,2–3 leaves,0.0,0.0,0.0,1.0,0.0,0.0,1.0,0.0,0.0,0.0,0.0,0.0,1.0,18.08,0.35
C4_2023,PVL136IT,5.76,9.57,"2,023.00",6.0,21.0,crop_protection,herbicide,sprayer,Cycloxydim,Verresta,0.25,kg/ha,0.03,kg/t,4–5 leaves,0.0,0.0,0.0,0.0,0.0,0.0,1.0,0.0,0.0,0.0,0.0,0.0,1.0,5.76,0.1
C4_2023,PVL136IT,5.76,9.57,"2,023.00",6.0,21.0,crop_protection,herbicide,sprayer,Methyl oleate + methyl palmitate,Dash HC,0.16,kg/ha,0.02,kg/t,4–5 leaves,0.0,0.0,0.0,0.0,0.0,0.0,1.0,0.0,0.0,0.0,0.0,0.0,1.0,5.76,0.1
C4_2023,PVL136IT,5.76,9.57,"2,023.00",6.0,28.0,crop_protection,pesticide,sprayer,Bacillus thuringiensis,Dipel DF,0.54,kg/ha,0.06,kg/t,4–5 leaves,0.0,0.0,0.0,0.0,0.0,0.0,0.0,0.0,0.0,1.0,0.0,0.0,1.0,5.76,0.1
C4_2024,Formula PV,8.57,7.67,"2,024.00",5.0,27.0,crop_protection,herbicide,sprayer,Cycloxydim,Verresta,0.25,kg/ha,0.03,kg/t,1–3 leaves,0.0,0.0,0.0,1.0,1.0,0.0,1.0,0.0,0.0,0.0,0.0,0.0,1.0,8.57,0.13
C4_2024,Formula PV,8.57,7.67,"2,024.00",5.0,27.0,crop_protection,herbicide,sprayer,Methyl oleate + methyl palmitate,Dash HC,0.16,kg/ha,0.02,kg/t,1–3 leaves,1.0,0.0,0.0,0.0,0.0,0.0,1.0,0.0,0.0,0.0,0.0,0.0,1.0,8.57,0.13
C4_2024,Formula PV,8.57,7.67,"2,024.00",5.0,27.0,crop_protection,herbicide,sprayer,Florpyrauxifen-benzyl,Loyant,0.03,kg/ha,0.0,kg/t,1–3 leaves,0.0,1.0,0.0,0.0,0.0,1.0,1.0,0.0,0.0,0.0,0.0,0.0,1.0,8.57,0.13
C4_2024,Diva PV,15.3,8.61,"2,024.00",5.0,27.0,crop_protection,herbicide,sprayer,Cycloxydim,Verresta,0.25,kg/ha,0.03,kg/t,1–3 leaves,0.0,0.0,0.0,1.0,1.0,0.0,1.0,0.0,0.0,0.0,0.0,0.0,1.0,15.3,0.12
C4_2024,Diva PV,15.3,8.61,"2,024.00",5.0,27.0,crop_protection,herbicide,sprayer,Methyl oleate + methyl palmitate,Dash HC,0.16,kg/ha,0.02,kg/t,1–3 leaves,1.0,0.0,0.0,0.0,0.0,0.0,1.0,0.0,0.0,0.0,0.0,0.0,1.0,15.3,0.12
C4_2024,Diva PV,15.3,8.61,"2,024.00",5.0,27.0,crop_protection,herbicide,sprayer,Florpyrauxifen-benzyl,Loyant,0.03,kg/ha,0.0,kg/t,1–3 leaves,0.0,1.0,0.0,0.0,0.0,1.0,1.0,0.0,0.0,0.0,0.0,0.0,1.0,15.3,0.12
C4_2024,Diva PV,15.3,8.61,"2,024.00",6.0,14.0,crop_protection,herbicide,sprayer,Cycloxydim,Verresta,0.25,kg/ha,0.03,kg/t,Tillering,0.0,0.0,0.0,1.0,1.0,0.0,1.0,0.0,0.0,0.0,0.0,0.0,1.0,15.3,0.12
C4_2024,Diva PV,15.3,8.61,"2,024.00",6.0,14.0,crop_protection,herbicide,sprayer,Methyl oleate + methyl palmitate,Dash HC,0.16,kg/ha,0.02,kg/t,Tillering,1.0,0.0,0.0,0.0,0.0,0.0,1.0,0.0,0.0,0.0,0.0,0.0,1.0,15.3,0.12
C4_2024,Diva PV,15.3,8.61,"2,024.00",6.0,14.0,crop_protection,herbicide,sprayer,Florpyrauxifen-benzyl,Loyant,0.03,kg/ha,0.0,kg/t,Tillering,0.0,1.0,0.0,0.0,0.0,1.0,1.0,0.0,0.0,0.0,0.0,0.0,1.0,15.3,0.12
C5_2022,Ronaldo,25.75,5.66,"2,022.00",5.0,20.0,crop_protection,herbicide,sprayer,Profoxydim,Aura,0.15,kg/ha,0.03,kg/t,4 leaves,0.0,0.0,0.0,0.0,0.0,0.0,1.0,0.0,0.0,0.0,0.0,0.0,1.0,25.75,0.18
C5_2022,Ronaldo,25.75,5.66,"2,022.00",5.0,20.0,crop_protection,herbicide,sprayer,Methyl oleate + methyl palmitate,Dash HC,0.16,kg/ha,0.03,kg/t,4 leaves,0.0,0.0,0.0,0.0,0.0,0.0,1.0,0.0,0.0,0.0,0.0,0.0,1.0,25.75,0.18
C5_2022,Ronaldo,25.75,5.66,"2,022.00",5.0,20.0,crop_protection,herbicide,sprayer,Florpyrauxifen-benzyl,Loyant,0.03,kg/ha,0.01,kg/t,4 leaves,1.0,0.0,0.0,0.0,0.0,0.0,1.0,0.0,0.0,0.0,0.0,0.0,1.0,25.75,0.18
C5_2022,PVL136IT,10.0,6.83,"2,022.00",5.0,21.0,crop_protection,herbicide,sprayer,Cycloxydim,Verresta,0.25,kg/ha,0.04,kg/t,2–3 leaves,0.0,0.0,0.0,0.0,0.0,0.0,1.0,0.0,0.0,0.0,0.0,0.0,1.0,10.0,0.15
C5_2022,PVL136IT,10.0,6.83,"2,022.00",5.0,21.0,crop_protection,herbicide,sprayer,Methyl oleate + methyl palmitate,Dash HC,0.16,kg/ha,0.02,kg/t,2–3 leaves,0.0,1.0,0.0,0.0,0.0,1.0,1.0,0.0,0.0,0.0,0.0,0.0,1.0,10.0,0.15
C5_2022,Ronaldo,25.75,5.66,"2,022.00",5.0,25.0,crop_protection,herbicide,sprayer,Clomazona ,Command,0.36,kg/ha,0.06,kg/t,Pre-emergence,1.0,0.0,0.0,1.0,0.0,0.0,1.0,0.0,0.0,0.0,0.0,0.0,1.0,25.75,0.18
C5_2022,PVL136IT,10.0,6.83,"2,022.00",5.0,25.0,crop_protection,herbicide,sprayer,Benzobicyclon,Avanza,0.3,kg/ha,0.04,kg/t,Pre-sowing,0.0,0.0,0.0,0.0,0.0,0.0,1.0,0.0,0.0,0.0,0.0,0.0,1.0,10.0,0.15
C5_2023,PVL136IT,14.0,5.29,"2,023.00",6.0,2.0,crop_protection,herbicide,sprayer,Cycloxydim,Verresta,0.25,kg/ha,0.05,kg/t,1–3 leaves,0.0,0.0,0.0,0.0,1.0,0.0,1.0,0.0,0.0,0.0,0.0,0.0,1.0,14.0,0.19
C5_2023,PVL136IT,14.0,5.29,"2,023.00",6.0,2.0,crop_protection,herbicide,sprayer,Methyl oleate + methyl palmitate,Dash HC,0.16,kg/ha,0.03,kg/t,1–3 leaves,0.0,0.0,0.0,0.0,1.0,0.0,1.0,0.0,0.0,0.0,0.0,0.0,1.0,14.0,0.19
C5_2023,Luna CL,21.44,6.69,"2,023.00",6.0,4.0,crop_protection,herbicide,sprayer,Imazamox,Beyond,0.04,kg/ha,0.01,kg/t,Tillering (start),0.0,0.0,0.0,1.0,0.0,0.0,1.0,0.0,0.0,0.0,0.0,0.0,1.0,21.44,0.15
C5_2023,Luna CL,21.44,6.69,"2,023.00",6.0,4.0,crop_protection,herbicide,sprayer,Profoxydim,Aura,0.15,kg/ha,0.02,kg/t,Tillering (start),0.0,0.0,0.0,1.0,0.0,0.0,1.0,0.0,0.0,0.0,0.0,0.0,1.0,21.44,0.15
C5_2023,Luna CL,21.44,6.69,"2,023.00",6.0,4.0,crop_protection,herbicide,sprayer,Methyl oleate + methyl palmitate,Dash HC,0.16,kg/ha,0.02,kg/t,Tillering (start),0.0,0.0,0.0,1.0,0.0,0.0,1.0,0.0,0.0,0.0,0.0,0.0,1.0,21.44,0.15
C5_2023,Luna CL,21.44,6.69,"2,023.00",6.0,4.0,crop_protection,herbicide,sprayer,Florpyrauxifen-benzyl,Loyant,0.03,kg/ha,0.0,kg/t,Tillering (start),0.0,1.0,0.0,0.0,0.0,1.0,1.0,0.0,0.0,0.0,0.0,0.0,1.0,21.44,0.15
C5_2023,PVL136IT,14.0,5.29,"2,023.00",6.0,4.0,crop_protection,herbicide,sprayer,Florpyrauxifen-benzyl,Loyant,0.03,kg/ha,0.01,kg/t,Tillering (start),0.0,1.0,0.0,0.0,0.0,1.0,1.0,0.0,0.0,0.0,0.0,0.0,1.0,14.0,0.19
C5_2023,PVL136IT,8.0,5.29,"2,023.00",6.0,15.0,crop_protection,herbicide,sprayer,Cycloxydim,Verresta,0.25,kg/ha,0.05,kg/t,Tillering,0.0,0.0,0.0,1.0,1.0,0.0,1.0,0.0,0.0,0.0,0.0,0.0,1.0,8.0,0.19
C5_2023,PVL136IT,8.0,5.29,"2,023.00",6.0,15.0,crop_protection,herbicide,sprayer,Methyl oleate + methyl palmitate,Dash HC,0.16,kg/ha,0.03,kg/t,Tillering,0.0,0.0,0.0,1.0,1.0,0.0,1.0,0.0,0.0,0.0,0.0,0.0,1.0,8.0,0.19
C5_2023,Luna CL,12.11,6.69,"2,023.00",7.0,1.0,crop_protection,herbicide,sprayer,Bentazone,Benta,0.96,kg/ha,0.14,kg/t,Tillering,0.0,0.0,0.0,0.0,0.0,0.0,1.0,0.0,0.0,0.0,0.0,0.0,1.0,12.11,0.15
C5_2023,PVL136IT,8.89,5.29,"2,023.00",7.0,1.0,crop_protection,herbicide,sprayer,Bentazone,Benta,0.96,kg/ha,0.18,kg/t,Tillering,0.0,0.0,0.0,0.0,0.0,0.0,1.0,0.0,0.0,0.0,0.0,0.0,1.0,8.89,0.19
C5_2023,Luna CL,7.26,6.69,"2,023.00",7.0,1.0,crop_protection,herbicide,sprayer,MCPA,Herbinexa,0.5,kg/ha,0.07,kg/t,Tillering,0.0,0.0,0.0,0.0,0.0,1.0,1.0,0.0,0.0,0.0,0.0,0.0,1.0,7.26,0.15
C5_2023,PVL136IT,5.74,5.29,"2,023.00",7.0,1.0,crop_protection,herbicide,sprayer,MCPA,Herbinexa,0.5,kg/ha,0.09,kg/t,Tillering,0.0,0.0,0.0,0.0,0.0,1.0,1.0,0.0,0.0,0.0,0.0,0.0,1.0,5.74,0.19
C5_2024,Diva PV,20.19,6.25,"2,024.00",6.0,6.0,crop_protection,herbicide,sprayer,Cycloxydim,Verresta,0.25,kg/ha,0.04,kg/t,1–3 leaves,0.0,0.0,0.0,1.0,1.0,0.0,1.0,0.0,0.0,0.0,0.0,0.0,1.0,20.19,0.16
C5_2024,Diva PV,20.19,6.25,"2,024.00",6.0,6.0,crop_protection,herbicide,sprayer,Methyl oleate + methyl palmitate,Dash HC,0.16,kg/ha,0.03,kg/t,1–3 leaves,0.0,0.0,0.0,1.0,1.0,0.0,1.0,0.0,0.0,0.0,0.0,0.0,1.0,20.19,0.16
C5_2024,Diva PV,20.19,6.25,"2,024.00",6.0,6.0,crop_protection,herbicide,sprayer,Profoxydim,Aura,0.15,kg/ha,0.02,kg/t,1–3 leaves,0.0,0.0,0.0,1.0,0.0,0.0,1.0,0.0,0.0,0.0,0.0,0.0,1.0,20.19,0.16
C5_2024,Diva PV,20.19,6.25,"2,024.00",6.0,6.0,crop_protection,herbicide,sprayer,Methyl oleate + methyl palmitate,Dash HC,0.16,kg/ha,0.03,kg/t,1–3 leaves,0.0,0.0,0.0,1.0,0.0,0.0,1.0,0.0,0.0,0.0,0.0,0.0,1.0,20.19,0.16
C5_2024,Ronaldo,15.25,10.78,"2,024.00",6.0,21.0,crop_protection,herbicide,sprayer,Florpyrauxifen-benzyl,Loyant,0.03,kg/ha,0.0,kg/t,Tillering,0.0,1.0,0.0,0.0,0.0,1.0,1.0,0.0,0.0,0.0,0.0,0.0,1.0,15.25,0.09
C5_2024,Diva PV,20.19,6.25,"2,024.00",6.0,21.0,crop_protection,herbicide,sprayer,Florpyrauxifen-benzyl,Loyant,0.03,kg/ha,0.0,kg/t,Tillering,0.0,1.0,0.0,0.0,0.0,1.0,1.0,0.0,0.0,0.0,0.0,0.0,1.0,20.19,0.16
C5_2024,Ronaldo,15.25,10.78,"2,024.00",6.0,21.0,crop_protection,herbicide,sprayer,Cycloxydim,Verresta,0.25,kg/ha,0.02,kg/t,Tillering,0.0,0.0,0.0,1.0,1.0,0.0,1.0,0.0,0.0,0.0,0.0,0.0,1.0,15.25,0.09
C5_2024,Ronaldo,15.25,10.78,"2,024.00",6.0,21.0,crop_protection,herbicide,sprayer,Methyl oleate + methyl palmitate,Dash HC,0.16,kg/ha,0.01,kg/t,Tillering,0.0,0.0,0.0,1.0,1.0,0.0,1.0,0.0,0.0,0.0,0.0,0.0,1.0,15.25,0.09
C5_2024,Diva PV,12.11,6.25,"2,024.00",6.0,21.0,crop_protection,herbicide,sprayer,Bentazone,Kaos,1.92,kg/ha,0.31,kg/t,Tillering (end),0.0,0.0,0.0,1.0,1.0,0.0,1.0,0.0,0.0,0.0,0.0,0.0,1.0,12.11,0.16
C5_2024,Ronaldo,7.14,10.78,"2,024.00",6.0,21.0,crop_protection,herbicide,sprayer,Bentazone,Kaos,1.92,kg/ha,0.18,kg/t,Tillering (end),0.0,0.0,0.0,1.0,1.0,0.0,1.0,0.0,0.0,0.0,0.0,0.0,1.0,7.14,0.09
C5_2024,Diva PV,8.75,6.25,"2,024.00",6.0,21.0,crop_protection,herbicide,sprayer,MCPA,Herbinexa,0.5,kg/ha,0.08,kg/t,Tillering (end),0.0,0.0,0.0,0.0,0.0,0.0,1.0,0.0,0.0,0.0,0.0,0.0,1.0,8.75,0.16
C5_2024,Ronaldo,6.5,10.78,"2,024.00",6.0,21.0,crop_protection,herbicide,sprayer,MCPA,Herbinexa,0.5,kg/ha,0.05,kg/t,Tillering (end),0.0,0.0,0.0,0.0,0.0,0.0,1.0,0.0,0.0,0.0,0.0,0.0,1.0,6.5,0.09
C5_2024,Diva PV,9.81,6.25,"2,024.00",7.0,1.0,crop_protection,herbicide,sprayer,Cycloxydim,Verresta,0.25,kg/ha,0.04,kg/t,Tillering (end),0.0,0.0,0.0,0.0,0.0,1.0,1.0,0.0,0.0,0.0,0.0,0.0,1.0,9.81,0.16
C5_2024,Diva PV,9.81,6.25,"2,024.00",7.0,1.0,crop_protection,herbicide,sprayer,Methyl oleate + methyl palmitate,Dash HC,0.16,kg/ha,0.03,kg/t,Tillering (end),0.0,0.0,0.0,0.0,0.0,1.0,1.0,0.0,0.0,0.0,0.0,0.0,1.0,9.81,0.16
C6_2022,Ronaldo,73.11,2.15,"2,022.00",5.0,25.0,crop_protection,herbicide,sprayer,Clomazona ,Command,0.36,kg/ha,0.17,kg/t,Pre-emergence,0.0,0.0,0.0,0.0,0.0,0.0,1.0,0.0,0.0,0.0,0.0,0.0,1.0,73.11,0.46
C6_2022,Ronaldo,73.11,2.15,"2,022.00",6.0,25.0,crop_protection,herbicide,sprayer,Profoxydim,Aura,0.15,kg/ha,0.07,kg/t,2–3 leaves,1.0,0.0,0.0,0.0,0.0,0.0,1.0,0.0,0.0,0.0,0.0,0.0,1.0,73.11,0.46
C6_2022,Ronaldo,73.11,2.15,"2,022.00",6.0,25.0,crop_protection,herbicide,sprayer,Methyl oleate + methyl palmitate,Dash HC,0.16,kg/ha,0.07,kg/t,2–3 leaves,1.0,0.0,0.0,0.0,0.0,0.0,1.0,0.0,0.0,0.0,0.0,0.0,1.0,73.11,0.46
C6_2022,Ronaldo,45.0,2.15,"2,022.00",6.0,25.0,crop_protection,herbicide,sprayer,Florpyrauxifen-benzyl,Loyant,0.03,kg/ha,0.01,kg/t,2–3 leaves,0.0,0.0,0.0,0.0,0.0,1.0,1.0,0.0,0.0,0.0,0.0,0.0,1.0,45.0,0.46
C6_2022,Ronaldo,36.0,2.15,"2,022.00",7.0,1.0,crop_protection,herbicide,sprayer,Azimsulfuron,Gulliver,0.04,kg/ha,0.02,kg/t,2–3 leaves,1.0,0.0,0.0,0.0,0.0,0.0,1.0,0.0,0.0,0.0,0.0,0.0,1.0,36.0,0.46
C6_2022,Ronaldo,20.0,2.15,"2,022.00",7.0,1.0,crop_protection,herbicide,sprayer,MCPA,Herbinexa,0.5,kg/ha,0.23,kg/t,2–3 leaves,0.0,0.0,0.0,0.0,0.0,1.0,1.0,0.0,0.0,0.0,0.0,0.0,1.0,20.0,0.46
C6_2022,Ronaldo,11.6,2.15,"2,022.00",7.0,1.0,crop_protection,herbicide,sprayer,Bentazone,Baza,0.96,kg/ha,0.45,kg/t,2–3 leaves,0.0,0.0,0.0,0.0,0.0,1.0,1.0,0.0,0.0,0.0,0.0,0.0,1.0,11.6,0.46
C6_2022,Ronaldo,20.8,2.15,"2,022.00",7.0,25.0,crop_protection,pesticide,sprayer,Flonicamid,Teppeki,0.12,kg/ha,0.06,kg/t,Tillering,0.0,0.0,0.0,0.0,0.0,0.0,0.0,0.0,1.0,0.0,0.0,0.0,1.0,20.8,0.46
C6_2023,Ronaldo,3.75,2.88,"2,023.00",5.0,15.0,crop_protection,herbicide,sprayer,Glyphosate,Montana,1.08,kg/ha,0.38,kg/t,Pre-emergence,0.0,0.0,0.0,0.0,0.0,0.0,1.0,0.0,0.0,0.0,0.0,0.0,1.0,3.75,0.35
C6_2023,Leonardo,67.34,2.88,"2,023.00",5.0,15.0,crop_protection,herbicide,sprayer,Glyphosate,Montana,1.08,kg/ha,0.38,kg/t,Pre-emergence,0.0,0.0,0.0,0.0,0.0,0.0,1.0,0.0,0.0,0.0,0.0,0.0,1.0,67.34,0.35
C6_2023,Ronaldo,3.75,2.88,"2,023.00",6.0,6.0,crop_protection,herbicide,sprayer,Benzobicyclon,Avanza,0.3,kg/ha,0.1,kg/t,Pre-emergence,0.0,0.0,0.0,0.0,0.0,0.0,1.0,0.0,0.0,0.0,0.0,0.0,1.0,3.75,0.35
C6_2023,Leonardo,67.34,2.88,"2,023.00",6.0,6.0,crop_protection,herbicide,sprayer,Benzobicyclon,Avanza,0.3,kg/ha,0.1,kg/t,Pre-emergence,0.0,0.0,0.0,0.0,0.0,0.0,1.0,0.0,0.0,0.0,0.0,0.0,1.0,67.34,0.35
C6_2023,Ronaldo,3.75,2.88,"2,023.00",6.0,6.0,crop_protection,herbicide,sprayer,Profoxydim,Aura,0.15,kg/ha,0.05,kg/t,2–3 leaves,1.0,0.0,0.0,0.0,0.0,0.0,1.0,0.0,0.0,0.0,0.0,0.0,1.0,3.75,0.35
C6_2023,Leonardo,67.34,2.88,"2,023.00",6.0,6.0,crop_protection,herbicide,sprayer,Profoxydim,Aura,0.15,kg/ha,0.05,kg/t,2–3 leaves,1.0,0.0,0.0,0.0,0.0,0.0,1.0,0.0,0.0,0.0,0.0,0.0,1.0,67.34,0.35
C6_2023,Ronaldo,3.75,2.88,"2,023.00",6.0,6.0,crop_protection,herbicide,sprayer,Methyl oleate + methyl palmitate,Dash HC,0.16,kg/ha,0.05,kg/t,2–3 leaves,0.0,0.0,0.0,0.0,0.0,0.0,1.0,0.0,0.0,0.0,0.0,0.0,1.0,3.75,0.35
C6_2023,Leonardo,67.34,2.88,"2,023.00",6.0,6.0,crop_protection,herbicide,sprayer,Methyl oleate + methyl palmitate,Dash HC,0.16,kg/ha,0.05,kg/t,2–3 leaves,0.0,0.0,0.0,0.0,0.0,0.0,1.0,0.0,0.0,0.0,0.0,0.0,1.0,67.34,0.35
C6_2023,Ronaldo,3.75,2.88,"2,023.00",6.0,6.0,crop_protection,herbicide,sprayer,Florpyrauxifen-benzyl,Loyant,0.03,kg/ha,0.01,kg/t,2–3 leaves,0.0,0.0,0.0,0.0,0.0,1.0,1.0,0.0,0.0,0.0,0.0,0.0,1.0,3.75,0.35
C6_2023,Leonardo,67.34,2.88,"2,023.00",6.0,6.0,crop_protection,herbicide,sprayer,Florpyrauxifen-benzyl,Loyant,0.03,kg/ha,0.01,kg/t,2–3 leaves,0.0,0.0,0.0,0.0,0.0,1.0,1.0,0.0,0.0,0.0,0.0,0.0,1.0,67.34,0.35
C6_2023,Ronaldo,3.17,2.88,"2,023.00",7.0,10.0,crop_protection,pesticide,sprayer,Bacillus thuringiensis,Dipel DF,0.54,kg/ha,0.19,kg/t,Tillering (end),0.0,0.0,0.0,0.0,0.0,0.0,0.0,0.0,0.0,0.0,1.0,0.0,1.0,3.17,0.35
C6_2023,Leonardo,56.83,2.88,"2,023.00",7.0,10.0,crop_protection,pesticide,sprayer,Bacillus thuringiensis,Dipel DF,0.54,kg/ha,0.19,kg/t,Tillering (end),0.0,0.0,0.0,0.0,0.0,0.0,0.0,0.0,0.0,0.0,1.0,0.0,1.0,56.83,0.35
C6_2023,Ronaldo,3.08,2.88,"2,023.00",7.0,11.0,crop_protection,pesticide,sprayer,Flonicamid,Teppeki,0.12,kg/ha,0.04,kg/t,Tillering (start),0.0,0.0,0.0,0.0,0.0,0.0,0.0,0.0,1.0,0.0,0.0,0.0,1.0,3.08,0.35
C6_2023,Leonardo,55.22,2.88,"2,023.00",7.0,11.0,crop_protection,pesticide,sprayer,Flonicamid,Teppeki,0.12,kg/ha,0.04,kg/t,Tillering (start),0.0,0.0,0.0,0.0,0.0,0.0,0.0,0.0,1.0,0.0,0.0,0.0,1.0,55.22,0.35
C6_2024,Diva PV,54.22,7.25,"2,024.00",6.0,10.0,crop_protection,herbicide,sprayer,Florpyrauxifen-benzyl,Loyant,0.03,kg/ha,0.0,kg/t,2–3 leaves,1.0,0.0,0.0,1.0,0.0,0.0,1.0,0.0,0.0,0.0,0.0,0.0,1.0,54.22,0.14
C6_2024,Diva PV,54.22,7.25,"2,024.00",6.0,26.0,crop_protection,herbicide,sprayer,Cycloxydim,Verresta,0.25,kg/ha,0.03,kg/t,2–3 leaves,0.0,0.0,0.0,0.0,0.0,0.0,1.0,0.0,0.0,0.0,0.0,0.0,1.0,54.22,0.14
C6_2024,Diva PV,54.22,7.25,"2,024.00",6.0,26.0,crop_protection,herbicide,sprayer,Methyl oleate + methyl palmitate,Dash HC,0.16,kg/ha,0.02,kg/t,2–3 leaves,0.0,0.0,0.0,0.0,0.0,1.0,1.0,0.0,0.0,0.0,0.0,0.0,1.0,54.22,0.14
C6_2024,Diva PV,54.22,7.25,"2,024.00",7.0,10.0,crop_protection,herbicide,sprayer,Cycloxydim,Verresta,0.25,kg/ha,0.03,kg/t,5 leaves,1.0,0.0,0.0,0.0,0.0,0.0,1.0,0.0,0.0,0.0,0.0,0.0,1.0,54.22,0.14
C6_2024,Diva PV,54.22,7.25,"2,024.00",7.0,10.0,crop_protection,herbicide,sprayer,Methyl oleate + methyl palmitate,Dash HC,0.16,kg/ha,0.02,kg/t,5 leaves,0.0,0.0,0.0,0.0,0.0,0.0,1.0,0.0,0.0,0.0,0.0,0.0,1.0,54.22,0.14
C6_2024,Diva PV,54.22,7.25,"2,024.00",8.0,2.0,crop_protection,pesticide,sprayer,Bacillus thuringiensis,Dipel DF,0.54,kg/ha,0.07,kg/t,Tillering (end),0.0,0.0,0.0,0.0,0.0,0.0,0.0,0.0,0.0,0.0,1.0,0.0,1.0,54.22,0.14
C6_2024,Diva PV,1.25,7.25,"2,024.00",8.0,6.0,crop_protection,herbicide,sprayer,Bentazone,Kaos,1.92,kg/ha,0.26,kg/t,2–3 leaves,0.0,1.0,0.0,0.0,0.0,0.0,1.0,0.0,0.0,0.0,0.0,0.0,1.0,1.25,0.14
C7_2023,Ronaldo,31.24,6.98,"2,023.00",5.0,30.0,crop_protection,herbicide,sprayer,Glyphosate,Montana,1.08,kg/ha,0.15,kg/t,Stale seedbed,0.0,0.0,0.0,0.0,0.0,0.0,1.0,0.0,0.0,0.0,0.0,0.0,1.0,31.24,0.14
C7_2023,Elettra,6.09,4.96,"2,023.00",5.0,30.0,crop_protection,herbicide,sprayer,Glyphosate,Montana,1.08,kg/ha,0.22,kg/t,Stale seedbed,0.0,0.0,0.0,0.0,0.0,0.0,1.0,0.0,0.0,0.0,0.0,0.0,1.0,6.09,0.2
C7_2023,Ronaldo,31.24,6.98,"2,023.00",6.0,30.0,crop_protection,herbicide,sprayer,Bispyribac-sodium,Nominee,0.03,kg/ha,0.0,kg/t,2–3 leaves,1.0,0.0,0.0,0.0,0.0,0.0,1.0,0.0,0.0,0.0,0.0,0.0,1.0,31.24,0.14
C7_2023,Elettra,6.09,4.96,"2,023.00",6.0,30.0,crop_protection,herbicide,sprayer,Bispyribac-sodium,Nominee,0.03,kg/ha,0.01,kg/t,2–3 leaves,1.0,0.0,0.0,0.0,0.0,0.0,1.0,0.0,0.0,0.0,0.0,0.0,1.0,6.09,0.2
C7_2023,Ronaldo,31.24,6.98,"2,023.00",6.0,30.0,crop_protection,herbicide,sprayer,Florpyrauxifen-benzyl,Loyant,0.03,kg/ha,0.0,kg/t,2–3 leaves,0.0,0.0,0.0,0.0,0.0,1.0,1.0,0.0,0.0,0.0,0.0,0.0,1.0,31.24,0.14
C7_2023,Elettra,6.09,4.96,"2,023.00",6.0,30.0,crop_protection,herbicide,sprayer,Florpyrauxifen-benzyl,Loyant,0.03,kg/ha,0.01,kg/t,2–3 leaves,0.0,0.0,0.0,0.0,0.0,1.0,1.0,0.0,0.0,0.0,0.0,0.0,1.0,6.09,0.2
C7_2023,Ronaldo,31.24,6.98,"2,023.00",7.0,10.0,crop_protection,herbicide,sprayer,Bentazone,Baza,0.96,kg/ha,0.14,kg/t,Tillering (start),1.0,0.0,0.0,0.0,0.0,0.0,1.0,0.0,0.0,0.0,0.0,0.0,1.0,31.24,0.14
C7_2023,Elettra,6.09,4.96,"2,023.00",7.0,10.0,crop_protection,herbicide,sprayer,Bentazone,Baza,0.96,kg/ha,0.19,kg/t,Tillering (start),1.0,0.0,0.0,0.0,0.0,0.0,1.0,0.0,0.0,0.0,0.0,0.0,1.0,6.09,0.2
C7_2023,Ronaldo,31.24,6.98,"2,023.00",7.0,11.0,crop_protection,pesticide,sprayer,Flonicamid,Teppeki,0.12,kg/ha,0.02,kg/t,Tillering (start),0.0,0.0,0.0,0.0,0.0,0.0,1.0,0.0,0.0,0.0,0.0,0.0,1.0,31.24,0.14
C7_2023,Elettra,6.09,4.96,"2,023.00",7.0,11.0,crop_protection,pesticide,sprayer,Flonicamid,Teppeki,0.12,kg/ha,0.02,kg/t,Tillering (start),0.0,0.0,0.0,0.0,0.0,0.0,1.0,0.0,0.0,0.0,0.0,0.0,1.0,6.09,0.2
C7_2023,Ronaldo,31.24,6.98,"2,023.00",7.0,12.0,crop_protection,herbicide,sprayer,Profoxydim,Aura,0.15,kg/ha,0.02,kg/t,2–3 leaves,0.0,0.0,0.0,0.0,0.0,1.0,1.0,0.0,0.0,0.0,0.0,0.0,1.0,31.24,0.14
C7_2023,Elettra,6.09,4.96,"2,023.00",7.0,12.0,crop_protection,herbicide,sprayer,Profoxydim,Aura,0.15,kg/ha,0.03,kg/t,2–3 leaves,0.0,0.0,0.0,0.0,0.0,1.0,1.0,0.0,0.0,0.0,0.0,0.0,1.0,6.09,0.2
C7_2023,Ronaldo,31.24,6.98,"2,023.00",7.0,12.0,crop_protection,herbicide,sprayer,Methyl oleate + methyl palmitate,Dash HC,0.16,kg/ha,0.02,kg/t,2–3 leaves,0.0,0.0,0.0,1.0,0.0,0.0,1.0,0.0,0.0,0.0,0.0,0.0,1.0,31.24,0.14
C7_2023,Elettra,6.09,4.96,"2,023.00",7.0,12.0,crop_protection,herbicide,sprayer,Methyl oleate + methyl palmitate,Dash HC,0.16,kg/ha,0.03,kg/t,2–3 leaves,0.0,0.0,0.0,1.0,0.0,0.0,1.0,0.0,0.0,0.0,0.0,0.0,1.0,6.09,0.2
C7_2023,Ronaldo,31.24,6.98,"2,023.00",7.0,12.0,crop_protection,herbicide,sprayer,Florpyrauxifen-benzyl,Loyant,0.03,kg/ha,0.0,kg/t,2–3 leaves,0.0,0.0,0.0,0.0,0.0,0.0,0.0,0.0,1.0,0.0,0.0,0.0,1.0,31.24,0.14
C7_2023,Elettra,6.09,4.96,"2,023.00",7.0,12.0,crop_protection,herbicide,sprayer,Florpyrauxifen-benzyl,Loyant,0.03,kg/ha,0.01,kg/t,2–3 leaves,0.0,0.0,0.0,0.0,0.0,0.0,0.0,0.0,1.0,0.0,0.0,0.0,1.0,6.09,0.2
C7_2024,Ronaldo,22.45,4.42,"2,024.00",5.0,30.0,crop_protection,herbicide,sprayer,Glyphosate,Montana,1.08,kg/ha,0.24,kg/t,Pre-sowing,0.0,0.0,0.0,0.0,0.0,0.0,1.0,0.0,0.0,0.0,0.0,0.0,1.0,22.45,0.23
C7_2024,Caravela,14.9,3.93,"2,024.00",5.0,30.0,crop_protection,herbicide,sprayer,Glyphosate,Montana,1.08,kg/ha,0.28,kg/t,Pre-sowing,1.0,0.0,0.0,0.0,0.0,0.0,1.0,0.0,0.0,0.0,0.0,0.0,1.0,14.9,0.25
C7_2024,Ronaldo,22.45,4.42,"2,024.00",6.0,30.0,crop_protection,herbicide,sprayer,Bispyribac-sodium,Nominee,0.03,kg/ha,0.01,kg/t,2–3 leaves,0.0,0.0,0.0,0.0,0.0,1.0,1.0,0.0,0.0,0.0,0.0,0.0,1.0,22.45,0.23
C7_2024,Ronaldo,22.45,4.42,"2,024.00",6.0,30.0,crop_protection,herbicide,sprayer,Florpyrauxifen-benzyl,Loyant,0.03,kg/ha,0.01,kg/t,2–3 leaves,1.0,0.0,0.0,0.0,0.0,0.0,1.0,0.0,0.0,0.0,0.0,0.0,1.0,22.45,0.23
C7_2024,Caravela,14.9,3.93,"2,024.00",6.0,30.0,crop_protection,herbicide,sprayer,Florpyrauxifen-benzyl,Loyant,0.03,kg/ha,0.01,kg/t,2–3 leaves,0.0,0.0,0.0,0.0,0.0,0.0,1.0,0.0,0.0,0.0,0.0,0.0,1.0,14.9,0.25
C7_2024,Caravela,14.9,3.93,"2,024.00",7.0,10.0,crop_protection,herbicide,sprayer,Bentazone,Baza,0.96,kg/ha,0.24,kg/t,Tillering (start),0.0,0.0,0.0,0.0,0.0,1.0,1.0,0.0,0.0,0.0,0.0,0.0,1.0,14.9,0.25
C7_2024,Ronaldo,22.45,4.42,"2,024.00",7.0,11.0,crop_protection,pesticide,sprayer,Flonicamid,Teppeki,0.12,kg/ha,0.03,kg/t,Tillering (start),0.0,0.0,0.0,0.0,0.0,0.0,0.0,0.0,1.0,0.0,0.0,0.0,1.0,22.45,0.23
C7_2024,Ronaldo,22.45,4.42,"2,024.00",7.0,12.0,crop_protection,herbicide,sprayer,Profoxydim,Aura,0.15,kg/ha,0.03,kg/t,2–3 leaves,0.0,0.0,0.0,0.0,0.0,0.0,1.0,0.0,0.0,0.0,0.0,0.0,1.0,22.45,0.23
C7_2024,Ronaldo,22.45,4.42,"2,024.00",7.0,12.0,crop_protection,herbicide,sprayer,Methyl oleate + methyl palmitate,Dash HC,0.16,kg/ha,0.04,kg/t,2–3 leaves,0.0,0.0,0.0,0.0,0.0,1.0,1.0,0.0,0.0,0.0,0.0,0.0,1.0,22.45,0.23
C7_2024,Ronaldo,22.45,4.42,"2,024.00",7.0,12.0,crop_protection,herbicide,sprayer,Florpyrauxifen-benzyl,Loyant,0.03,kg/ha,0.01,kg/t,2–3 leaves,0.0,0.0,0.0,1.0,0.0,0.0,1.0,0.0,0.0,0.0,0.0,0.0,1.0,22.45,0.23
C8_2022,PVL136IT,12.5,4.15,"2,022.00",4.0,24.0,crop_protection,herbicide,sprayer,Profoxydim,Oristar,0.47,kg/ha,0.11,kg/t,Pre-emergence,0.0,0.0,0.0,0.0,0.0,0.0,1.0,0.0,0.0,0.0,0.0,0.0,1.0,12.5,0.24
C8_2022,Ronaldo,32.5,5.78,"2,022.00",4.0,24.0,crop_protection,herbicide,sprayer,Profoxydim,Oristar,0.47,kg/ha,0.08,kg/t,Pre-emergence,0.0,0.0,0.0,1.0,0.0,0.0,1.0,0.0,0.0,0.0,0.0,0.0,1.0,32.5,0.17
C8_2022,Gládio,12.5,6.45,"2,022.00",4.0,24.0,crop_protection,herbicide,sprayer,Profoxydim,Oristar,0.47,kg/ha,0.07,kg/t,Pre-emergence,0.0,0.0,0.0,1.0,0.0,0.0,1.0,0.0,0.0,0.0,0.0,0.0,1.0,12.5,0.15
C8_2022,Elettra,0.82,4.34,"2,022.00",4.0,24.0,crop_protection,herbicide,sprayer,Profoxydim,Oristar,0.47,kg/ha,0.11,kg/t,Pre-emergence,0.0,1.0,0.0,0.0,0.0,1.0,1.0,0.0,0.0,0.0,0.0,0.0,1.0,0.82,0.23
C8_2022,Ronaldo,32.5,5.78,"2,022.00",5.0,17.0,crop_protection,herbicide,sprayer,Benzobicyclon,Avanza,0.3,kg/ha,0.05,kg/t,Pre-sowing,0.0,1.0,0.0,0.0,0.0,1.0,1.0,0.0,0.0,0.0,0.0,0.0,1.0,32.5,0.17
C8_2022,Ronaldo,32.5,5.78,"2,022.00",6.0,16.0,crop_protection,herbicide,sprayer,Profoxydim,Aura,0.15,kg/ha,0.03,kg/t,2–3 leaves,0.0,0.0,0.0,0.0,0.0,0.0,0.0,1.0,0.0,0.0,0.0,0.0,1.0,32.5,0.17
C8_2022,Ronaldo,32.5,5.78,"2,022.00",6.0,16.0,crop_protection,herbicide,sprayer,Florpyrauxifen-benzyl,Loyant,0.03,kg/ha,0.01,kg/t,2–3 leaves,0.0,0.0,0.0,0.0,0.0,0.0,1.0,0.0,0.0,0.0,0.0,0.0,1.0,32.5,0.17
C8_2022,Ronaldo,32.5,5.78,"2,022.00",6.0,16.0,crop_protection,herbicide,sprayer,Methyl oleate + methyl palmitate,Dash HC,0.16,kg/ha,0.03,kg/t,2–3 leaves,1.0,0.0,0.0,0.0,0.0,0.0,1.0,0.0,0.0,0.0,0.0,1.0,1.0,32.5,0.17
C8_2022,Gládio,12.5,6.45,"2,022.00",6.0,16.0,crop_protection,herbicide,sprayer,Profoxydim,Aura,0.15,kg/ha,0.02,kg/t,2–3 leaves,1.0,0.0,0.0,0.0,0.0,0.0,1.0,0.0,0.0,0.0,0.0,0.0,1.0,12.5,0.15
C8_2022,Gládio,12.5,6.45,"2,022.00",6.0,16.0,crop_protection,herbicide,sprayer,Florpyrauxifen-benzyl,Loyant,0.03,kg/ha,0.0,kg/t,2–3 leaves,0.0,0.0,0.0,0.0,0.0,1.0,1.0,0.0,0.0,0.0,0.0,0.0,1.0,12.5,0.15
C8_2022,Gládio,12.5,6.45,"2,022.00",6.0,16.0,crop_protection,herbicide,sprayer,Methyl oleate + methyl palmitate,Dash HC,0.16,kg/ha,0.02,kg/t,2–3 leaves,0.0,0.0,0.0,0.0,0.0,0.0,0.0,0.0,0.0,0.0,0.0,0.0,1.0,12.5,0.15
C8_2022,Elettra,0.82,4.34,"2,022.00",6.0,16.0,crop_protection,herbicide,sprayer,Profoxydim,Aura,0.15,kg/ha,0.03,kg/t,2–3 leaves,0.0,1.0,0.0,0.0,0.0,1.0,1.0,0.0,0.0,0.0,0.0,0.0,1.0,0.82,0.23
C8_2022,Elettra,0.82,4.34,"2,022.00",6.0,16.0,crop_protection,herbicide,sprayer,Florpyrauxifen-benzyl,Loyant,0.03,kg/ha,0.01,kg/t,2–3 leaves,0.0,1.0,0.0,0.0,0.0,1.0,1.0,0.0,0.0,0.0,0.0,0.0,1.0,0.82,0.23
C8_2022,Elettra,0.82,4.34,"2,022.00",6.0,16.0,crop_protection,herbicide,sprayer,Methyl oleate + methyl palmitate,Dash HC,0.16,kg/ha,0.04,kg/t,2–3 leaves,0.0,0.0,0.0,0.0,0.0,0.0,0.0,1.0,0.0,0.0,0.0,0.0,1.0,0.82,0.23
C8_2022,PVL136IT,12.5,4.15,"2,022.00",6.0,20.0,crop_protection,herbicide,sprayer,Cycloxydim,Verresta,0.25,kg/ha,0.06,kg/t,2–3 leaves,0.0,0.0,0.0,0.0,0.0,0.0,1.0,0.0,0.0,0.0,0.0,0.0,1.0,12.5,0.24
C8_2022,PVL136IT,12.5,4.15,"2,022.00",6.0,22.0,crop_protection,herbicide,sprayer,Bentazone,Baza,0.96,kg/ha,0.23,kg/t,2–3 leaves,1.0,0.0,0.0,0.0,0.0,0.0,1.0,0.0,0.0,0.0,0.0,0.0,1.0,12.5,0.24
C8_2022,PVL136IT,12.5,4.15,"2,022.00",6.0,22.0,crop_protection,herbicide,sprayer,MCPA,Herbinexa,0.5,kg/ha,0.12,kg/t,2–3 leaves,0.0,0.0,0.0,0.0,0.0,1.0,1.0,0.0,0.0,0.0,0.0,0.0,1.0,12.5,0.24
C8_2022,Ronaldo,32.5,5.78,"2,022.00",6.0,23.0,crop_protection,herbicide,sprayer,Bentazone,Kaos,1.92,kg/ha,0.33,kg/t,2–3 leaves,0.0,0.0,0.0,0.0,0.0,0.0,0.0,0.0,0.0,0.0,0.0,0.0,1.0,32.5,0.17
C8_2022,Ronaldo,32.5,5.78,"2,022.00",6.0,23.0,crop_protection,herbicide,sprayer,MCPA,Herbinexa,0.5,kg/ha,0.09,kg/t,2–3 leaves,0.0,1.0,0.0,0.0,0.0,1.0,1.0,0.0,0.0,0.0,0.0,0.0,1.0,32.5,0.17
C8_2022,Gládio,12.5,6.45,"2,022.00",6.0,24.0,crop_protection,herbicide,sprayer,Bentazone,Benta,0.96,kg/ha,0.15,kg/t,2–3 leaves,0.0,1.0,0.0,0.0,0.0,1.0,1.0,0.0,0.0,0.0,0.0,0.0,1.0,12.5,0.15
C8_2022,Gládio,12.5,6.45,"2,022.00",6.0,24.0,crop_protection,herbicide,sprayer,MCPA,Herbinexa,0.5,kg/ha,0.08,kg/t,2–3 leaves,0.0,0.0,0.0,0.0,0.0,0.0,0.0,1.0,0.0,0.0,0.0,0.0,1.0,12.5,0.15
C8_2022,PVL136IT,12.5,4.15,"2,022.00",6.0,25.0,crop_protection,pesticide,sprayer,Flonicamid,Teppeki,0.12,kg/ha,0.03,kg/t,Tillering,0.0,0.0,0.0,0.0,0.0,0.0,1.0,0.0,0.0,0.0,0.0,0.0,1.0,12.5,0.24
C8_2022,Ronaldo,32.5,5.78,"2,022.00",6.0,25.0,crop_protection,pesticide,sprayer,Flonicamid,Teppeki,0.12,kg/ha,0.02,kg/t,Tillering,1.0,0.0,0.0,0.0,0.0,0.0,1.0,0.0,0.0,0.0,0.0,0.0,1.0,32.5,0.17
C8_2022,Gládio,12.5,6.45,"2,022.00",6.0,25.0,crop_protection,pesticide,sprayer,Flonicamid,Teppeki,0.12,kg/ha,0.02,kg/t,Tillering,0.0,0.0,0.0,0.0,0.0,1.0,1.0,0.0,0.0,0.0,0.0,0.0,1.0,12.5,0.15
C8_2022,Elettra,0.82,4.34,"2,022.00",6.0,25.0,crop_protection,pesticide,sprayer,Flonicamid,Teppeki,0.12,kg/ha,0.03,kg/t,Tillering,0.0,0.0,0.0,0.0,0.0,0.0,0.0,0.0,0.0,0.0,0.0,0.0,1.0,0.82,0.23
C8_2022,PVL136IT,12.5,4.15,"2,022.00",6.0,30.0,crop_protection,herbicide,sprayer,Cycloxydim,Verresta,0.25,kg/ha,0.06,kg/t,2–3 leaves,0.0,0.0,0.0,0.0,0.0,0.0,0.0,1.0,0.0,0.0,0.0,0.0,1.0,12.5,0.24
C8_2023,PVL136IT,17.3,3.17,"2,023.00",5.0,10.0,crop_protection,herbicide,sprayer,Benzobicyclon,Avanza,0.3,kg/ha,0.09,kg/t,Pre-emergence,0.0,0.0,0.0,0.0,0.0,0.0,1.0,0.0,0.0,0.0,0.0,0.0,1.0,17.3,0.32
C8_2023,Leonardo,10.0,14.11,"2,023.00",6.0,6.0,crop_protection,herbicide,sprayer,Methyl oleate + methyl palmitate,Dash HC,0.16,kg/ha,0.01,kg/t,2–3 leaves,1.0,0.0,0.0,0.0,0.0,0.0,1.0,0.0,0.0,0.0,0.0,0.0,1.0,10.0,0.07
C8_2023,Leonardo,10.0,14.11,"2,023.00",6.0,6.0,crop_protection,herbicide,sprayer,Profoxydim,Aura,0.15,kg/ha,0.01,kg/t,2–3 leaves,1.0,0.0,0.0,0.0,0.0,0.0,1.0,0.0,0.0,0.0,0.0,0.0,1.0,10.0,0.07
C8_2023,Leonardo,10.0,14.11,"2,023.00",6.0,6.0,crop_protection,herbicide,sprayer,Florpyrauxifen-benzyl,Loyant,0.03,kg/ha,0.0,kg/t,2–3 leaves,0.0,0.0,0.0,0.0,0.0,1.0,1.0,0.0,0.0,0.0,0.0,0.0,1.0,10.0,0.07
C8_2023,PVL136IT,37.8,3.17,"2,023.00",6.0,8.0,crop_protection,herbicide,sprayer,Cycloxydim,Verresta,0.25,kg/ha,0.08,kg/t,2–3 leaves,1.0,0.0,0.0,1.0,0.0,0.0,1.0,0.0,0.0,0.0,0.0,0.0,1.0,37.8,0.32
C8_2023,PVL136IT,37.8,3.17,"2,023.00",6.0,8.0,crop_protection,herbicide,sprayer,Florpyrauxifen-benzyl,Loyant,0.03,kg/ha,0.01,kg/t,2–3 leaves,0.0,0.0,0.0,0.0,0.0,1.0,1.0,0.0,0.0,0.0,0.0,0.0,1.0,37.8,0.32
C8_2023,PVL136IT,37.8,3.17,"2,023.00",6.0,8.0,crop_protection,herbicide,sprayer,Methyl oleate + methyl palmitate,Dash HC,0.16,kg/ha,0.05,kg/t,2–3 leaves,1.0,0.0,0.0,0.0,0.0,0.0,1.0,0.0,0.0,0.0,0.0,0.0,1.0,37.8,0.32
C8_2023,PVL136IT,37.8,3.17,"2,023.00",6.0,20.0,crop_protection,herbicide,sprayer,Cycloxydim,Verresta,0.25,kg/ha,0.08,kg/t,Tillering (start),1.0,0.0,0.0,1.0,0.0,0.0,1.0,0.0,0.0,0.0,0.0,0.0,1.0,37.8,0.32
C8_2023,PVL136IT,37.8,3.17,"2,023.00",6.0,20.0,crop_protection,herbicide,sprayer,Florpyrauxifen-benzyl,Loyant,0.03,kg/ha,0.01,kg/t,Tillering (start),0.0,0.0,0.0,0.0,0.0,1.0,1.0,0.0,0.0,0.0,0.0,0.0,1.0,37.8,0.32
C8_2023,PVL136IT,37.8,3.17,"2,023.00",6.0,20.0,crop_protection,herbicide,sprayer,Methyl oleate + methyl palmitate,Dash HC,0.16,kg/ha,0.05,kg/t,Tillering (start),1.0,0.0,0.0,0.0,0.0,0.0,1.0,0.0,0.0,0.0,0.0,0.0,1.0,37.8,0.32
C8_2023,PVL136IT,37.8,3.17,"2,023.00",6.0,26.0,crop_protection,herbicide,sprayer,MCPA,Herbinexa,0.5,kg/ha,0.16,kg/t,Tillering,0.0,0.0,0.0,0.0,0.0,1.0,1.0,0.0,0.0,0.0,0.0,0.0,1.0,37.8,0.32
C8_2023,Selénio,5.9,2.07,"2,023.00",6.0,26.0,crop_protection,herbicide,sprayer,MCPA,Herbinexa,0.5,kg/ha,0.24,kg/t,Tillering,0.0,0.0,0.0,0.0,0.0,1.0,1.0,0.0,0.0,0.0,0.0,0.0,1.0,5.9,0.48
C8_2023,PVL136IT,37.8,3.17,"2,023.00",6.0,26.0,crop_protection,herbicide,sprayer,Bentazone,Kaos,1.92,kg/ha,0.61,kg/t,Tillering,0.0,0.0,0.0,0.0,0.0,1.0,1.0,0.0,0.0,0.0,0.0,0.0,1.0,37.8,0.32
C8_2023,Selénio,5.9,2.07,"2,023.00",6.0,26.0,crop_protection,herbicide,sprayer,Bentazone,Kaos,1.92,kg/ha,0.93,kg/t,Tillering,0.0,0.0,0.0,0.0,0.0,1.0,1.0,0.0,0.0,0.0,0.0,0.0,1.0,5.9,0.48
C8_2023,PVL136IT,37.8,3.17,"2,023.00",7.0,10.0,crop_protection,pesticide,sprayer,Bacillus thuringiensis,Dipel DF,0.54,kg/ha,0.17,kg/t,Panicle initiation,0.0,0.0,0.0,0.0,0.0,0.0,0.0,0.0,0.0,0.0,1.0,0.0,1.0,37.8,0.32
C8_2023,PVL136IT,37.8,3.17,"2,023.00",7.0,17.0,crop_protection,pesticide,sprayer,Flonicamid,Teppeki,0.12,kg/ha,0.04,kg/t,Panicle initiation,0.0,0.0,0.0,0.0,0.0,0.0,0.0,0.0,1.0,0.0,0.0,0.0,1.0,37.8,0.32
C8_2023,Leonardo,14.34,14.11,"2,023.00",7.0,17.0,crop_protection,pesticide,sprayer,Flonicamid,Teppeki,0.12,kg/ha,0.01,kg/t,Panicle initiation,0.0,0.0,0.0,0.0,0.0,0.0,0.0,0.0,1.0,0.0,0.0,0.0,1.0,14.34,0.07
C8_2023,Selénio,5.9,2.07,"2,023.00",7.0,17.0,crop_protection,pesticide,sprayer,Flonicamid,Teppeki,0.12,kg/ha,0.06,kg/t,Panicle initiation,0.0,0.0,0.0,0.0,0.0,0.0,0.0,0.0,1.0,0.0,0.0,0.0,1.0,5.9,0.48
C8_2024,Selénio,4.0,1.52,"2,024.00",6.0,12.0,crop_protection,herbicide,sprayer,Methyl oleate + methyl palmitate,Dash HC,0.16,kg/ha,0.1,kg/t,2–3 leaves,0.0,0.0,0.0,0.0,0.0,0.0,1.0,0.0,0.0,0.0,0.0,0.0,1.0,4.0,0.66
C8_2024,Ronaldo,17.2,3.98,"2,024.00",6.0,12.0,crop_protection,herbicide,sprayer,Methyl oleate + methyl palmitate,Dash HC,0.16,kg/ha,0.04,kg/t,2–3 leaves,0.0,0.0,0.0,0.0,0.0,0.0,1.0,0.0,0.0,0.0,0.0,0.0,1.0,17.2,0.25
C8_2024,Ronaldo,17.2,3.98,"2,024.00",6.0,12.0,crop_protection,herbicide,sprayer,Profoxydim,Aura,0.15,kg/ha,0.04,kg/t,2–3 leaves,1.0,0.0,0.0,0.0,0.0,0.0,0.0,0.0,0.0,0.0,0.0,0.0,1.0,17.2,0.25
C8_2024,Ronaldo,17.2,3.98,"2,024.00",6.0,12.0,crop_protection,herbicide,sprayer,Florpyrauxifen-benzyl,Loyant,0.03,kg/ha,0.01,kg/t,2–3 leaves,0.0,0.0,0.0,0.0,0.0,1.0,0.0,0.0,0.0,0.0,0.0,0.0,1.0,17.2,0.25
C8_2024,Leonardo,25.42,3.77,"2,024.00",6.0,12.0,crop_protection,herbicide,sprayer,Cyhalofop-butyl + Florpyrauxifen-benzyl,Agixa,0.7,kg/ha,0.19,kg/t,2–3 leaves,0.0,0.0,0.0,0.0,0.0,1.0,0.0,0.0,0.0,0.0,0.0,0.0,1.0,25.42,0.26
C8_2024,PVL136IT,12.5,5.06,"2,024.00",6.0,16.0,crop_protection,herbicide,sprayer,Methyl oleate + methyl palmitate,Dash HC,0.16,kg/ha,0.03,kg/t,2–3 leaves,1.0,0.0,0.0,0.0,0.0,0.0,1.0,0.0,0.0,0.0,0.0,0.0,1.0,12.5,0.2
C8_2024,PVL136IT,12.5,5.06,"2,024.00",6.0,16.0,crop_protection,herbicide,sprayer,Cycloxydim,Verresta,0.25,kg/ha,0.05,kg/t,2–3 leaves,1.0,0.0,0.0,1.0,0.0,0.0,0.0,0.0,0.0,0.0,0.0,0.0,1.0,12.5,0.2
C8_2024,PVL136IT,12.5,5.06,"2,024.00",6.0,16.0,crop_protection,herbicide,sprayer,Florpyrauxifen-benzyl,Loyant,0.03,kg/ha,0.01,kg/t,2–3 leaves,0.0,0.0,0.0,0.0,0.0,1.0,0.0,0.0,0.0,0.0,0.0,0.0,1.0,12.5,0.2
C8_2024,PVL136IT,12.5,5.06,"2,024.00",7.0,3.0,crop_protection,herbicide,sprayer,Methyl oleate + methyl palmitate,Dash HC,0.16,kg/ha,0.03,kg/t,2–3 leaves,1.0,0.0,0.0,0.0,0.0,0.0,1.0,0.0,0.0,0.0,0.0,0.0,1.0,12.5,0.2
C8_2024,PVL136IT,12.5,5.06,"2,024.00",7.0,3.0,crop_protection,herbicide,sprayer,Cycloxydim,Verresta,0.25,kg/ha,0.05,kg/t,2–3 leaves,1.0,0.0,0.0,1.0,0.0,0.0,0.0,0.0,0.0,0.0,0.0,0.0,1.0,12.5,0.2
C8_2024,PVL136IT,12.5,5.06,"2,024.00",7.0,3.0,crop_protection,herbicide,sprayer,Florpyrauxifen-benzyl,Loyant,0.03,kg/ha,0.01,kg/t,2–3 leaves,0.0,0.0,0.0,0.0,0.0,1.0,0.0,0.0,0.0,0.0,0.0,0.0,1.0,12.5,0.2
C8_2024,Leonardo,25.42,3.77,"2,024.00",8.0,1.0,crop_protection,fungicide,sprayer,Azoxystrobin,Amistar Top,0.36,kg/ha,0.09,kg/t,Panicle emergence (heading),0.0,0.0,0.0,0.0,0.0,0.0,0.0,0.0,0.0,0.0,0.0,0.0,1.0,25.42,0.26
D1_2022,Leonardo,12.25,1.36,"2,022.00",4.0,20.0,crop_protection,herbicide,sprayer,Pendimetalina,Activus Caps,1.0,kg/ha,0.73,kg/t,Pre-emergence,0.0,0.0,0.0,0.0,0.0,0.0,1.0,0.0,0.0,0.0,0.0,0.0,1.0,12.25,0.73
D1_2022,Leonardo,11.5,1.36,"2,022.00",5.0,12.0,crop_protection,herbicide,sprayer,Profoxydim,Oristar,0.47,kg/ha,0.34,kg/t,2–3 leaves,0.0,0.0,0.0,0.0,0.0,0.0,1.0,0.0,0.0,0.0,0.0,0.0,1.0,11.5,0.73
D1_2022,Leonardo,12.25,1.36,"2,022.00",5.0,13.0,crop_protection,fungicide,sprayer,Chlorothalonil,Splash,0.59,kg/ha,0.43,kg/t,2–3 leaves,1.0,0.0,0.0,0.0,0.0,1.0,1.0,0.0,0.0,0.0,0.0,0.0,1.0,12.25,0.73
D1_2022,Leonardo,12.25,1.36,"2,022.00",5.0,13.0,crop_protection,herbicide,sprayer,Profoxydim,Profistar,0.15,kg/ha,0.11,kg/t,2–3 leaves,1.0,0.0,0.0,0.0,0.0,1.0,1.0,0.0,0.0,0.0,0.0,0.0,1.0,12.25,0.73
D1_2022,Leonardo,6.0,1.36,"2,022.00",5.0,13.0,crop_protection,herbicide,sprayer,Azimsulfuron,Gulliver,0.04,kg/ha,0.03,kg/t,2–3 leaves,1.0,0.0,0.0,0.0,0.0,0.0,1.0,0.0,0.0,0.0,0.0,0.0,1.0,6.0,0.73
D1_2022,Leonardo,12.25,1.36,"2,022.00",5.0,14.0,crop_protection,herbicide,sprayer,Halosulfuron,Permit,0.05,kg/ha,0.04,kg/t,2–3 leaves,0.0,1.0,0.0,0.0,0.0,0.0,1.0,0.0,0.0,0.0,0.0,0.0,1.0,12.25,0.73
D1_2022,Leonardo,12.25,1.36,"2,022.00",5.0,14.0,crop_protection,herbicide,sprayer,MCPA,Herbinexa,0.5,kg/ha,0.37,kg/t,2–3 leaves,0.0,0.0,0.0,0.0,0.0,1.0,1.0,0.0,0.0,0.0,0.0,0.0,1.0,12.25,0.73
D1_2022,Leonardo,12.25,1.36,"2,022.00",6.0,10.0,crop_protection,fungicide,sprayer,Azoxystrobin,Amistar Top,0.36,kg/ha,0.26,kg/t,Tillering (start),0.0,0.0,1.0,0.0,0.0,0.0,0.0,0.0,0.0,0.0,0.0,0.0,1.0,12.25,0.73
D1_2022,Leonardo,4.2,1.36,"2,022.00",6.0,10.0,crop_protection,pesticide,sprayer,Flonicamid,Teppeki,0.12,kg/ha,0.09,kg/t,Tillering (start),0.0,0.0,0.0,0.0,0.0,0.0,0.0,0.0,1.0,0.0,0.0,0.0,1.0,4.2,0.73
D1_2023,Carnaroli,17.99,4.9,"2,023.00",5.0,10.0,crop_protection,herbicide,sprayer,Benzobicyclon,Avanza,0.3,kg/ha,0.06,kg/t,Pre-emergence,0.0,0.0,0.0,0.0,0.0,0.0,1.0,0.0,0.0,0.0,0.0,0.0,1.0,17.99,0.2
D1_2023,Carnaroli,17.99,4.9,"2,023.00",6.0,15.0,crop_protection,herbicide,sprayer,Sodium lauryl ether diglycol sulfate,Biopower,0.14,kg/ha,0.03,kg/t,2–3 leaves,0.0,0.0,0.0,0.0,0.0,0.0,1.0,0.0,0.0,0.0,0.0,0.0,1.0,17.99,0.2
D1_2023,Carnaroli,17.99,4.9,"2,023.00",6.0,15.0,crop_protection,herbicide,sprayer,Bispyribac-sodium,Nominee,0.03,kg/ha,0.01,kg/t,2–3 leaves,1.0,0.0,0.0,0.0,0.0,0.0,1.0,0.0,0.0,0.0,0.0,0.0,1.0,17.99,0.2
D1_2023,Carnaroli,17.99,4.9,"2,023.00",6.0,15.0,crop_protection,herbicide,sprayer,Florpyrauxifen-benzyl,Loyant,0.03,kg/ha,0.01,kg/t,2–3 leaves,0.0,0.0,0.0,0.0,0.0,1.0,1.0,0.0,0.0,0.0,0.0,0.0,1.0,17.99,0.2
D1_2023,Carnaroli,17.99,4.9,"2,023.00",6.0,15.0,crop_protection,herbicide,sprayer,Azimsulfuron,Gulliver,0.04,kg/ha,0.01,kg/t,2–3 leaves,0.0,0.0,0.0,0.0,0.0,1.0,1.0,0.0,0.0,0.0,0.0,0.0,1.0,17.99,0.2
D1_2023,Carnaroli,17.99,4.9,"2,023.00",6.0,20.0,crop_protection,herbicide,sprayer,Halosulfuron,Permit,0.05,kg/ha,0.01,kg/t,Tillering,0.0,0.0,0.0,0.0,0.0,1.0,1.0,0.0,0.0,0.0,0.0,0.0,1.0,17.99,0.2
D1_2023,Carnaroli,17.99,4.9,"2,023.00",6.0,20.0,crop_protection,herbicide,sprayer,MCPA,Herbinexa,0.5,kg/ha,0.1,kg/t,Tillering,0.0,0.0,0.0,0.0,0.0,1.0,1.0,0.0,0.0,0.0,0.0,0.0,1.0,17.99,0.2
D1_2023,Carnaroli,17.99,4.9,"2,023.00",8.0,1.0,crop_protection,pesticide,sprayer,Flonicamid,Afinto,0.12,kg/ha,0.02,kg/t,Panicle emergence (heading),0.0,0.0,0.0,0.0,0.0,0.0,0.0,0.0,1.0,0.0,0.0,0.0,1.0,17.99,0.2
D1_2024,Ronaldo,13.0,6.42,"2,024.00",6.0,12.0,crop_protection,herbicide,sprayer,Methyl oleate + methyl palmitate,Dash HC,0.16,kg/ha,0.02,kg/t,2–3 leaves,0.0,0.0,0.0,0.0,0.0,0.0,1.0,0.0,0.0,0.0,0.0,0.0,1.0,13.0,0.16
D1_2024,Ronaldo,13.0,6.42,"2,024.00",6.0,12.0,crop_protection,herbicide,sprayer,Profoxydim,Aura,0.15,kg/ha,0.02,kg/t,2–3 leaves,1.0,0.0,0.0,0.0,0.0,0.0,1.0,0.0,0.0,0.0,0.0,0.0,1.0,13.0,0.16
D1_2024,Ronaldo,13.0,6.42,"2,024.00",6.0,12.0,crop_protection,herbicide,sprayer,Florpyrauxifen-benzyl,Loyant,0.03,kg/ha,0.0,kg/t,2–3 leaves,0.0,0.0,0.0,0.0,0.0,1.0,1.0,0.0,0.0,0.0,0.0,0.0,1.0,13.0,0.16
D1_2024,Leonardo,25.42,3.77,"2,024.00",6.0,12.0,crop_protection,herbicide,sprayer,Cyhalofop-butyl + Florpyrauxifen-benzyl,Agixa,0.7,kg/ha,0.19,kg/t,2–3 leaves,0.0,0.0,0.0,0.0,0.0,1.0,1.0,0.0,0.0,0.0,0.0,0.0,1.0,25.42,0.26
D1_2024,PVL136IT,1.8,5.56,"2,024.00",6.0,16.0,crop_protection,herbicide,sprayer,Methyl oleate + methyl palmitate,Dash HC,0.16,kg/ha,0.03,kg/t,2–3 leaves,1.0,0.0,0.0,0.0,0.0,0.0,1.0,0.0,0.0,0.0,0.0,0.0,1.0,1.8,0.18
D1_2024,PVL136IT,1.8,5.56,"2,024.00",6.0,16.0,crop_protection,herbicide,sprayer,Cycloxydim,Verresta,0.25,kg/ha,0.04,kg/t,2–3 leaves,1.0,0.0,0.0,1.0,0.0,0.0,1.0,0.0,0.0,0.0,0.0,0.0,1.0,1.8,0.18
D1_2024,PVL136IT,1.8,5.56,"2,024.00",6.0,16.0,crop_protection,herbicide,sprayer,Florpyrauxifen-benzyl,Loyant,0.03,kg/ha,0.01,kg/t,2–3 leaves,0.0,0.0,0.0,0.0,0.0,1.0,1.0,0.0,0.0,0.0,0.0,0.0,1.0,1.8,0.18
D1_2024,PVL136IT,1.8,5.56,"2,024.00",7.0,3.0,crop_protection,herbicide,sprayer,Methyl oleate + methyl palmitate,Dash HC,0.16,kg/ha,0.03,kg/t,2–3 leaves,1.0,0.0,0.0,0.0,0.0,0.0,1.0,0.0,0.0,0.0,0.0,0.0,1.0,1.8,0.18
D1_2024,PVL136IT,1.8,5.56,"2,024.00",7.0,3.0,crop_protection,herbicide,sprayer,Cycloxydim,Verresta,0.25,kg/ha,0.04,kg/t,2–3 leaves,1.0,0.0,0.0,1.0,0.0,0.0,1.0,0.0,0.0,0.0,0.0,0.0,1.0,1.8,0.18
D1_2024,PVL136IT,1.8,5.56,"2,024.00",7.0,3.0,crop_protection,herbicide,sprayer,Florpyrauxifen-benzyl,Loyant,0.03,kg/ha,0.01,kg/t,2–3 leaves,0.0,0.0,0.0,0.0,0.0,1.0,1.0,0.0,0.0,0.0,0.0,0.0,1.0,1.8,0.18
D1_2024,Leonardo,25.42,3.77,"2,024.00",8.0,1.0,crop_protection,fungicide,sprayer,Azoxystrobin,Amistar Top,0.36,kg/ha,0.09,kg/t,Panicle emergence (heading),0.0,0.0,1.0,0.0,0.0,0.0,0.0,0.0,0.0,0.0,0.0,0.0,1.0,25.42,0.26
D2_2022,Luna CL,18.21,1.23,"2,022.00",4.0,20.0,crop_protection,herbicide,sprayer,Pendimetalina,Activus Caps,1.0,kg/ha,0.81,kg/t,Pre-emergence,0.0,0.0,0.0,0.0,0.0,0.0,1.0,0.0,0.0,0.0,0.0,0.0,1.0,18.21,0.81
D2_2022,Luna CL,18.21,1.23,"2,022.00",5.0,12.0,crop_protection,herbicide,sprayer,Profoxydim,Oristar,0.47,kg/ha,0.38,kg/t,Pre-emergence,0.0,0.0,0.0,0.0,0.0,0.0,1.0,0.0,0.0,0.0,0.0,0.0,1.0,18.21,0.81
D2_2022,Luna CL,18.21,1.23,"2,022.00",6.0,3.0,crop_protection,fungicide,sprayer,Chlorothalonil,Splash,0.59,kg/ha,0.48,kg/t,2 leaves,1.0,0.0,0.0,0.0,0.0,1.0,1.0,0.0,0.0,0.0,0.0,0.0,1.0,18.21,0.81
D2_2022,Luna CL,18.21,1.23,"2,022.00",6.0,3.0,crop_protection,herbicide,sprayer,Imazamox,Beyond,0.04,kg/ha,0.03,kg/t,2 leaves,1.0,0.0,0.0,0.0,0.0,1.0,1.0,0.0,0.0,0.0,0.0,0.0,1.0,18.21,0.81
D2_2022,Luna CL,18.21,1.23,"2,022.00",6.0,3.0,crop_protection,herbicide,sprayer,Profoxydim,Profistar,0.15,kg/ha,0.12,kg/t,2 leaves,1.0,0.0,0.0,0.0,0.0,1.0,1.0,0.0,0.0,0.0,0.0,0.0,1.0,18.21,0.81
D2_2022,Luna CL,18.21,1.23,"2,022.00",6.0,5.0,crop_protection,herbicide,sprayer,Bispyribac-sodium,Nominee,0.03,kg/ha,0.02,kg/t,2 leaves,1.0,1.0,0.0,0.0,0.0,0.0,1.0,0.0,0.0,0.0,0.0,0.0,1.0,18.21,0.81
D2_2022,Luna CL,18.21,1.23,"2,022.00",6.0,5.0,crop_protection,herbicide,sprayer,Sodium lauryl ether diglycol sulfate,Biopower,0.14,kg/ha,0.12,kg/t,2 leaves,1.0,1.0,0.0,0.0,0.0,0.0,1.0,0.0,0.0,0.0,0.0,0.0,1.0,18.21,0.81
D2_2022,Luna CL,18.21,1.23,"2,022.00",6.0,5.0,crop_protection,herbicide,sprayer,Halosulfuron,Permit,0.05,kg/ha,0.04,kg/t,2 leaves,0.0,1.0,0.0,0.0,0.0,0.0,1.0,0.0,0.0,0.0,0.0,0.0,1.0,18.21,0.81
D2_2023,Luna CL,18.22,4.84,"2,023.00",5.0,7.0,crop_protection,herbicide,sprayer,Benzobicyclon,Avanza,0.3,kg/ha,0.06,kg/t,Pre-sowing,0.0,0.0,0.0,0.0,0.0,0.0,1.0,0.0,0.0,0.0,0.0,0.0,1.0,18.22,0.21
D2_2023,Luna CL,18.22,4.84,"2,023.00",6.0,2.0,crop_protection,herbicide,sprayer,Bispyribac-sodium,Nominee,0.03,kg/ha,0.01,kg/t,2–3 leaves,0.0,0.0,0.0,0.0,0.0,0.0,1.0,0.0,0.0,0.0,0.0,0.0,1.0,18.22,0.21
D2_2023,Luna CL,18.22,4.84,"2,023.00",6.0,3.0,crop_protection,herbicide,sprayer,Sodium lauryl ether diglycol sulfate,Biopower,0.14,kg/ha,0.03,kg/t,2–3 leaves,1.0,0.0,0.0,0.0,0.0,0.0,1.0,0.0,0.0,0.0,0.0,0.0,1.0,18.22,0.21
D2_2023,Luna CL,18.22,4.84,"2,023.00",6.0,3.0,crop_protection,herbicide,sprayer,Florpyrauxifen-benzyl,Loyant,0.03,kg/ha,0.01,kg/t,2–3 leaves,0.0,0.0,0.0,0.0,0.0,1.0,1.0,0.0,0.0,0.0,0.0,0.0,1.0,18.22,0.21
D2_2023,Luna CL,18.22,4.84,"2,023.00",6.0,5.0,crop_protection,herbicide,sprayer,Methyl oleate + methyl palmitate,Dash HC,0.16,kg/ha,0.03,kg/t,2–3 leaves,1.0,0.0,0.0,0.0,0.0,0.0,1.0,0.0,0.0,0.0,0.0,0.0,1.0,18.22,0.21
D2_2023,Luna CL,18.22,4.84,"2,023.00",6.0,5.0,crop_protection,herbicide,sprayer,Profoxydim,Aura,0.15,kg/ha,0.03,kg/t,2–3 leaves,1.0,0.0,0.0,1.0,0.0,0.0,1.0,0.0,0.0,0.0,0.0,0.0,1.0,18.22,0.21
D2_2023,Luna CL,18.22,4.84,"2,023.00",6.0,5.0,crop_protection,herbicide,sprayer,Florpyrauxifen-benzyl,Loyant,0.03,kg/ha,0.01,kg/t,2–3 leaves,0.0,0.0,0.0,0.0,0.0,1.0,1.0,0.0,0.0,0.0,0.0,0.0,1.0,18.22,0.21
D2_2023,Luna CL,18.22,4.84,"2,023.00",6.0,5.0,crop_protection,herbicide,sprayer,Imazamox,Beyond,0.04,kg/ha,0.01,kg/t,2–3 leaves,1.0,0.0,0.0,1.0,0.0,0.0,1.0,0.0,0.0,0.0,0.0,0.0,1.0,18.22,0.21
D2_2023,Luna CL,18.22,4.84,"2,023.00",7.0,10.0,crop_protection,pesticide,sprayer,Flonicamid,Afinto,0.12,kg/ha,0.02,kg/t,Panicle emergence (heading),0.0,0.0,0.0,0.0,0.0,0.0,0.0,0.0,1.0,0.0,0.0,0.0,1.0,18.22,0.21
D2_2023,Luna CL,18.22,4.84,"2,023.00",7.0,11.0,crop_protection,fungicide,sprayer,Azoxystrobin,Amistar Top,0.36,kg/ha,0.07,kg/t,Panicle emergence (heading),0.0,0.0,1.0,0.0,0.0,0.0,0.0,0.0,0.0,0.0,0.0,0.0,1.0,18.22,0.21
D2_2024,PVL136IT,18.22,6.77,"2,024.00",6.0,12.0,crop_protection,herbicide,sprayer,Methyl oleate + methyl palmitate,Dash HC,0.16,kg/ha,0.02,kg/t,2–3 leaves,0.0,0.0,0.0,0.0,0.0,0.0,1.0,0.0,0.0,0.0,0.0,0.0,1.0,18.22,0.15
D2_2024,PVL136IT,18.22,6.77,"2,024.00",6.0,12.0,crop_protection,herbicide,sprayer,Profoxydim,Aura,0.15,kg/ha,0.02,kg/t,2–3 leaves,1.0,0.0,0.0,0.0,0.0,0.0,1.0,0.0,0.0,0.0,0.0,0.0,1.0,18.22,0.15
D2_2024,PVL136IT,18.22,6.77,"2,024.00",6.0,12.0,crop_protection,herbicide,sprayer,Florpyrauxifen-benzyl,Loyant,0.03,kg/ha,0.0,kg/t,2–3 leaves,0.0,0.0,0.0,0.0,0.0,1.0,1.0,0.0,0.0,0.0,0.0,0.0,1.0,18.22,0.15
D2_2024,PVL136IT,18.22,6.77,"2,024.00",6.0,16.0,crop_protection,herbicide,sprayer,Methyl oleate + methyl palmitate,Dash HC,0.16,kg/ha,0.02,kg/t,2–3 leaves,1.0,0.0,0.0,0.0,0.0,0.0,1.0,0.0,0.0,0.0,0.0,0.0,1.0,18.22,0.15
D2_2024,PVL136IT,18.22,6.77,"2,024.00",6.0,16.0,crop_protection,herbicide,sprayer,Cycloxydim,Verresta,0.25,kg/ha,0.04,kg/t,2–3 leaves,1.0,0.0,0.0,1.0,0.0,0.0,1.0,0.0,0.0,0.0,0.0,0.0,1.0,18.22,0.15
D2_2024,PVL136IT,18.22,6.77,"2,024.00",6.0,16.0,crop_protection,herbicide,sprayer,Florpyrauxifen-benzyl,Loyant,0.03,kg/ha,0.0,kg/t,2–3 leaves,0.0,0.0,0.0,0.0,0.0,1.0,1.0,0.0,0.0,0.0,0.0,0.0,1.0,18.22,0.15
D2_2024,PVL136IT,18.22,6.77,"2,024.00",7.0,3.0,crop_protection,herbicide,sprayer,Methyl oleate + methyl palmitate,Dash HC,0.16,kg/ha,0.02,kg/t,2–3 leaves,1.0,0.0,0.0,0.0,0.0,0.0,1.0,0.0,0.0,0.0,0.0,0.0,1.0,18.22,0.15
D2_2024,PVL136IT,18.22,6.77,"2,024.00",7.0,3.0,crop_protection,herbicide,sprayer,Cycloxydim,Verresta,0.25,kg/ha,0.04,kg/t,2–3 leaves,1.0,0.0,0.0,1.0,0.0,0.0,1.0,0.0,0.0,0.0,0.0,0.0,1.0,18.22,0.15
D2_2024,PVL136IT,18.22,6.77,"2,024.00",7.0,3.0,crop_protection,herbicide,sprayer,Florpyrauxifen-benzyl,Loyant,0.03,kg/ha,0.0,kg/t,2–3 leaves,0.0,0.0,0.0,0.0,0.0,1.0,1.0,0.0,0.0,0.0,0.0,0.0,1.0,18.22,0.15
NT1_2023,Velox,14.92,6.49,"2,023.00",5.0,10.0,crop_protection,herbicide,sprayer,Glyphosate,Roundup Ultramax,0.05,kg/ha,0.01,kg/t,Pre-sowing,0.0,0.0,0.0,0.0,0.0,0.0,1.0,0.0,0.0,0.0,0.0,0.0,1.0,14.92,0.15
NT1_2023,Velox,14.92,6.49,"2,023.00",6.0,30.0,crop_protection,herbicide,sprayer,Florpyrauxifen-benzyl,Loyant,0.03,kg/ha,0.0,kg/t,4 leaves,0.0,0.0,0.0,0.0,0.0,1.0,1.0,0.0,0.0,0.0,0.0,0.0,1.0,14.92,0.15
NT1_2023,Velox,14.92,6.49,"2,023.00",7.0,12.0,crop_protection,herbicide,sprayer,Azimsulfuron,Gulliver,0.04,kg/ha,0.01,kg/t,2–3 leaves,1.0,1.0,0.0,0.0,0.0,0.0,1.0,0.0,0.0,0.0,0.0,0.0,1.0,14.92,0.15
NT1_2024,Ronaldo,37.9,7.11,"2,024.00",5.0,10.0,crop_protection,herbicide,sprayer,Glyphosate,Satelite,0.05,kg/ha,0.01,kg/t,Pre-sowing,0.0,0.0,0.0,0.0,0.0,0.0,1.0,0.0,0.0,0.0,0.0,0.0,1.0,37.9,0.14
NT1_2024,Ronaldo,37.9,7.11,"2,024.00",6.0,20.0,crop_protection,herbicide,sprayer,Florpyrauxifen-benzyl,Loyant,0.03,kg/ha,0.0,kg/t,4 leaves,0.0,0.0,0.0,0.0,0.0,1.0,1.0,0.0,0.0,0.0,0.0,0.0,1.0,37.9,0.14
NT1_2024,Ronaldo,37.9,7.11,"2,024.00",6.0,20.0,crop_protection,herbicide,sprayer,Profoxydim,Aura,0.15,kg/ha,0.02,kg/t,4 leaves,1.0,0.0,0.0,0.0,0.0,0.0,1.0,0.0,0.0,0.0,0.0,0.0,1.0,37.9,0.14
NT1_2024,Ronaldo,37.9,7.11,"2,024.00",6.0,20.0,crop_protection,herbicide,sprayer,Methyl oleate + methyl palmitate,Dash HC,0.16,kg/ha,0.02,kg/t,4 leaves,1.0,0.0,0.0,0.0,0.0,0.0,1.0,0.0,0.0,0.0,0.0,0.0,1.0,37.9,0.14
NT1_2024,Ronaldo,37.9,7.11,"2,024.00",7.0,10.0,crop_protection,herbicide,sprayer,Bentazone,Baza,0.96,kg/ha,0.14,kg/t,Tillering (start),0.0,1.0,0.0,0.0,0.0,0.0,1.0,0.0,0.0,0.0,0.0,0.0,1.0,37.9,0.14
NT2_2022,Luna CL,20.42,4.07,"2,022.00",4.0,18.0,crop_protection,herbicide,sprayer,Clomazona ,Command,0.36,kg/ha,0.09,kg/t,Pre-emergence,0.0,0.0,0.0,0.0,0.0,0.0,1.0,0.0,0.0,0.0,0.0,0.0,1.0,20.42,0.25
NT2_2022,Luna CL,20.42,4.07,"2,022.00",5.0,19.0,crop_protection,herbicide,sprayer,Imazamox,Beyond,0.04,kg/ha,0.01,kg/t,2–3 leaves,0.0,0.0,0.0,1.0,0.0,0.0,1.0,0.0,0.0,0.0,0.0,0.0,1.0,20.42,0.25
NT2_2022,Luna CL,20.42,4.07,"2,022.00",5.0,19.0,crop_protection,herbicide,sprayer,Cyhalofop-butyl,Clincher Plus,0.3,kg/ha,0.07,kg/t,2–3 leaves,1.0,0.0,0.0,0.0,0.0,0.0,1.0,0.0,0.0,0.0,0.0,0.0,1.0,20.42,0.25
NT2_2022,Luna CL,20.42,4.07,"2,022.00",6.0,6.0,crop_protection,herbicide,sprayer,Imazamox,Beyond,0.04,kg/ha,0.01,kg/t,2–3 leaves,0.0,0.0,0.0,1.0,0.0,0.0,1.0,0.0,0.0,0.0,0.0,0.0,1.0,20.42,0.25
NT2_2022,Luna CL,20.42,4.07,"2,022.00",6.0,6.0,crop_protection,herbicide,sprayer,Profoxydim,Aura,0.15,kg/ha,0.04,kg/t,2–3 leaves,1.0,0.0,0.0,0.0,0.0,0.0,1.0,0.0,0.0,0.0,0.0,0.0,1.0,20.42,0.25
NT2_2022,Luna CL,20.42,4.07,"2,022.00",6.0,6.0,crop_protection,herbicide,sprayer,Methyl oleate + methyl palmitate,Dash HC,0.16,kg/ha,0.04,kg/t,2–3 leaves,0.0,0.0,0.0,0.0,0.0,0.0,1.0,0.0,0.0,0.0,0.0,0.0,1.0,20.42,0.25
NT2_2023,PVL136IT,20.19,7.306,"2,023.00",5.0,1.0,crop_protection,Herbicide,sprayer,Glyphosate,Touchdown,1.5,kg/ha,0.21,kg/t,Pre-Sowing,,,,1.0,,,1.0,,,,,,1.0,20.19,0.14
NT2_2023,PVL136IT,20.19,7.306,"2,023.00",5.0,1.0,crop_protection,Herbicide,sprayer,Sodium lauryl ether diglycol sulfate,Biopower,0.14,kg/ha,0.02,kg/t,Pre-Sowing,,,,,,,,,,,,,1.0,20.19,0.14
NT2_2023,PVL136IT,20.19,7.306,"2,023.00",5.0,1.0,crop_protection,Herbicide,sprayer,Clomazona ,Centium,0.36,kg/ha,0.05,kg/t,Pre-emergence,1.0,,,1.0,,,,,,,,,1.0,20.19,0.14
NT2_2023,PVL136IT,20.19,7.306,"2,023.00",5.0,1.0,crop_protection,Herbicide,sprayer,Cycloxydim,Verresta,0.25,kg/ha,0.03,kg/t,2–3 leaves,1.0,,,1.0,,,,,,,,,1.0,20.19,0.14
NT2_2023,PVL136IT,20.19,7.306,"2,023.00",5.0,1.0,crop_protection,Herbicide,sprayer,Florpyrauxifen-benzyl,Loyant,0.03,kg/ha,0.0,kg/t,2–3 leaves,,,,,,1.0,,,,,,,1.0,20.19,0.14
NT2_2023,PVL136IT,20.19,7.306,"2,023.00",5.0,1.0,crop_protection,Herbicide,sprayer,Methyl oleate + methyl palmitate,Dash HC,0.16,kg/ha,0.02,kg/t,2–3 leaves,1.0,,,,,,,,,,,,1.0,20.19,0.14
NT2_2023,PVL136IT,20.19,7.306,"2,023.00",5.0,1.0,crop_protection,Herbicide,sprayer,Cycloxydim,Verresta,0.25,kg/ha,0.03,kg/t,2–3 leaves,1.0,,,1.0,,,,,,,,,1.0,20.19,0.14
NT2_2023,PVL136IT,20.19,7.306,"2,023.00",5.0,1.0,crop_protection,Herbicide,sprayer,Florpyrauxifen-benzyl,Loyant,0.03,kg/ha,0.0,kg/t,2–3 leaves,,,,,,1.0,,,,,,,1.0,20.19,0.14
NT2_2023,PVL136IT,20.19,7.306,"2,023.00",5.0,1.0,crop_protection,Herbicide,sprayer,Methyl oleate + methyl palmitate,Dash HC,0.16,kg/ha,0.02,kg/t,2–3 leaves,,,,,,,1.0,,,,,,1.0,20.19,0.14
NT2_2024,PVL136IT,20.19,4.766,"2,023.00",5.0,10.0,crop_protection,Herbicide,sprayer,Cycloxydim,Verresta,0.25,kg/ha,0.05,kg/t,2–3 leaves,1.0,,,1.0,,,,,,,,,1.0,20.19,0.21
NT2_2024,PVL136IT,20.19,4.766,"2,023.00",5.0,10.0,crop_protection,Herbicide,sprayer,Florpyrauxifen-benzyl,Loyant,0.03,kg/ha,0.01,kg/t,2–3 leaves,,,,,,1.0,,,,,,,1.0,20.19,0.21
NT2_2024,PVL136IT,20.19,4.766,"2,023.00",5.0,10.0,crop_protection,Herbicide,sprayer,Methyl oleate + methyl palmitate,Dash HC,0.16,kg/ha,0.03,kg/t,2–3 leaves,1.0,,,,,,,,,,,,1.0,20.19,0.21
NT2_2024,PVL136IT,20.19,4.766,"2,023.00",5.0,10.0,crop_protection,Herbicide,sprayer,Cycloxydim,Verresta,0.25,kg/ha,0.05,kg/t,2–3 leaves,1.0,,,1.0,,,,,,,,,1.0,20.19,0.21
NT2_2024,PVL136IT,20.19,4.766,"2,023.00",5.0,10.0,crop_protection,Herbicide,sprayer,Florpyrauxifen-benzyl,Loyant,0.03,kg/ha,0.01,kg/t,2–3 leaves,,,,,,1.0,,,,,,,1.0,20.19,0.21
NT2_2024,PVL136IT,20.19,4.766,"2,023.00",5.0,10.0,crop_protection,Herbicide,sprayer,Methyl oleate + methyl palmitate,Dash HC,0.16,kg/ha,0.03,kg/t,2–3 leaves,1.0,,,,,,,,,,,,1.0,20.19,0.21
