dmu_id,farmer_id,year,variety,operation_label,factor_group,active_substance,product,dose_kg_ha,covered_area_ha,dmu_area_ha,dmu_production_t,active_substance_kg_total,active_substance_kg_ha,active_substance_kg_tonne
C1_2022,C1,2022,Ronaldo,fungicide,fungicide,Chlorothalonil,Splash,0.59,15.48,45.92,203.64180000000002,9.1332,0.19889372822299653,0.044849338397126716
C1_2022,C1,2022,Corimbo,fungicide,fungicide,Chlorothalonil,Splash,0.59,1.5,45.92,203.64180000000002,0.885,0.01927264808362369,0.004345866123752588
C1_2022,C1,2022,Sprint,fungicide,fungicide,Chlorothalonil,Splash,0.59,18.3,45.92,203.64180000000002,10.797,0.23512630662020906,0.053019566709781585
C1_2022,C1,2022,Leonardo,fungicide,fungicide,Chlorothalonil,Splash,0.59,1.6,45.92,203.64180000000002,0.944,0.020557491289198603,0.0046355905320027615
C1_2022,C1,2022,JSendra,fungicide,fungicide,Chlorothalonil,Splash,0.59,4.3,45.92,203.64180000000002,2.537,0.05524825783972125,0.01245814955475742
C1_2022,C1,2022,Ronaldo,herbicide,herbicide,Florpyrauxifen-benzyl,Loyant,0.03,15.48,45.92,203.64180000000002,0.4644,0.010113240418118466,0.002280474833752206
C1_2022,C1,2022,Ronaldo,herbicide,herbicide,Profoxydim,Profistar,0.15,15.48,45.92,203.64180000000002,2.322,0.05056620209059234,0.01140237416876103
C1_2022,C1,2022,Ronaldo,herbicide,herbicide,Bispyribac-sodium,Nominee,0.03,15.48,45.92,203.64180000000002,0.4644,0.010113240418118466,0.002280474833752206
C1_2022,C1,2022,Ronaldo,herbicide,herbicide,Azimsulfuron,Gulliver,0.04,15.48,45.92,203.64180000000002,0.6192000000000001,0.01348432055749129,0.003040633111669608
C1_2022,C1,2022,Corimbo,herbicide,herbicide,Florpyrauxifen-benzyl,Loyant,0.03,1.5,45.92,203.64180000000002,0.045,0.000979965156794425,0.0002209762435806401
C1_2022,C1,2022,Corimbo,herbicide,herbicide,Profoxydim,Profistar,0.15,1.5,45.92,203.64180000000002,0.22499999999999998,0.004899825783972125,0.0011048812179032003
C1_2022,C1,2022,Corimbo,herbicide,herbicide,Bispyribac-sodium,Nominee,0.03,1.5,45.92,203.64180000000002,0.045,0.000979965156794425,0.0002209762435806401
C1_2022,C1,2022,Sprint,herbicide,herbicide,Florpyrauxifen-benzyl,Loyant,0.03,18.3,45.92,203.64180000000002,0.549,0.011955574912891986,0.0026959101716838097
C1_2022,C1,2022,Sprint,herbicide,herbicide,Profoxydim,Profistar,0.15,18.3,45.92,203.64180000000002,2.745,0.05977787456445993,0.013479550858419048
C1_2022,C1,2022,Sprint,herbicide,herbicide,Bispyribac-sodium,Nominee,0.03,18.3,45.92,203.64180000000002,0.549,0.011955574912891986,0.0026959101716838097
C1_2022,C1,2022,Sprint,herbicide,herbicide,Azimsulfuron,Gulliver,0.04,18.3,45.92,203.64180000000002,0.7320000000000001,0.01594076655052265,0.0035945468955784128
C1_2022,C1,2022,Leonardo,herbicide,herbicide,Florpyrauxifen-benzyl,Loyant,0.03,1.6,45.92,203.64180000000002,0.048,0.0010452961672473868,0.00023570799315268277
C1_2022,C1,2022,Leonardo,herbicide,herbicide,Profoxydim,Profistar,0.15,1.6,45.92,203.64180000000002,0.24,0.005226480836236933,0.0011785399657634138
C1_2022,C1,2022,Leonardo,herbicide,herbicide,Bispyribac-sodium,Nominee,0.03,1.6,45.92,203.64180000000002,0.048,0.0010452961672473868,0.00023570799315268277
C1_2022,C1,2022,JSendra,herbicide,herbicide,Florpyrauxifen-benzyl,Loyant,0.03,4.3,45.92,203.64180000000002,0.129,0.002809233449477352,0.000633465231597835
C1_2022,C1,2022,JSendra,herbicide,herbicide,Profoxydim,Profistar,0.15,4.3,45.92,203.64180000000002,0.6449999999999999,0.014046167247386757,0.0031673261579891745
C1_2022,C1,2022,PVL 136 IT,herbicide,herbicide,Cycloxydim,Verresta,0.25,4.74,45.92,203.64180000000002,1.185,0.02580574912891986,0.005819041080956856
C1_2022,C1,2022,Ronaldo,pesticide,pesticide_insecticide,Flonicamid,Teppeki,0.12,15.48,45.92,203.64180000000002,1.8576,0.040452961672473864,0.009121899335008824
C1_2022,C1,2022,Sprint,pesticide,pesticide_insecticide,Flonicamid,Teppeki,0.12,18.3,45.92,203.64180000000002,2.196,0.047822299651567944,0.010783640686735239
C1_2022,C1,2022,JSendra,pesticide,pesticide_insecticide,Flonicamid,Teppeki,0.12,4.3,45.92,203.64180000000002,0.516,0.011236933797909408,0.00253386092639134
C1_2023,C1,2023,Leonardo,herbicide,herbicide,Benzobicyclon,Avanza,0.3,28.4,45.51,196.7616,8.52,0.1872116018457482,0.04330113192818111
C1_2023,C1,2023,Corimbo,herbicide,herbicide,Benzobicyclon,Avanza,0.3,4.01,45.51,196.7616,1.2029999999999998,0.026433750823994726,0.006113997853239656
C1_2023,C1,2023,PVL 136 IT,herbicide,herbicide,Benzobicyclon,Avanza,0.3,4.1,45.51,196.7616,1.2299999999999998,0.02702702702702702,0.006251219750195159
C1_2023,C1,2023,Telemaco,herbicide,herbicide,Benzobicyclon,Avanza,0.3,9.0,45.51,196.7616,2.6999999999999997,0.05932762030323006,0.013722189695550351
C1_2023,C1,2023,Leonardo,herbicide,herbicide,Methyl oleate + methyl palmitate,Dash HC,0.16,28.4,45.51,196.7616,4.544,0.09984618765106569,0.023093937028363258
C1_2023,C1,2023,Corimbo,herbicide,herbicide,Methyl oleate + methyl palmitate,Dash HC,0.16,4.01,45.51,196.7616,0.6416,0.014098000439463854,0.00326079885506115
C1_2023,C1,2023,Telemaco,herbicide,herbicide,Methyl oleate + methyl palmitate,Dash HC,0.16,9.0,45.51,196.7616,1.44,0.03164139749505603,0.007318501170960188
C1_2023,C1,2023,Leonardo,herbicide,herbicide,Profoxydim,Aura,0.15,28.4,45.51,196.7616,4.26,0.0936058009228741,0.021650565964090554
C1_2023,C1,2023,Corimbo,herbicide,herbicide,Profoxydim,Aura,0.15,4.01,45.51,196.7616,0.6014999999999999,0.013216875411997363,0.003056998926619828
C1_2023,C1,2023,Telemaco,herbicide,herbicide,Profoxydim,Aura,0.15,9.0,45.51,196.7616,1.3499999999999999,0.02966381015161503,0.0068610948477751755
C1_2023,C1,2023,Leonardo,herbicide,herbicide,Florpyrauxifen-benzyl,Loyant,0.03,28.4,45.51,196.7616,0.852,0.018721160184574818,0.004330113192818111
C1_2023,C1,2023,Corimbo,herbicide,herbicide,Florpyrauxifen-benzyl,Loyant,0.03,4.01,45.51,196.7616,0.12029999999999999,0.0026433750823994726,0.0006113997853239657
C1_2023,C1,2023,Telemaco,herbicide,herbicide,Florpyrauxifen-benzyl,Loyant,0.03,9.0,45.51,196.7616,0.27,0.0059327620303230065,0.0013722189695550354
C1_2023,C1,2023,Leonardo,herbicide,herbicide,Bispyribac-sodium,Nominee,0.03,28.4,45.51,196.7616,0.852,0.018721160184574818,0.004330113192818111
C1_2023,C1,2023,Telemaco,herbicide,herbicide,MCPA,Herbinexa,0.5,9.0,45.51,196.7616,4.5,0.0988793671720501,0.022870316159250587
C1_2023,C1,2023,Telemaco,herbicide,herbicide,Bentazone,Baza,0.96,9.0,45.51,196.7616,8.64,0.1898483849703362,0.04391100702576113
C1_2023,C1,2023,PVL 136 IT,herbicide,herbicide,Cycloxydim,Verresta,0.25,4.1,45.51,196.7616,1.025,0.02252252252252252,0.0052093497918293
C1_2023,C1,2023,PVL 136 IT,herbicide,herbicide,Florpyrauxifen-benzyl,Loyant,0.03,4.1,45.51,196.7616,0.12299999999999998,0.0027027027027027024,0.0006251219750195159
C1_2023,C1,2023,PVL 136 IT,herbicide,herbicide,Cycloxydim,Verresta,0.25,4.1,45.51,196.7616,1.025,0.02252252252252252,0.0052093497918293
C1_2023,C1,2023,PVL 136 IT,herbicide,herbicide,Florpyrauxifen-benzyl,Loyant,0.03,4.1,45.51,196.7616,0.12299999999999998,0.0027027027027027024,0.0006251219750195159
C1_2023,C1,2023,Leonardo,pesticide,pesticide_insecticide,Flonicamid,Afinto,0.12,28.4,45.51,196.7616,3.408,0.07488464073829927,0.017320452771272445
C1_2024,C1,2024,Leonardo,herbicide,herbicide,Methyl oleate + methyl palmitate,Dash HC,0.16,14.21,45.51,227.7032,2.2736,0.04995825093386069,0.009984927748050971
C1_2024,C1,2024,Ronaldo,herbicide,herbicide,Methyl oleate + methyl palmitate,Dash HC,0.16,8.42,45.51,227.7032,1.3472,0.02960228521204131,0.005916473725446106
C1_2024,C1,2024,Leonardo,herbicide,herbicide,Florpyrauxifen-benzyl,Loyant,0.03,14.21,45.51,227.7032,0.4263,0.00936717205009888,0.0018721739527595572
C1_2024,C1,2024,Ronaldo,herbicide,herbicide,Florpyrauxifen-benzyl,Loyant,0.03,8.42,45.51,227.7032,0.2526,0.005550428477257746,0.001109338823521145
C1_2024,C1,2024,PVL 136 IT,herbicide,herbicide,MCPA,Herbinexa,0.5,6.31,45.51,227.7032,3.155,0.06932542298395956,0.013855756089505986
C1_2024,C1,2024,Diva PV,herbicide,herbicide,MCPA,Herbinexa,0.5,11.84,45.51,227.7032,5.92,0.13008130081300814,0.025998756275713297
C1_2024,C1,2024,Formula PV,herbicide,herbicide,MCPA,Herbinexa,0.5,4.73,45.51,227.7032,2.365,0.05196660074708856,0.01038632746487533
C1_2024,C1,2024,PVL 136 IT,herbicide,herbicide,Bentazone,Baza,0.96,6.31,45.51,227.7032,6.057599999999999,0.13310481212920236,0.026603051691851492
C1_2024,C1,2024,Diva PV,herbicide,herbicide,Bentazone,Baza,0.96,11.84,45.51,227.7032,11.366399999999999,0.24975609756097558,0.04991761204936952
C1_2024,C1,2024,Formula PV,herbicide,herbicide,Bentazone,Baza,0.96,4.73,45.51,227.7032,4.5408,0.09977587343441002,0.01994174873256063
C1_2024,C1,2024,PVL 136 IT,herbicide,herbicide,Cycloxydim,Verresta,0.25,6.31,45.51,227.7032,1.5775,0.03466271149197978,0.006927878044752993
C1_2024,C1,2024,Diva PV,herbicide,herbicide,Cycloxydim,Verresta,0.25,11.84,45.51,227.7032,2.96,0.06504065040650407,0.012999378137856649
C1_2024,C1,2024,Formula PV,herbicide,herbicide,Cycloxydim,Verresta,0.25,4.73,45.51,227.7032,1.1825,0.02598330037354428,0.005193163732437665
C1_2024,C1,2024,PVL 136 IT,herbicide,herbicide,Methyl oleate + methyl palmitate,Dash HC,0.16,6.31,45.51,227.7032,1.0096,0.022184135354867063,0.004433841948641917
C1_2024,C1,2024,Diva PV,herbicide,herbicide,Methyl oleate + methyl palmitate,Dash HC,0.16,11.84,45.51,227.7032,1.8944,0.04162601626016261,0.008319602008228255
C1_2024,C1,2024,Formula PV,herbicide,herbicide,Methyl oleate + methyl palmitate,Dash HC,0.16,4.73,45.51,227.7032,0.7568000000000001,0.016629312239068342,0.0033236247887601057
C1_2024,C1,2024,PVL 136 IT,herbicide,herbicide,Florpyrauxifen-benzyl,Loyant,0.03,6.31,45.51,227.7032,0.18929999999999997,0.004159525379037574,0.0008313453653703591
C1_2024,C1,2024,Diva PV,herbicide,herbicide,Florpyrauxifen-benzyl,Loyant,0.03,11.84,45.51,227.7032,0.35519999999999996,0.007804878048780487,0.0015599253765427976
C1_2024,C1,2024,Formula PV,herbicide,herbicide,Florpyrauxifen-benzyl,Loyant,0.03,4.73,45.51,227.7032,0.1419,0.003117996044825313,0.0006231796478925197
C1_2024,C1,2024,PVL 136 IT,herbicide,herbicide,Cycloxydim,Verresta,0.25,6.31,45.51,227.7032,1.5775,0.03466271149197978,0.006927878044752993
C1_2024,C1,2024,Diva PV,herbicide,herbicide,Cycloxydim,Verresta,0.25,11.84,45.51,227.7032,2.96,0.06504065040650407,0.012999378137856649
C1_2024,C1,2024,Formula PV,herbicide,herbicide,Cycloxydim,Verresta,0.25,4.73,45.51,227.7032,1.1825,0.02598330037354428,0.005193163732437665
C1_2024,C1,2024,PVL 136 IT,herbicide,herbicide,Methyl oleate + methyl palmitate,Dash HC,0.16,6.31,45.51,227.7032,1.0096,0.022184135354867063,0.004433841948641917
C1_2024,C1,2024,Diva PV,herbicide,herbicide,Methyl oleate + methyl palmitate,Dash HC,0.16,11.84,45.51,227.7032,1.8944,0.04162601626016261,0.008319602008228255
C1_2024,C1,2024,Formula PV,herbicide,herbicide,Methyl oleate + methyl palmitate,Dash HC,0.16,4.73,45.51,227.7032,0.7568000000000001,0.016629312239068342,0.0033236247887601057
C1_2024,C1,2024,PVL 136 IT,herbicide,herbicide,Florpyrauxifen-benzyl,Loyant,0.03,6.31,45.51,227.7032,0.18929999999999997,0.004159525379037574,0.0008313453653703591
C1_2024,C1,2024,Diva PV,herbicide,herbicide,Florpyrauxifen-benzyl,Loyant,0.03,11.84,45.51,227.7032,0.35519999999999996,0.007804878048780487,0.0015599253765427976
C1_2024,C1,2024,Formula PV,herbicide,herbicide,Florpyrauxifen-benzyl,Loyant,0.03,4.73,45.51,227.7032,0.1419,0.003117996044825313,0.0006231796478925197
C1_2024,C1,2024,Leonardo,fungicide,fungicide,Trifloxystrobin,Flint,0.25,14.21,45.51,227.7032,3.5525,0.07805976708415734,0.015601449606329643
C2_2022,C2,2022,Ronaldo,herbicide,herbicide,Glyphosate,Montana,1.08,34.06,111.38000000000001,777.8801000000001,36.784800000000004,0.3302639612138625,0.04728852171433618
C2_2022,C2,2022,Gládio,herbicide,herbicide,Glyphosate,Montana,1.08,75.37,111.38000000000001,777.8801000000001,81.3996,0.7308277967319088,0.10464286205547615
C2_2022,C2,2022,Selénio,herbicide,herbicide,Glyphosate,Montana,1.08,1.95,111.38000000000001,777.8801000000001,2.106,0.018908242054228763,0.002707358113416193
C2_2022,C2,2022,Ronaldo,herbicide,herbicide,Profoxydim,Aura,0.15,34.06,111.38000000000001,777.8801000000001,5.109,0.045869994613036445,0.006567850238102246
C2_2022,C2,2022,Gládio,herbicide,herbicide,Profoxydim,Aura,0.15,75.37,111.38000000000001,777.8801000000001,11.3055,0.10150386065720955,0.014533730841038353
C2_2022,C2,2022,Selénio,herbicide,herbicide,Profoxydim,Aura,0.15,1.95,111.38000000000001,777.8801000000001,0.2925,0.002626144729753995,0.0003760219601966935
C2_2022,C2,2022,Ronaldo,herbicide,herbicide,Florpyrauxifen-benzyl,Loyant,0.03,34.06,111.38000000000001,777.8801000000001,1.0218,0.00917399892260729,0.0013135700476204495
C2_2022,C2,2022,Gládio,herbicide,herbicide,Florpyrauxifen-benzyl,Loyant,0.03,75.37,111.38000000000001,777.8801000000001,2.2611,0.020300772131441908,0.0029067461682076704
C2_2022,C2,2022,Selénio,herbicide,herbicide,Florpyrauxifen-benzyl,Loyant,0.03,1.95,111.38000000000001,777.8801000000001,0.058499999999999996,0.000525228945950799,7.52043920393387e-05
C2_2022,C2,2022,Ronaldo,herbicide,herbicide,Methyl oleate + methyl palmitate,Dash HC,0.16,34.06,111.38000000000001,777.8801000000001,5.4496,0.048927994253905545,0.007005706920642397
C2_2022,C2,2022,Gládio,herbicide,herbicide,Methyl oleate + methyl palmitate,Dash HC,0.16,75.37,111.38000000000001,777.8801000000001,12.0592,0.10827078470102353,0.015502646230440911
C2_2022,C2,2022,Selénio,herbicide,herbicide,Methyl oleate + methyl palmitate,Dash HC,0.16,1.95,111.38000000000001,777.8801000000001,0.312,0.002801221045070928,0.00040109009087647306
C2_2022,C2,2022,Gládio,herbicide,herbicide,Bentazone,Benta,0.96,5.0,111.38000000000001,777.8801000000001,4.8,0.04309570838570659,0.00617061678271497
C2_2022,C2,2022,Gládio,pesticide,pesticide_insecticide,Flonicamid,Teppeki,0.12,20.0,111.38000000000001,777.8801000000001,2.4,0.021547854192853294,0.003085308391357485
C2_2023,C2,2023,Ronaldo,herbicide,herbicide,Benzobicyclon,Avanza,0.3,45.5,115.21,1003.1591999999999,13.65,0.1184792986719903,0.013607012725397924
C2_2023,C2,2023,Ronaldo,herbicide,herbicide,Sodium lauryl ether diglycol sulfate,Biopower,0.14,28.0,115.21,1003.1591999999999,3.9200000000000004,0.03402482423400747,0.003907654936524532
C2_2023,C2,2023,Ronaldo,herbicide,herbicide,Bispyribac-sodium,Nominee,0.03,45.5,115.21,1003.1591999999999,1.365,0.011847929867199028,0.0013607012725397924
C2_2023,C2,2023,Ronaldo,herbicide,herbicide,Florpyrauxifen-benzyl,Loyant,0.03,45.5,115.21,1003.1591999999999,1.365,0.011847929867199028,0.0013607012725397924
C2_2023,C2,2023,Selénio,herbicide,herbicide,Methyl oleate + methyl palmitate,Dash HC,0.16,2.22,115.21,1003.1591999999999,0.3552,0.003083065706101901,0.00035408138608508004
C2_2023,C2,2023,Ronaldo,herbicide,herbicide,Methyl oleate + methyl palmitate,Dash HC,0.16,45.5,115.21,1003.1591999999999,7.28,0.06318895929172816,0.00725707345354556
C2_2023,C2,2023,Leonardo,herbicide,herbicide,Methyl oleate + methyl palmitate,Dash HC,0.16,67.49,115.21,1003.1591999999999,10.798399999999999,0.09372797500216995,0.010764393129226148
C2_2023,C2,2023,Selénio,herbicide,herbicide,Profoxydim,Aura,0.15,2.22,115.21,1003.1591999999999,0.333,0.0028903740994705323,0.00033195129945476256
C2_2023,C2,2023,Ronaldo,herbicide,herbicide,Profoxydim,Aura,0.15,45.5,115.21,1003.1591999999999,6.825,0.05923964933599515,0.006803506362698962
C2_2023,C2,2023,Leonardo,herbicide,herbicide,Profoxydim,Aura,0.15,67.49,115.21,1003.1591999999999,10.123499999999998,0.08786997656453431,0.010091618558649514
C2_2023,C2,2023,Selénio,herbicide,herbicide,Florpyrauxifen-benzyl,Loyant,0.03,2.22,115.21,1003.1591999999999,0.0666,0.0005780748198941065,6.639025989095252e-05
C2_2023,C2,2023,Ronaldo,herbicide,herbicide,Florpyrauxifen-benzyl,Loyant,0.03,45.5,115.21,1003.1591999999999,1.365,0.011847929867199028,0.0013607012725397924
C2_2023,C2,2023,Leonardo,herbicide,herbicide,Florpyrauxifen-benzyl,Loyant,0.03,67.49,115.21,1003.1591999999999,2.0246999999999997,0.017573995312906866,0.0020183237117299027
C2_2023,C2,2023,Leonardo,pesticide,pesticide_insecticide,Flonicamid,Afinto,0.12,67.49,115.21,1003.1591999999999,8.098799999999999,0.07029598125162746,0.00807329484691961
C2_2024,C2,2024,Ibérico,herbicide,herbicide,Methyl oleate + methyl palmitate,Dash HC,0.16,15.62,120.72,892.1208,2.4992,0.020702451954937046,0.0028014143376098844
C2_2024,C2,2024,Leonardo,herbicide,herbicide,Methyl oleate + methyl palmitate,Dash HC,0.16,4.4,120.72,892.1208,0.7040000000000001,0.00583167660702452,0.000789130799326728
C2_2024,C2,2024,Ronaldo,herbicide,herbicide,Methyl oleate + methyl palmitate,Dash HC,0.16,90.7,120.72,892.1208,14.512,0.12021206096752816,0.01626685534066687
C2_2024,C2,2024,Selénio,herbicide,herbicide,Methyl oleate + methyl palmitate,Dash HC,0.16,2.5,120.72,892.1208,0.4,0.003313452617627568,0.0004483697723447318
C2_2024,C2,2024,Ibérico,herbicide,herbicide,Profoxydim,Aura,0.15,15.62,120.72,892.1208,2.343,0.01940854870775348,0.0026263259415092665
C2_2024,C2,2024,Leonardo,herbicide,herbicide,Profoxydim,Aura,0.15,4.4,120.72,892.1208,0.66,0.0054671968190854875,0.0007398101243688075
C2_2024,C2,2024,Ronaldo,herbicide,herbicide,Profoxydim,Aura,0.15,90.7,120.72,892.1208,13.605,0.11269880715705766,0.01525017688187519
C2_2024,C2,2024,Selénio,herbicide,herbicide,Profoxydim,Aura,0.15,2.5,120.72,892.1208,0.375,0.003106361829025845,0.00042034666157318604
C2_2024,C2,2024,Ibérico,herbicide,herbicide,Florpyrauxifen-benzyl,Loyant,0.03,15.62,120.72,892.1208,0.46859999999999996,0.0038817097415506955,0.0005252651883018532
C2_2024,C2,2024,Leonardo,herbicide,herbicide,Florpyrauxifen-benzyl,Loyant,0.03,4.4,120.72,892.1208,0.132,0.0010934393638170974,0.0001479620248737615
C2_2024,C2,2024,Ronaldo,herbicide,herbicide,Florpyrauxifen-benzyl,Loyant,0.03,90.7,120.72,892.1208,2.721,0.022539761431411533,0.003050035376375038
C2_2024,C2,2024,Selénio,herbicide,herbicide,Florpyrauxifen-benzyl,Loyant,0.03,2.5,120.72,892.1208,0.075,0.000621272365805169,8.40693323146372e-05
C2_2024,C2,2024,Formula PV,herbicide,herbicide,Methyl oleate + methyl palmitate,Dash HC,0.16,7.5,120.72,892.1208,1.2,0.009940357852882704,0.0013451093170341953
C2_2024,C2,2024,Formula PV,herbicide,herbicide,Cycloxydim,Verresta,0.25,7.5,120.72,892.1208,1.875,0.015531809145129225,0.0021017333078659304
C2_2024,C2,2024,Formula PV,herbicide,herbicide,Florpyrauxifen-benzyl,Loyant,0.03,7.5,120.72,892.1208,0.22499999999999998,0.0018638170974155067,0.0002522079969439116
C2_2024,C2,2024,Formula PV,herbicide,herbicide,Methyl oleate + methyl palmitate,Dash HC,0.16,7.5,120.72,892.1208,1.2,0.009940357852882704,0.0013451093170341953
C2_2024,C2,2024,Formula PV,herbicide,herbicide,Cycloxydim,Verresta,0.25,7.5,120.72,892.1208,1.875,0.015531809145129225,0.0021017333078659304
C2_2024,C2,2024,Formula PV,herbicide,herbicide,Florpyrauxifen-benzyl,Loyant,0.03,7.5,120.72,892.1208,0.22499999999999998,0.0018638170974155067,0.0002522079969439116
C3_2022,C3,2022,Sprint,herbicide,herbicide,Profoxydim,Aura,0.15,26.31,114.53999999999999,496.2327,3.9464999999999995,0.034455212152959665,0.007952922086754861
C3_2022,C3,2022,Telemaco,herbicide,herbicide,Profoxydim,Aura,0.15,36.57,114.53999999999999,496.2327,5.4855,0.04789156626506025,0.01105428965080294
C3_2022,C3,2022,Selénio,herbicide,herbicide,Profoxydim,Aura,0.15,27.89,114.53999999999999,496.2327,4.1834999999999996,0.036524358302776325,0.00843052060051665
C3_2022,C3,2022,JSendra,herbicide,herbicide,Profoxydim,Aura,0.15,23.77,114.53999999999999,496.2327,3.5654999999999997,0.03112886327920377,0.007185137134251732
C3_2022,C3,2022,Sprint,herbicide,herbicide,Methyl oleate + methyl palmitate,Dash HC,0.16,26.31,114.53999999999999,496.2327,4.2096,0.03675222629649031,0.008483116892538521
C3_2022,C3,2022,Telemaco,herbicide,herbicide,Methyl oleate + methyl palmitate,Dash HC,0.16,36.57,114.53999999999999,496.2327,5.8512,0.051084337349397595,0.011791242294189803
C3_2022,C3,2022,Selénio,herbicide,herbicide,Methyl oleate + methyl palmitate,Dash HC,0.16,27.89,114.53999999999999,496.2327,4.462400000000001,0.03895931552296142,0.008992555307217764
C3_2022,C3,2022,JSendra,herbicide,herbicide,Methyl oleate + methyl palmitate,Dash HC,0.16,23.77,114.53999999999999,496.2327,3.8032,0.033204120831150694,0.007664146276535181
C3_2022,C3,2022,Sprint,herbicide,herbicide,Florpyrauxifen-benzyl,Loyant,0.03,26.31,114.53999999999999,496.2327,0.7892999999999999,0.006891042430591933,0.0015905844173509723
C3_2022,C3,2022,Telemaco,herbicide,herbicide,Florpyrauxifen-benzyl,Loyant,0.03,36.57,114.53999999999999,496.2327,1.0971,0.009578313253012049,0.002210857930160588
C3_2022,C3,2022,Selénio,herbicide,herbicide,Florpyrauxifen-benzyl,Loyant,0.03,27.89,114.53999999999999,496.2327,0.8367,0.007304871660555265,0.0016861041201033304
C3_2022,C3,2022,JSendra,herbicide,herbicide,Florpyrauxifen-benzyl,Loyant,0.03,23.77,114.53999999999999,496.2327,0.7131,0.006225772655840754,0.0014370274268503465
C3_2022,C3,2022,Sprint,herbicide,herbicide,Bispyribac-sodium,Nominee,0.03,4.6,114.53999999999999,496.2327,0.13799999999999998,0.0012048192771084336,0.00027809533712711796
C3_2022,C3,2022,Telemaco,herbicide,herbicide,Bispyribac-sodium,Nominee,0.03,6.4,114.53999999999999,496.2327,0.192,0.001676270298585647,0.00038691525165512067
C3_2022,C3,2022,Selénio,herbicide,herbicide,Bispyribac-sodium,Nominee,0.03,4.9,114.53999999999999,496.2327,0.147,0.001283394447354636,0.00029623198954845174
C3_2022,C3,2022,JSendra,herbicide,herbicide,Bispyribac-sodium,Nominee,0.03,4.1,114.53999999999999,496.2327,0.12299999999999998,0.00107386066003143,0.00024786758309156166
C3_2022,C3,2022,Sprint,herbicide,herbicide,Azimsulfuron,Gulliver,0.04,1.8,114.53999999999999,496.2327,0.07200000000000001,0.0006286013619696177,0.00014509321937067026
C3_2022,C3,2022,Telemaco,herbicide,herbicide,Azimsulfuron,Gulliver,0.04,2.6,114.53999999999999,496.2327,0.10400000000000001,0.0009079797450672255,0.0002095790946465237
C3_2022,C3,2022,Selénio,herbicide,herbicide,Azimsulfuron,Gulliver,0.04,1.9,114.53999999999999,496.2327,0.076,0.0006635236598568186,0.00015315395378015192
C3_2022,C3,2022,JSendra,herbicide,herbicide,Azimsulfuron,Gulliver,0.04,1.7,114.53999999999999,496.2327,0.068,0.0005936790640824167,0.00013703248496118857
C3_2022,C3,2022,Sprint,herbicide,herbicide,MCPA,Herbinexa,0.5,6.9,114.53999999999999,496.2327,3.45,0.030120481927710847,0.00695238342817795
C3_2022,C3,2022,Telemaco,herbicide,herbicide,MCPA,Herbinexa,0.5,9.6,114.53999999999999,496.2327,4.8,0.041906757464641176,0.009672881291378017
C3_2022,C3,2022,Selénio,herbicide,herbicide,MCPA,Herbinexa,0.5,7.3,114.53999999999999,496.2327,3.65,0.031866596822070895,0.007355420148652033
C3_2022,C3,2022,JSendra,herbicide,herbicide,MCPA,Herbinexa,0.5,6.2,114.53999999999999,496.2327,3.1,0.02706478086258076,0.006247069167348303
C3_2022,C3,2022,Sprint,herbicide,herbicide,Bentazone,Baza,0.96,26.31,114.53999999999999,496.2327,25.257599999999996,0.22051335777894185,0.05089870135523111
C3_2022,C3,2022,Telemaco,herbicide,herbicide,Bentazone,Baza,0.96,36.57,114.53999999999999,496.2327,35.1072,0.30650602409638555,0.07074745376513882
C3_2022,C3,2022,Selénio,herbicide,herbicide,Bentazone,Baza,0.96,27.89,114.53999999999999,496.2327,26.7744,0.23375589313776848,0.05395533184330657
C3_2022,C3,2022,JSendra,herbicide,herbicide,Bentazone,Baza,0.96,23.77,114.53999999999999,496.2327,22.8192,0.19922472498690413,0.04598487765921109
C3_2023,C3,2023,Selénio,herbicide,herbicide,Sodium lauryl ether diglycol sulfate,Biopower,0.14,4.5,112.23,639.8522,0.6300000000000001,0.005613472333600642,0.0009846023816125038
C3_2023,C3,2023,Telemaco,herbicide,herbicide,Sodium lauryl ether diglycol sulfate,Biopower,0.14,4.5,112.23,639.8522,0.6300000000000001,0.005613472333600642,0.0009846023816125038
C3_2023,C3,2023,Selénio,herbicide,herbicide,Bispyribac-sodium,Nominee,0.03,38.96,112.23,639.8522,1.1688,0.010414327719861,0.0018266718470296734
C3_2023,C3,2023,Telemaco,herbicide,herbicide,Bispyribac-sodium,Nominee,0.03,38.89,112.23,639.8522,1.1667,0.010395616145415664,0.001823389839090965
C3_2023,C3,2023,Leonardo,herbicide,herbicide,Bispyribac-sodium,Nominee,0.03,34.38,112.23,639.8522,1.0314,0.009190056134723337,0.001611934756182756
C3_2023,C3,2023,Selénio,herbicide,herbicide,Florpyrauxifen-benzyl,Loyant,0.03,38.96,112.23,639.8522,1.1688,0.010414327719861,0.0018266718470296734
C3_2023,C3,2023,Telemaco,herbicide,herbicide,Florpyrauxifen-benzyl,Loyant,0.03,38.89,112.23,639.8522,1.1667,0.010395616145415664,0.001823389839090965
C3_2023,C3,2023,Leonardo,herbicide,herbicide,Florpyrauxifen-benzyl,Loyant,0.03,34.38,112.23,639.8522,1.0314,0.009190056134723337,0.001611934756182756
C3_2023,C3,2023,Selénio,herbicide,herbicide,Methyl oleate + methyl palmitate,Dash HC,0.16,38.96,112.23,639.8522,6.2336,0.055543081172592,0.009742249850824924
C3_2023,C3,2023,Telemaco,herbicide,herbicide,Methyl oleate + methyl palmitate,Dash HC,0.16,38.89,112.23,639.8522,6.2224,0.05544328610888354,0.009724745808485147
C3_2023,C3,2023,Leonardo,herbicide,herbicide,Methyl oleate + methyl palmitate,Dash HC,0.16,34.38,112.23,639.8522,5.500800000000001,0.049013632718524464,0.008596985366308032
C3_2023,C3,2023,Selénio,herbicide,herbicide,Profoxydim,Aura,0.15,38.96,112.23,639.8522,5.844,0.052071638599305,0.009133359235148367
C3_2023,C3,2023,Telemaco,herbicide,herbicide,Profoxydim,Aura,0.15,38.89,112.23,639.8522,5.8335,0.05197808072707832,0.009116949195454825
C3_2023,C3,2023,Leonardo,herbicide,herbicide,Profoxydim,Aura,0.15,34.38,112.23,639.8522,5.157,0.04595028067361668,0.00805967378091378
C3_2023,C3,2023,Selénio,herbicide,herbicide,Florpyrauxifen-benzyl,Loyant,0.03,38.96,112.23,639.8522,1.1688,0.010414327719861,0.0018266718470296734
C3_2023,C3,2023,Telemaco,herbicide,herbicide,Florpyrauxifen-benzyl,Loyant,0.03,38.89,112.23,639.8522,1.1667,0.010395616145415664,0.001823389839090965
C3_2023,C3,2023,Leonardo,herbicide,herbicide,Florpyrauxifen-benzyl,Loyant,0.03,34.38,112.23,639.8522,1.0314,0.009190056134723337,0.001611934756182756
C3_2023,C3,2023,Selénio,pesticide,pesticide_insecticide,Flonicamid,Afinto,0.12,38.96,112.23,639.8522,4.6752,0.041657310879444,0.0073066873881186935
C3_2024,C3,2024,Selénio,herbicide,herbicide,Methyl oleate + methyl palmitate,Dash HC,0.16,20.0,112.23,723.4214000000001,3.2,0.028512875345273102,0.00442342457660224
C3_2024,C3,2024,Sintra,herbicide,herbicide,Methyl oleate + methyl palmitate,Dash HC,0.16,39.21,112.23,723.4214000000001,6.2736,0.05589949211440791,0.008672123882428691
C3_2024,C3,2024,Ronaldo,herbicide,herbicide,Methyl oleate + methyl palmitate,Dash HC,0.16,5.52,112.23,723.4214000000001,0.8832,0.007869553595295375,0.0012208651831422182
C3_2024,C3,2024,Jsendra,herbicide,herbicide,Methyl oleate + methyl palmitate,Dash HC,0.16,23.77,112.23,723.4214000000001,3.8032,0.03388755234785708,0.005257240109291762
C3_2024,C3,2024,Selénio,herbicide,herbicide,Profoxydim,Aura,0.15,20.0,112.23,723.4214000000001,3.0,0.02673082063619353,0.0041469605405646
C3_2024,C3,2024,Sintra,herbicide,herbicide,Profoxydim,Aura,0.15,39.21,112.23,723.4214000000001,5.8815,0.052405773857257414,0.008130116139776898
C3_2024,C3,2024,Ronaldo,herbicide,herbicide,Profoxydim,Aura,0.15,5.52,112.23,723.4214000000001,0.828,0.007377706495589414,0.0011445611091958296
C3_2024,C3,2024,Jsendra,herbicide,herbicide,Profoxydim,Aura,0.15,23.77,112.23,723.4214000000001,3.5654999999999997,0.03176958032611601,0.004928662602461027
C3_2024,C3,2024,Selénio,herbicide,herbicide,Florpyrauxifen-benzyl,Loyant,0.03,20.0,112.23,723.4214000000001,0.6,0.005346164127238706,0.00082939210811292
C3_2024,C3,2024,Sintra,herbicide,herbicide,Florpyrauxifen-benzyl,Loyant,0.03,39.21,112.23,723.4214000000001,1.1763,0.010481154771451482,0.0016260232279553795
C3_2024,C3,2024,Ronaldo,herbicide,herbicide,Florpyrauxifen-benzyl,Loyant,0.03,5.52,112.23,723.4214000000001,0.16559999999999997,0.0014755412991178825,0.00022891222183916589
C3_2024,C3,2024,Jsendra,herbicide,herbicide,Florpyrauxifen-benzyl,Loyant,0.03,23.77,112.23,723.4214000000001,0.7131,0.006353916065223202,0.0009857325204922053
C3_2024,C3,2024,Diva PV,herbicide,herbicide,Methyl oleate + methyl palmitate,Dash HC,0.16,23.7,112.23,723.4214000000001,3.792,0.03378775728414862,0.005241758123273654
C3_2024,C3,2024,Diva PV,herbicide,herbicide,Cycloxydim,Verresta,0.25,23.7,112.23,723.4214000000001,5.925,0.05279337075648222,0.008190247067615085
C3_2024,C3,2024,Diva PV,herbicide,herbicide,Florpyrauxifen-benzyl,Loyant,0.03,23.7,112.23,723.4214000000001,0.711,0.006335204490777866,0.0009828296481138102
C3_2024,C3,2024,Diva PV,herbicide,herbicide,Methyl oleate + methyl palmitate,Dash HC,0.16,23.7,112.23,723.4214000000001,3.792,0.03378775728414862,0.005241758123273654
C3_2024,C3,2024,Diva PV,herbicide,herbicide,Cycloxydim,Verresta,0.25,23.7,112.23,723.4214000000001,5.925,0.05279337075648222,0.008190247067615085
C3_2024,C3,2024,Diva PV,herbicide,herbicide,Florpyrauxifen-benzyl,Loyant,0.03,23.7,112.23,723.4214000000001,0.711,0.006335204490777866,0.0009828296481138102
C3_2024,C3,2024,Selénio,fungicide,fungicide,Trifloxystrobin,Flint,0.25,20.0,112.23,723.4214000000001,5.0,0.04455136772698922,0.006911600900941
C4_2022,C4,2022,Ronaldo,herbicide,herbicide,Profoxydim,Aura,0.15,19.21,25.21,91.26020000000001,2.8815,0.11429988099960332,0.03157455276232136
C4_2022,C4,2022,Ronaldo,herbicide,herbicide,Methyl oleate + methyl palmitate,Dash HC,0.16,19.21,25.21,91.26020000000001,3.0736000000000003,0.12191987306624356,0.033679522946476116
C4_2022,C4,2022,Ronaldo,herbicide,herbicide,Florpyrauxifen-benzyl,Loyant,0.03,19.21,25.21,91.26020000000001,0.5763,0.022859976199920667,0.006314910552464272
C4_2022,C4,2022,Ronaldo,herbicide,herbicide,MCPA,Herbinexa,0.5,19.21,25.21,91.26020000000001,9.605,0.3809996033320111,0.10524850920773787
C4_2022,C4,2022,Ronaldo,herbicide,herbicide,Bentazone,Kaos,1.92,19.21,25.21,91.26020000000001,36.8832,1.4630384767949227,0.4041542753577134
C4_2022,C4,2022,Ronaldo,herbicide,herbicide,Cycloxydim,Verresta,0.25,19.21,25.21,91.26020000000001,4.8025,0.19049980166600555,0.052624254603868936
C4_2022,C4,2022,Ronaldo,herbicide,herbicide,Methyl oleate + methyl palmitate,Dash HC,0.16,19.21,25.21,91.26020000000001,3.0736000000000003,0.12191987306624356,0.033679522946476116
C4_2022,C4,2022,Ronaldo,herbicide,herbicide,Cycloxydim,Verresta,0.25,19.21,25.21,91.26020000000001,4.8025,0.19049980166600555,0.052624254603868936
C4_2022,C4,2022,Ronaldo,herbicide,herbicide,Methyl oleate + methyl palmitate,Dash HC,0.16,19.21,25.21,91.26020000000001,3.0736000000000003,0.12191987306624356,0.033679522946476116
C4_2023,C4,2023,PVL 136 IT,herbicide,herbicide,Cycloxydim,Verresta,0.25,5.76,23.839999999999996,107.3744,1.44,0.0604026845637584,0.013411017896258327
C4_2023,C4,2023,PVL 136 IT,herbicide,herbicide,Methyl oleate + methyl palmitate,Dash HC,0.16,5.76,23.839999999999996,107.3744,0.9216,0.03865771812080537,0.008583051453605328
C4_2023,C4,2023,PVL 136 IT,herbicide,herbicide,Florpyrauxifen-benzyl,Loyant,0.03,5.76,23.839999999999996,107.3744,0.17279999999999998,0.007248322147651007,0.001609322147550999
C4_2023,C4,2023,Luna CL,herbicide,herbicide,Florpyrauxifen-benzyl,Loyant,0.03,18.08,23.839999999999996,107.3744,0.5423999999999999,0.02275167785234899,0.0050514834075906356
C4_2023,C4,2023,Luna CL,herbicide,herbicide,Imazamox,Beyond,0.04,18.08,23.839999999999996,107.3744,0.7232,0.03033557046979866,0.006735311210120848
C4_2023,C4,2023,PVL 136 IT,herbicide,herbicide,Cycloxydim,Verresta,0.25,5.76,23.839999999999996,107.3744,1.44,0.0604026845637584,0.013411017896258327
C4_2023,C4,2023,PVL 136 IT,herbicide,herbicide,Methyl oleate + methyl palmitate,Dash HC,0.16,5.76,23.839999999999996,107.3744,0.9216,0.03865771812080537,0.008583051453605328
C4_2023,C4,2023,PVL 136 IT,pesticide,pesticide_insecticide,Bacillus thuringiensis,Dipel DF,0.54,5.76,23.839999999999996,107.3744,3.1104000000000003,0.13046979865771816,0.02896779865591799
C4_2024,C4,2024,Formula PV,herbicide,herbicide,Cycloxydim,Verresta,0.25,8.57,23.87,197.4649,2.1425,0.08975701717637201,0.01085002954955539
C4_2024,C4,2024,Formula PV,herbicide,herbicide,Methyl oleate + methyl palmitate,Dash HC,0.16,8.57,23.87,197.4649,1.3712,0.057444490992878086,0.006944018911715449
C4_2024,C4,2024,Formula PV,herbicide,herbicide,Florpyrauxifen-benzyl,Loyant,0.03,8.57,23.87,197.4649,0.2571,0.010770842061164642,0.0013020035459466468
C4_2024,C4,2024,Diva PV,herbicide,herbicide,Cycloxydim,Verresta,0.25,15.3,23.87,197.4649,3.825,0.16024298282362798,0.019370531167817673
C4_2024,C4,2024,Diva PV,herbicide,herbicide,Methyl oleate + methyl palmitate,Dash HC,0.16,15.3,23.87,197.4649,2.448,0.1025555090071219,0.01239713994740331
C4_2024,C4,2024,Diva PV,herbicide,herbicide,Florpyrauxifen-benzyl,Loyant,0.03,15.3,23.87,197.4649,0.459,0.019229157938835357,0.0023244637401381206
C4_2024,C4,2024,Diva PV,herbicide,herbicide,Cycloxydim,Verresta,0.25,15.3,23.87,197.4649,3.825,0.16024298282362798,0.019370531167817673
C4_2024,C4,2024,Diva PV,herbicide,herbicide,Methyl oleate + methyl palmitate,Dash HC,0.16,15.3,23.87,197.4649,2.448,0.1025555090071219,0.01239713994740331
C4_2024,C4,2024,Diva PV,herbicide,herbicide,Florpyrauxifen-benzyl,Loyant,0.03,15.3,23.87,197.4649,0.459,0.019229157938835357,0.0023244637401381206
C5_2022,C5,2022,Ronaldo,herbicide,herbicide,Profoxydim,Aura,0.15,25.75,35.75,214.04500000000002,3.8625,0.10804195804195804,0.018045270854259617
C5_2022,C5,2022,Ronaldo,herbicide,herbicide,Methyl oleate + methyl palmitate,Dash HC,0.16,25.75,35.75,214.04500000000002,4.12,0.11524475524475525,0.01924828891121026
C5_2022,C5,2022,Ronaldo,herbicide,herbicide,Florpyrauxifen-benzyl,Loyant,0.03,25.75,35.75,214.04500000000002,0.7725,0.02160839160839161,0.0036090541708519233
C5_2022,C5,2022,PVL 136 IT,herbicide,herbicide,Cycloxydim,Verresta,0.25,10.0,35.75,214.04500000000002,2.5,0.06993006993006994,0.011679786960685836
C5_2022,C5,2022,PVL 136 IT,herbicide,herbicide,Methyl oleate + methyl palmitate,Dash HC,0.16,10.0,35.75,214.04500000000002,1.6,0.044755244755244755,0.007475063654838935
C5_2022,C5,2022,Ronaldo,herbicide,herbicide,Clomazona ,Command,0.36,25.75,35.75,214.04500000000002,9.27,0.25930069930069927,0.04330865005022308
C5_2022,C5,2022,PVL 136 IT,herbicide,herbicide,Benzobicyclon,Avanza,0.3,10.0,35.75,214.04500000000002,3.0,0.08391608391608392,0.014015744352823004
C5_2023,C5,2023,PVL 136 IT,herbicide,herbicide,Cycloxydim,Verresta,0.25,14.0,35.44,217.49360000000001,3.5,0.09875846501128668,0.016092427547293345
C5_2023,C5,2023,PVL 136 IT,herbicide,herbicide,Methyl oleate + methyl palmitate,Dash HC,0.16,14.0,35.44,217.49360000000001,2.24,0.06320541760722348,0.010299153630267741
C5_2023,C5,2023,Luna CL,herbicide,herbicide,Imazamox,Beyond,0.04,21.44,35.44,217.49360000000001,0.8576,0.024198645598194134,0.003943104532731078
C5_2023,C5,2023,Luna CL,herbicide,herbicide,Profoxydim,Aura,0.15,21.44,35.44,217.49360000000001,3.216,0.090744920993228,0.014786641997741542
C5_2023,C5,2023,Luna CL,herbicide,herbicide,Methyl oleate + methyl palmitate,Dash HC,0.16,21.44,35.44,217.49360000000001,3.4304,0.09679458239277654,0.015772418130924313
C5_2023,C5,2023,Luna CL,herbicide,herbicide,Florpyrauxifen-benzyl,Loyant,0.03,21.44,35.44,217.49360000000001,0.6432,0.0181489841986456,0.0029573283995483085
C5_2023,C5,2023,PVL 136 IT,herbicide,herbicide,Florpyrauxifen-benzyl,Loyant,0.03,14.0,35.44,217.49360000000001,0.42,0.011851015801354402,0.0019310913056752013
C5_2023,C5,2023,PVL 136 IT,herbicide,herbicide,Cycloxydim,Verresta,0.25,8.0,35.44,217.49360000000001,2.0,0.05643340857787811,0.009195672884167625
C5_2023,C5,2023,PVL 136 IT,herbicide,herbicide,Methyl oleate + methyl palmitate,Dash HC,0.16,8.0,35.44,217.49360000000001,1.28,0.03611738148984199,0.005885230645867281
C5_2023,C5,2023,Luna CL,herbicide,herbicide,Bentazone,Benta,0.96,12.11,35.44,217.49360000000001,11.625599999999999,0.3280361173814898,0.053452607341089566
C5_2023,C5,2023,PVL 136 IT,herbicide,herbicide,Bentazone,Benta,0.96,8.89,35.44,217.49360000000001,8.5344,0.24081264108352146,0.03923977533132009
C5_2023,C5,2023,Luna CL,herbicide,herbicide,MCPA,Herbinexa,0.5,7.26,35.44,217.49360000000001,3.63,0.10242663656884876,0.01669014628476424
C5_2023,C5,2023,PVL 136 IT,herbicide,herbicide,MCPA,Herbinexa,0.5,5.74,35.44,217.49360000000001,2.87,0.08098194130925508,0.013195790588780542
C5_2024,C5,2024,Diva PV,herbicide,herbicide,Cycloxydim,Verresta,0.25,20.19,35.44,290.5825,5.0475,0.14242381489841988,0.01737028210577031
C5_2024,C5,2024,Diva PV,herbicide,herbicide,Methyl oleate + methyl palmitate,Dash HC,0.16,20.19,35.44,290.5825,3.2304000000000004,0.09115124153498873,0.011116980547692997
C5_2024,C5,2024,Diva PV,herbicide,herbicide,Profoxydim,Aura,0.15,20.19,35.44,290.5825,3.0285,0.08545428893905192,0.010422169263462185
C5_2024,C5,2024,Diva PV,herbicide,herbicide,Methyl oleate + methyl palmitate,Dash HC,0.16,20.19,35.44,290.5825,3.2304000000000004,0.09115124153498873,0.011116980547692997
C5_2024,C5,2024,Ronaldo,herbicide,herbicide,Florpyrauxifen-benzyl,Loyant,0.03,15.25,35.44,290.5825,0.45749999999999996,0.012909142212189617,0.0015744237867042921
C5_2024,C5,2024,Diva PV,herbicide,herbicide,Florpyrauxifen-benzyl,Loyant,0.03,20.19,35.44,290.5825,0.6057,0.017090857787810384,0.0020844338526924367
C5_2024,C5,2024,Ronaldo,herbicide,herbicide,Cycloxydim,Verresta,0.25,15.25,35.44,290.5825,3.8125,0.10757618510158014,0.013120198222535769
C5_2024,C5,2024,Ronaldo,herbicide,herbicide,Methyl oleate + methyl palmitate,Dash HC,0.16,15.25,35.44,290.5825,2.44,0.06884875846501129,0.008396926862422893
C5_2024,C5,2024,Diva PV,herbicide,herbicide,Bentazone,Kaos,1.92,12.11,35.44,290.5825,23.251199999999997,0.6560722347629796,0.08001583027195375
C5_2024,C5,2024,Ronaldo,herbicide,herbicide,Bentazone,Kaos,1.92,7.14,35.44,290.5825,13.708799999999998,0.3868171557562077,0.04717696351294383
C5_2024,C5,2024,Diva PV,herbicide,herbicide,MCPA,Herbinexa,0.5,8.75,35.44,290.5825,4.375,0.12344808126410836,0.015055965173401702
C5_2024,C5,2024,Ronaldo,herbicide,herbicide,MCPA,Herbinexa,0.5,6.5,35.44,290.5825,3.25,0.09170428893905193,0.011184431271669836
C5_2024,C5,2024,Diva PV,herbicide,herbicide,Cycloxydim,Verresta,0.25,9.81,35.44,290.5825,2.4525,0.06920146726862303,0.008439943905775469
C5_2024,C5,2024,Diva PV,herbicide,herbicide,Methyl oleate + methyl palmitate,Dash HC,0.16,9.81,35.44,290.5825,1.5696,0.04428893905191874,0.0054015640996963
C6_2022,C6,2022,Ronaldo,herbicide,herbicide,Clomazona ,Command,0.36,73.11,73.11,157.1865,26.319599999999998,0.36,0.16744186046511628
C6_2022,C6,2022,Ronaldo,herbicide,herbicide,Profoxydim,Aura,0.15,73.11,73.11,157.1865,10.9665,0.15,0.06976744186046512
C6_2022,C6,2022,Ronaldo,herbicide,herbicide,Methyl oleate + methyl palmitate,Dash HC,0.16,73.11,73.11,157.1865,11.6976,0.16,0.07441860465116279
C6_2022,C6,2022,Ronaldo,herbicide,herbicide,Florpyrauxifen-benzyl,Loyant,0.03,45.0,73.11,157.1865,1.3499999999999999,0.01846532622076323,0.008588523823610805
C6_2022,C6,2022,Ronaldo,herbicide,herbicide,Azimsulfuron,Gulliver,0.04,36.0,73.11,157.1865,1.44,0.019696347968814115,0.009161092078518193
C6_2022,C6,2022,Ronaldo,herbicide,herbicide,MCPA,Herbinexa,0.5,20.0,73.11,157.1865,10.0,0.1367801942278758,0.06361869498970968
C6_2022,C6,2022,Ronaldo,herbicide,herbicide,Bentazone,Baza,0.96,11.6,73.11,157.1865,11.136,0.1523184242921625,0.0708457787405407
C6_2022,C6,2022,Ronaldo,pesticide,pesticide_insecticide,Flonicamid,Teppeki,0.12,20.8,73.11,157.1865,2.496,0.0341403364792778,0.015879226269431536
C6_2023,C6,2023,Ronaldo,herbicide,herbicide,Glyphosate,Montana,1.08,3.75,71.09,204.7392,4.050000000000001,0.056970037980025326,0.019781263187508794
C6_2023,C6,2023,Leonardo,herbicide,herbicide,Glyphosate,Montana,1.08,67.34,71.09,204.7392,72.72720000000001,1.0230299620199748,0.3552187368124912
C6_2023,C6,2023,Ronaldo,herbicide,herbicide,Benzobicyclon,Avanza,0.3,3.75,71.09,204.7392,1.125,0.015825010550007033,0.005494795329863553
C6_2023,C6,2023,Leonardo,herbicide,herbicide,Benzobicyclon,Avanza,0.3,67.34,71.09,204.7392,20.202,0.284174989449993,0.09867187133680312
C6_2023,C6,2023,Ronaldo,herbicide,herbicide,Profoxydim,Aura,0.15,3.75,71.09,204.7392,0.5625,0.007912505275003517,0.0027473976649317767
C6_2023,C6,2023,Leonardo,herbicide,herbicide,Profoxydim,Aura,0.15,67.34,71.09,204.7392,10.101,0.1420874947249965,0.04933593566840156
C6_2023,C6,2023,Ronaldo,herbicide,herbicide,Methyl oleate + methyl palmitate,Dash HC,0.16,3.75,71.09,204.7392,0.6,0.008440005626670417,0.0029305575092605615
C6_2023,C6,2023,Leonardo,herbicide,herbicide,Methyl oleate + methyl palmitate,Dash HC,0.16,67.34,71.09,204.7392,10.7744,0.15155999437332957,0.05262499804629499
C6_2023,C6,2023,Ronaldo,herbicide,herbicide,Florpyrauxifen-benzyl,Loyant,0.03,3.75,71.09,204.7392,0.11249999999999999,0.001582501055000703,0.0005494795329863552
C6_2023,C6,2023,Leonardo,herbicide,herbicide,Florpyrauxifen-benzyl,Loyant,0.03,67.34,71.09,204.7392,2.0202,0.028417498944999297,0.009867187133680311
C6_2023,C6,2023,Ronaldo,pesticide,pesticide_insecticide,Bacillus thuringiensis,Dipel DF,0.54,3.17,71.09,204.7392,1.7118,0.024079336052890702,0.008360880573920383
C6_2023,C6,2023,Leonardo,pesticide,pesticide_insecticide,Bacillus thuringiensis,Dipel DF,0.54,56.83,71.09,204.7392,30.688200000000002,0.43168096778731185,0.14988922492614995
C6_2023,C6,2023,Ronaldo,pesticide,pesticide_insecticide,Flonicamid,Teppeki,0.12,3.08,71.09,204.7392,0.3696,0.005199043466028977,0.0018052234257045058
C6_2023,C6,2023,Leonardo,pesticide,pesticide_insecticide,Flonicamid,Teppeki,0.12,55.22,71.09,204.7392,6.626399999999999,0.09321142214094807,0.03236507713227364
C6_2024,C6,2024,Diva PV,herbicide,herbicide,Florpyrauxifen-benzyl,Loyant,0.03,54.22,54.22,393.09499999999997,1.6265999999999998,0.03,0.004137931034482759
C6_2024,C6,2024,Diva PV,herbicide,herbicide,Cycloxydim,Verresta,0.25,54.22,54.22,393.09499999999997,13.555,0.25,0.034482758620689655
C6_2024,C6,2024,Diva PV,herbicide,herbicide,Methyl oleate + methyl palmitate,Dash HC,0.16,54.22,54.22,393.09499999999997,8.6752,0.16,0.02206896551724138
C6_2024,C6,2024,Diva PV,herbicide,herbicide,Cycloxydim,Verresta,0.25,54.22,54.22,393.09499999999997,13.555,0.25,0.034482758620689655
C6_2024,C6,2024,Diva PV,herbicide,herbicide,Methyl oleate + methyl palmitate,Dash HC,0.16,54.22,54.22,393.09499999999997,8.6752,0.16,0.02206896551724138
C6_2024,C6,2024,Diva PV,pesticide,pesticide_insecticide,Bacillus thuringiensis,Dipel DF,0.54,54.22,54.22,393.09499999999997,29.2788,0.54,0.07448275862068966
C6_2024,C6,2024,Diva PV,herbicide,herbicide,Bentazone,Kaos,1.92,1.25,54.22,393.09499999999997,2.4,0.044264109184802655,0.006105394370317608
C7_2023,C7,2023,Ronaldo,herbicide,herbicide,Glyphosate,Montana,1.08,31.24,37.33,248.26160000000002,33.739200000000004,0.9038092686847041,0.13590180680379085
C7_2023,C7,2023,Elettra,herbicide,herbicide,Glyphosate,Montana,1.08,6.09,37.33,248.26160000000002,6.5772,0.17619073131529603,0.026493021876923373
C7_2023,C7,2023,Ronaldo,herbicide,herbicide,Bispyribac-sodium,Nominee,0.03,31.24,37.33,248.26160000000002,0.9371999999999999,0.025105813019019554,0.0037750501889941895
C7_2023,C7,2023,Elettra,herbicide,herbicide,Bispyribac-sodium,Nominee,0.03,6.09,37.33,248.26160000000002,0.1827,0.004894186980980445,0.0007359172743589826
C7_2023,C7,2023,Ronaldo,herbicide,herbicide,Florpyrauxifen-benzyl,Loyant,0.03,31.24,37.33,248.26160000000002,0.9371999999999999,0.025105813019019554,0.0037750501889941895
C7_2023,C7,2023,Elettra,herbicide,herbicide,Florpyrauxifen-benzyl,Loyant,0.03,6.09,37.33,248.26160000000002,0.1827,0.004894186980980445,0.0007359172743589826
C7_2023,C7,2023,Ronaldo,herbicide,herbicide,Bentazone,Baza,0.96,31.24,37.33,248.26160000000002,29.990399999999998,0.8033860166086257,0.12080160604781406
C7_2023,C7,2023,Elettra,herbicide,herbicide,Bentazone,Baza,0.96,6.09,37.33,248.26160000000002,5.8464,0.15661398339137425,0.023549352779487442
C7_2023,C7,2023,Ronaldo,pesticide,pesticide_insecticide,Flonicamid,Teppeki,0.12,31.24,37.33,248.26160000000002,3.7487999999999997,0.10042325207607822,0.015100200755976758
C7_2023,C7,2023,Elettra,pesticide,pesticide_insecticide,Flonicamid,Teppeki,0.12,6.09,37.33,248.26160000000002,0.7308,0.01957674792392178,0.0029436690974359303
C7_2023,C7,2023,Ronaldo,herbicide,herbicide,Profoxydim,Aura,0.15,31.24,37.33,248.26160000000002,4.686,0.12552906509509779,0.01887525094497095
C7_2023,C7,2023,Elettra,herbicide,herbicide,Profoxydim,Aura,0.15,6.09,37.33,248.26160000000002,0.9135,0.024470934904902222,0.003679586371794913
C7_2023,C7,2023,Ronaldo,herbicide,herbicide,Methyl oleate + methyl palmitate,Dash HC,0.16,31.24,37.33,248.26160000000002,4.9984,0.13389766943477097,0.020133601007969012
C7_2023,C7,2023,Elettra,herbicide,herbicide,Methyl oleate + methyl palmitate,Dash HC,0.16,6.09,37.33,248.26160000000002,0.9744,0.02610233056522904,0.003924892129914574
C7_2023,C7,2023,Ronaldo,herbicide,herbicide,Florpyrauxifen-benzyl,Loyant,0.03,31.24,37.33,248.26160000000002,0.9371999999999999,0.025105813019019554,0.0037750501889941895
C7_2023,C7,2023,Elettra,herbicide,herbicide,Florpyrauxifen-benzyl,Loyant,0.03,6.09,37.33,248.26160000000002,0.1827,0.004894186980980445,0.0007359172743589826
C7_2024,C7,2024,Ronaldo,herbicide,herbicide,Glyphosate,Montana,1.08,22.45,37.35,157.786,24.246000000000002,0.6491566265060241,0.15366382315287797
C7_2024,C7,2024,Caravela,herbicide,herbicide,Glyphosate,Montana,1.08,14.9,37.35,157.786,16.092000000000002,0.43084337349397595,0.1019862345201729
C7_2024,C7,2024,Ronaldo,herbicide,herbicide,Bispyribac-sodium,Nominee,0.03,22.45,37.35,157.786,0.6735,0.018032128514056223,0.004268439532024387
C7_2024,C7,2024,Ronaldo,herbicide,herbicide,Florpyrauxifen-benzyl,Loyant,0.03,22.45,37.35,157.786,0.6735,0.018032128514056223,0.004268439532024387
C7_2024,C7,2024,Caravela,herbicide,herbicide,Florpyrauxifen-benzyl,Loyant,0.03,14.9,37.35,157.786,0.447,0.011967871485943775,0.0028329509588936913
C7_2024,C7,2024,Caravela,herbicide,herbicide,Bentazone,Baza,0.96,14.9,37.35,157.786,14.304,0.3829718875502008,0.09065443068459812
C7_2024,C7,2024,Ronaldo,pesticide,pesticide_insecticide,Flonicamid,Teppeki,0.12,22.45,37.35,157.786,2.694,0.07212851405622489,0.017073758128097548
C7_2024,C7,2024,Ronaldo,herbicide,herbicide,Profoxydim,Aura,0.15,22.45,37.35,157.786,3.3674999999999997,0.09016064257028111,0.021342197660121937
C7_2024,C7,2024,Ronaldo,herbicide,herbicide,Methyl oleate + methyl palmitate,Dash HC,0.16,22.45,37.35,157.786,3.592,0.09617135207496653,0.0227650108374634
C7_2024,C7,2024,Ronaldo,herbicide,herbicide,Florpyrauxifen-benzyl,Loyant,0.03,22.45,37.35,157.786,0.6735,0.018032128514056223,0.004268439532024387
C8_2022,C8,2022,PVL 136 IT,herbicide,herbicide,Profoxydim,Oristar,0.47,12.5,58.32,323.9088,5.875,0.10073731138545954,0.01813782151025227
C8_2022,C8,2022,Ronaldo,herbicide,herbicide,Profoxydim,Oristar,0.47,32.5,58.32,323.9088,15.274999999999999,0.2619170096021948,0.047158335926655894
C8_2022,C8,2022,Gládio,herbicide,herbicide,Profoxydim,Oristar,0.47,12.5,58.32,323.9088,5.875,0.10073731138545954,0.01813782151025227
C8_2022,C8,2022,Elettra,herbicide,herbicide,Profoxydim,Oristar,0.47,0.82,58.32,323.9088,0.38539999999999996,0.006608367626886145,0.0011898410910725487
C8_2022,C8,2022,Ronaldo,herbicide,herbicide,Benzobicyclon,Avanza,0.3,32.5,58.32,323.9088,9.75,0.16718106995884774,0.030101065485099512
C8_2022,C8,2022,Ronaldo,herbicide,herbicide,Profoxydim,Aura,0.15,32.5,58.32,323.9088,4.875,0.08359053497942387,0.015050532742549756
C8_2022,C8,2022,Ronaldo,herbicide,herbicide,Florpyrauxifen-benzyl,Loyant,0.03,32.5,58.32,323.9088,0.975,0.016718106995884774,0.003010106548509951
C8_2022,C8,2022,Ronaldo,herbicide,herbicide,Methyl oleate + methyl palmitate,Dash HC,0.16,32.5,58.32,323.9088,5.2,0.08916323731138547,0.016053901592053072
C8_2022,C8,2022,Gládio,herbicide,herbicide,Profoxydim,Aura,0.15,12.5,58.32,323.9088,1.875,0.03215020576131687,0.005788666439442214
C8_2022,C8,2022,Gládio,herbicide,herbicide,Florpyrauxifen-benzyl,Loyant,0.03,12.5,58.32,323.9088,0.375,0.006430041152263375,0.0011577332878884427
C8_2022,C8,2022,Gládio,herbicide,herbicide,Methyl oleate + methyl palmitate,Dash HC,0.16,12.5,58.32,323.9088,2.0,0.03429355281207133,0.006174577535405028
C8_2022,C8,2022,Elettra,herbicide,herbicide,Profoxydim,Aura,0.15,0.82,58.32,323.9088,0.12299999999999998,0.0021090534979423866,0.00037973651842740917
C8_2022,C8,2022,Elettra,herbicide,herbicide,Florpyrauxifen-benzyl,Loyant,0.03,0.82,58.32,323.9088,0.024599999999999997,0.0004218106995884773,7.594730368548183e-05
C8_2022,C8,2022,Elettra,herbicide,herbicide,Methyl oleate + methyl palmitate,Dash HC,0.16,0.82,58.32,323.9088,0.13119999999999998,0.002249657064471879,0.00040505228632256975
C8_2022,C8,2022,PVL 136 IT,herbicide,herbicide,Cycloxydim,Verresta,0.25,12.5,58.32,323.9088,3.125,0.05358367626886145,0.009647777399070356
C8_2022,C8,2022,PVL 136 IT,herbicide,herbicide,Bentazone,Baza,0.96,12.5,58.32,323.9088,12.0,0.205761316872428,0.037047465212430165
C8_2022,C8,2022,PVL 136 IT,herbicide,herbicide,MCPA,Herbinexa,0.5,12.5,58.32,323.9088,6.25,0.1071673525377229,0.019295554798140713
C8_2022,C8,2022,Ronaldo,herbicide,herbicide,Bentazone,Kaos,1.92,32.5,58.32,323.9088,62.4,1.0699588477366255,0.19264681910463685
C8_2022,C8,2022,Ronaldo,herbicide,herbicide,MCPA,Herbinexa,0.5,32.5,58.32,323.9088,16.25,0.27863511659807955,0.05016844247516585
C8_2022,C8,2022,Gládio,herbicide,herbicide,Bentazone,Benta,0.96,12.5,58.32,323.9088,12.0,0.205761316872428,0.037047465212430165
C8_2022,C8,2022,Gládio,herbicide,herbicide,MCPA,Herbinexa,0.5,12.5,58.32,323.9088,6.25,0.1071673525377229,0.019295554798140713
C8_2022,C8,2022,PVL 136 IT,pesticide,pesticide_insecticide,Flonicamid,Teppeki,0.12,12.5,58.32,323.9088,1.5,0.0257201646090535,0.004630933151553771
C8_2022,C8,2022,Ronaldo,pesticide,pesticide_insecticide,Flonicamid,Teppeki,0.12,32.5,58.32,323.9088,3.9,0.0668724279835391,0.012040426194039803
C8_2022,C8,2022,Gládio,pesticide,pesticide_insecticide,Flonicamid,Teppeki,0.12,12.5,58.32,323.9088,1.5,0.0257201646090535,0.004630933151553771
C8_2022,C8,2022,Elettra,pesticide,pesticide_insecticide,Flonicamid,Teppeki,0.12,0.82,58.32,323.9088,0.09839999999999999,0.0016872427983539093,0.0003037892147419273
C8_2022,C8,2022,PVL 136 IT,herbicide,herbicide,Cycloxydim,Verresta,0.25,12.5,58.32,323.9088,3.125,0.05358367626886145,0.009647777399070356
C8_2023,C8,2023,PVL 136 IT,herbicide,herbicide,Benzobicyclon,Avanza,0.3,17.3,58.04,334.3764,5.19,0.089421088904204,0.015521430340179512
C8_2023,C8,2023,Leonardo,herbicide,herbicide,Methyl oleate + methyl palmitate,Dash HC,0.16,10.0,58.04,334.3764,1.6,0.027567195037904894,0.004785026694467672
C8_2023,C8,2023,Leonardo,herbicide,herbicide,Profoxydim,Aura,0.15,10.0,58.04,334.3764,1.5,0.025844245348035838,0.004485962526063442
C8_2023,C8,2023,Leonardo,herbicide,herbicide,Florpyrauxifen-benzyl,Loyant,0.03,10.0,58.04,334.3764,0.3,0.005168849069607168,0.0008971925052126884
C8_2023,C8,2023,PVL 136 IT,herbicide,herbicide,Cycloxydim,Verresta,0.25,37.8,58.04,334.3764,9.45,0.16281874569262578,0.028261563914199685
C8_2023,C8,2023,PVL 136 IT,herbicide,herbicide,Florpyrauxifen-benzyl,Loyant,0.03,37.8,58.04,334.3764,1.134,0.01953824948311509,0.003391387669703962
C8_2023,C8,2023,PVL 136 IT,herbicide,herbicide,Methyl oleate + methyl palmitate,Dash HC,0.16,37.8,58.04,334.3764,6.048,0.1042039972432805,0.0180874009050878
C8_2023,C8,2023,PVL 136 IT,herbicide,herbicide,Cycloxydim,Verresta,0.25,37.8,58.04,334.3764,9.45,0.16281874569262578,0.028261563914199685
C8_2023,C8,2023,PVL 136 IT,herbicide,herbicide,Florpyrauxifen-benzyl,Loyant,0.03,37.8,58.04,334.3764,1.134,0.01953824948311509,0.003391387669703962
C8_2023,C8,2023,PVL 136 IT,herbicide,herbicide,Methyl oleate + methyl palmitate,Dash HC,0.16,37.8,58.04,334.3764,6.048,0.1042039972432805,0.0180874009050878
C8_2023,C8,2023,PVL 136 IT,herbicide,herbicide,MCPA,Herbinexa,0.5,37.8,58.04,334.3764,18.9,0.32563749138525155,0.05652312782839937
C8_2023,C8,2023,Selénio,herbicide,herbicide,MCPA,Herbinexa,0.5,5.9,58.04,334.3764,2.95,0.05082701585113715,0.00882239296792477
C8_2023,C8,2023,PVL 136 IT,herbicide,herbicide,Bentazone,Kaos,1.92,37.8,58.04,334.3764,72.576,1.2504479669193658,0.21704881086105357
C8_2023,C8,2023,Selénio,herbicide,herbicide,Bentazone,Kaos,1.92,5.9,58.04,334.3764,11.328,0.19517574086836664,0.033877988996831115
C8_2023,C8,2023,PVL 136 IT,pesticide,pesticide_insecticide,Bacillus thuringiensis,Dipel DF,0.54,37.8,58.04,334.3764,20.412,0.35168849069607167,0.06104497805467132
C8_2023,C8,2023,PVL 136 IT,pesticide,pesticide_insecticide,Flonicamid,Teppeki,0.12,37.8,58.04,334.3764,4.536,0.07815299793246036,0.013565550678815848
C8_2023,C8,2023,Leonardo,pesticide,pesticide_insecticide,Flonicamid,Teppeki,0.12,14.34,58.04,334.3764,1.7207999999999999,0.029648518263266713,0.005146296209899981
C8_2023,C8,2023,Selénio,pesticide,pesticide_insecticide,Flonicamid,Teppeki,0.12,5.9,58.04,334.3764,0.708,0.012198483804272915,0.0021173743123019447
C8_2024,C8,2024,Selénio,herbicide,herbicide,Methyl oleate + methyl palmitate,Dash HC,0.16,4.0,59.120000000000005,233.6194,0.64,0.010825439783491203,0.002739498517674474
C8_2024,C8,2024,Ronaldo,herbicide,herbicide,Methyl oleate + methyl palmitate,Dash HC,0.16,17.2,59.120000000000005,233.6194,2.752,0.04654939106901217,0.011779843626000236
C8_2024,C8,2024,Ronaldo,herbicide,herbicide,Profoxydim,Aura,0.15,17.2,59.120000000000005,233.6194,2.5799999999999996,0.04364005412719891,0.011043603399375221
C8_2024,C8,2024,Ronaldo,herbicide,herbicide,Florpyrauxifen-benzyl,Loyant,0.03,17.2,59.120000000000005,233.6194,0.516,0.008728010825439784,0.0022087206798750447
C8_2024,C8,2024,Leonardo,herbicide,herbicide,Cyhalofop-butyl + Florpyrauxifen-benzyl,Agixa,0.7,25.42,59.120000000000005,233.6194,17.794,0.3009810554803789,0.07616661972421811
C8_2024,C8,2024,PVL 136 IT,herbicide,herbicide,Methyl oleate + methyl palmitate,Dash HC,0.16,12.5,59.120000000000005,233.6194,2.0,0.03382949932341001,0.008560932867732731
C8_2024,C8,2024,PVL 136 IT,herbicide,herbicide,Cycloxydim,Verresta,0.25,12.5,59.120000000000005,233.6194,3.125,0.052858592692828145,0.01337645760583239
C8_2024,C8,2024,PVL 136 IT,herbicide,herbicide,Florpyrauxifen-benzyl,Loyant,0.03,12.5,59.120000000000005,233.6194,0.375,0.006343031123139377,0.001605174912699887
C8_2024,C8,2024,PVL 136 IT,herbicide,herbicide,Methyl oleate + methyl palmitate,Dash HC,0.16,12.5,59.120000000000005,233.6194,2.0,0.03382949932341001,0.008560932867732731
C8_2024,C8,2024,PVL 136 IT,herbicide,herbicide,Cycloxydim,Verresta,0.25,12.5,59.120000000000005,233.6194,3.125,0.052858592692828145,0.01337645760583239
C8_2024,C8,2024,PVL 136 IT,herbicide,herbicide,Florpyrauxifen-benzyl,Loyant,0.03,12.5,59.120000000000005,233.6194,0.375,0.006343031123139377,0.001605174912699887
C8_2024,C8,2024,Leonardo,fungicide,fungicide,Azoxystrobin,Amistar Top,0.36,25.42,59.120000000000005,233.6194,9.151200000000001,0.15479025710419486,0.039171404429597885
D1_2022,D1,2022,Leonardo,herbicide,herbicide,Pendimetalina,Activus Caps,1.0,12.25,12.25,16.66,12.25,1.0,0.7352941176470588
D1_2022,D1,2022,Leonardo,herbicide,herbicide,Profoxydim,Oristar,0.47,11.5,12.25,16.66,5.404999999999999,0.44122448979591833,0.3244297719087635
D1_2022,D1,2022,Leonardo,fungicide,fungicide,Chlorothalonil,Splash,0.59,12.25,12.25,16.66,7.2275,0.59,0.4338235294117647
D1_2022,D1,2022,Leonardo,herbicide,herbicide,Profoxydim,Profistar,0.15,12.25,12.25,16.66,1.8375,0.15,0.11029411764705882
D1_2022,D1,2022,Leonardo,herbicide,herbicide,Azimsulfuron,Gulliver,0.04,6.0,12.25,16.66,0.24,0.019591836734693877,0.014405762304921969
D1_2022,D1,2022,Leonardo,herbicide,herbicide,Halosulfuron,Permit,0.05,12.25,12.25,16.66,0.6125,0.05,0.03676470588235294
D1_2022,D1,2022,Leonardo,herbicide,herbicide,MCPA,Herbinexa,0.5,12.25,12.25,16.66,6.125,0.5,0.3676470588235294
D1_2022,D1,2022,Leonardo,fungicide,fungicide,Azoxystrobin,Amistar Top,0.36,12.25,12.25,16.66,4.41,0.36,0.2647058823529412
D1_2022,D1,2022,Leonardo,pesticide,pesticide_insecticide,Flonicamid,Teppeki,0.12,4.2,12.25,16.66,0.504,0.04114285714285714,0.030252100840336135
D1_2023,D1,2023,Carnaroli,herbicide,herbicide,Benzobicyclon,Avanza,0.3,17.99,17.99,88.151,5.396999999999999,0.3,0.061224489795918366
D1_2023,D1,2023,Carnaroli,herbicide,herbicide,Sodium lauryl ether diglycol sulfate,Biopower,0.14,17.99,17.99,88.151,2.5186,0.14,0.028571428571428574
D1_2023,D1,2023,Carnaroli,herbicide,herbicide,Bispyribac-sodium,Nominee,0.03,17.99,17.99,88.151,0.5397,0.03,0.006122448979591836
D1_2023,D1,2023,Carnaroli,herbicide,herbicide,Florpyrauxifen-benzyl,Loyant,0.03,17.99,17.99,88.151,0.5397,0.03,0.006122448979591836
D1_2023,D1,2023,Carnaroli,herbicide,herbicide,Azimsulfuron,Gulliver,0.04,17.99,17.99,88.151,0.7195999999999999,0.04,0.008163265306122448
D1_2023,D1,2023,Carnaroli,herbicide,herbicide,Halosulfuron,Permit,0.05,17.99,17.99,88.151,0.8995,0.05,0.01020408163265306
D1_2023,D1,2023,Carnaroli,herbicide,herbicide,MCPA,Herbinexa,0.5,17.99,17.99,88.151,8.995,0.5,0.10204081632653061
D1_2023,D1,2023,Carnaroli,pesticide,pesticide_insecticide,Flonicamid,Afinto,0.12,17.99,17.99,88.151,2.1588,0.12,0.024489795918367346
D1_2024,D1,2024,Ronaldo,herbicide,herbicide,Methyl oleate + methyl palmitate,Dash HC,0.16,13.0,24.8,137.368,2.08,0.08387096774193549,0.015141808863781959
D1_2024,D1,2024,Ronaldo,herbicide,herbicide,Profoxydim,Aura,0.15,13.0,24.8,137.368,1.95,0.07862903225806452,0.014195445809795586
D1_2024,D1,2024,Ronaldo,herbicide,herbicide,Florpyrauxifen-benzyl,Loyant,0.03,13.0,24.8,137.368,0.39,0.015725806451612902,0.0028390891619591175
D1_2024,D1,2024,Leonardo,herbicide,herbicide,Cyhalofop-butyl + Florpyrauxifen-benzyl,Agixa,0.7,25.42,24.8,137.368,17.794,0.7175,0.1295352629433347
D1_2024,D1,2024,PVL 136 IT,herbicide,herbicide,Methyl oleate + methyl palmitate,Dash HC,0.16,1.8,24.8,137.368,0.28800000000000003,0.011612903225806452,0.00209655815036981
D1_2024,D1,2024,PVL 136 IT,herbicide,herbicide,Cycloxydim,Verresta,0.25,1.8,24.8,137.368,0.45,0.018145161290322582,0.0032758721099528276
D1_2024,D1,2024,PVL 136 IT,herbicide,herbicide,Florpyrauxifen-benzyl,Loyant,0.03,1.8,24.8,137.368,0.054,0.0021774193548387095,0.0003931046531943393
D1_2024,D1,2024,PVL 136 IT,herbicide,herbicide,Methyl oleate + methyl palmitate,Dash HC,0.16,1.8,24.8,137.368,0.28800000000000003,0.011612903225806452,0.00209655815036981
D1_2024,D1,2024,PVL 136 IT,herbicide,herbicide,Cycloxydim,Verresta,0.25,1.8,24.8,137.368,0.45,0.018145161290322582,0.0032758721099528276
D1_2024,D1,2024,PVL 136 IT,herbicide,herbicide,Florpyrauxifen-benzyl,Loyant,0.03,1.8,24.8,137.368,0.054,0.0021774193548387095,0.0003931046531943393
D1_2024,D1,2024,Leonardo,fungicide,fungicide,Azoxystrobin,Amistar Top,0.36,25.42,24.8,137.368,9.151200000000001,0.36900000000000005,0.06661813522800071
D2_2022,D2,2022,Luna CL,herbicide,herbicide,Pendimetalina,Activus Caps,1.0,18.21,18.21,22.3983,18.21,1.0,0.8130081300813009
D2_2022,D2,2022,Luna CL,herbicide,herbicide,Profoxydim,Oristar,0.47,18.21,18.21,22.3983,8.5587,0.47,0.3821138211382114
D2_2022,D2,2022,Luna CL,fungicide,fungicide,Chlorothalonil,Splash,0.59,18.21,18.21,22.3983,10.7439,0.59,0.4796747967479675
D2_2022,D2,2022,Luna CL,herbicide,herbicide,Imazamox,Beyond,0.04,18.21,18.21,22.3983,0.7284,0.04,0.032520325203252036
D2_2022,D2,2022,Luna CL,herbicide,herbicide,Profoxydim,Profistar,0.15,18.21,18.21,22.3983,2.7315,0.15,0.12195121951219513
D2_2022,D2,2022,Luna CL,herbicide,herbicide,Bispyribac-sodium,Nominee,0.03,18.21,18.21,22.3983,0.5463,0.03,0.024390243902439025
D2_2022,D2,2022,Luna CL,herbicide,herbicide,Sodium lauryl ether diglycol sulfate,Biopower,0.14,18.21,18.21,22.3983,2.5494000000000003,0.14,0.11382113821138214
D2_2022,D2,2022,Luna CL,herbicide,herbicide,Halosulfuron,Permit,0.05,18.21,18.21,22.3983,0.9105000000000001,0.05,0.04065040650406505
D2_2023,D2,2023,Luna CL,herbicide,herbicide,Benzobicyclon,Avanza,0.3,18.22,18.22,88.1848,5.465999999999999,0.3,0.06198347107438016
D2_2023,D2,2023,Luna CL,herbicide,herbicide,Bispyribac-sodium,Nominee,0.03,18.22,18.22,88.1848,0.5466,0.03,0.006198347107438017
D2_2023,D2,2023,Luna CL,herbicide,herbicide,Sodium lauryl ether diglycol sulfate,Biopower,0.14,18.22,18.22,88.1848,2.5508,0.14,0.028925619834710748
D2_2023,D2,2023,Luna CL,herbicide,herbicide,Florpyrauxifen-benzyl,Loyant,0.03,18.22,18.22,88.1848,0.5466,0.03,0.006198347107438017
D2_2023,D2,2023,Luna CL,herbicide,herbicide,Methyl oleate + methyl palmitate,Dash HC,0.16,18.22,18.22,88.1848,2.9152,0.16,0.03305785123966942
D2_2023,D2,2023,Luna CL,herbicide,herbicide,Profoxydim,Aura,0.15,18.22,18.22,88.1848,2.7329999999999997,0.15,0.03099173553719008
D2_2023,D2,2023,Luna CL,herbicide,herbicide,Florpyrauxifen-benzyl,Loyant,0.03,18.22,18.22,88.1848,0.5466,0.03,0.006198347107438017
D2_2023,D2,2023,Luna CL,herbicide,herbicide,Imazamox,Beyond,0.04,18.22,18.22,88.1848,0.7288,0.04,0.008264462809917356
D2_2023,D2,2023,Luna CL,pesticide,pesticide_insecticide,Flonicamid,Afinto,0.12,18.22,18.22,88.1848,2.1864,0.12,0.024793388429752067
D2_2023,D2,2023,Luna CL,fungicide,fungicide,Azoxystrobin,Amistar Top,0.36,18.22,18.22,88.1848,6.5592,0.36,0.0743801652892562
D2_2024,D2,2024,PVL 136 IT,herbicide,herbicide,Methyl oleate + methyl palmitate,Dash HC,0.16,18.22,18.22,123.34939999999999,2.9152,0.16,0.023633677991137372
D2_2024,D2,2024,PVL 136 IT,herbicide,herbicide,Profoxydim,Aura,0.15,18.22,18.22,123.34939999999999,2.7329999999999997,0.15,0.022156573116691284
D2_2024,D2,2024,PVL 136 IT,herbicide,herbicide,Florpyrauxifen-benzyl,Loyant,0.03,18.22,18.22,123.34939999999999,0.5466,0.03,0.004431314623338257
D2_2024,D2,2024,PVL 136 IT,herbicide,herbicide,Methyl oleate + methyl palmitate,Dash HC,0.16,18.22,18.22,123.34939999999999,2.9152,0.16,0.023633677991137372
D2_2024,D2,2024,PVL 136 IT,herbicide,herbicide,Cycloxydim,Verresta,0.25,18.22,18.22,123.34939999999999,4.555,0.25,0.03692762186115214
D2_2024,D2,2024,PVL 136 IT,herbicide,herbicide,Florpyrauxifen-benzyl,Loyant,0.03,18.22,18.22,123.34939999999999,0.5466,0.03,0.004431314623338257
D2_2024,D2,2024,PVL 136 IT,herbicide,herbicide,Methyl oleate + methyl palmitate,Dash HC,0.16,18.22,18.22,123.34939999999999,2.9152,0.16,0.023633677991137372
D2_2024,D2,2024,PVL 136 IT,herbicide,herbicide,Cycloxydim,Verresta,0.25,18.22,18.22,123.34939999999999,4.555,0.25,0.03692762186115214
D2_2024,D2,2024,PVL 136 IT,herbicide,herbicide,Florpyrauxifen-benzyl,Loyant,0.03,18.22,18.22,123.34939999999999,0.5466,0.03,0.004431314623338257
NT1_2023,NT1,2023,Velox,herbicide,herbicide,Glyphosate,Roundup Ultramax,0.05,14.92,14.92,96.8308,0.746,0.05,0.007704160246533128
NT1_2023,NT1,2023,Velox,herbicide,herbicide,Florpyrauxifen-benzyl,Loyant,0.03,14.92,14.92,96.8308,0.4476,0.03,0.004622496147919877
NT1_2023,NT1,2023,Velox,herbicide,herbicide,Azimsulfuron,Gulliver,0.04,14.92,14.92,96.8308,0.5968,0.04,0.0061633281972265025
NT1_2024,NT1,2024,Ronaldo,herbicide,herbicide,Glyphosate,Satelite,0.05,37.9,37.9,269.469,1.895,0.05,0.007032348804500704
NT1_2024,NT1,2024,Ronaldo,herbicide,herbicide,Florpyrauxifen-benzyl,Loyant,0.03,37.9,37.9,269.469,1.137,0.030000000000000002,0.0042194092827004225
NT1_2024,NT1,2024,Ronaldo,herbicide,herbicide,Profoxydim,Aura,0.15,37.9,37.9,269.469,5.685,0.15,0.02109704641350211
NT1_2024,NT1,2024,Ronaldo,herbicide,herbicide,Methyl oleate + methyl palmitate,Dash HC,0.16,37.9,37.9,269.469,6.064,0.16,0.02250351617440225
NT1_2024,NT1,2024,Ronaldo,herbicide,herbicide,Bentazone,Baza,0.96,37.9,37.9,269.469,36.384,0.9600000000000001,0.13502109704641352
NT2_2022,NT2,2022,Luna CL,herbicide,herbicide,Clomazona ,Command,0.36,20.42,20.42,83.10940000000001,7.3512,0.36,0.08845208845208845
NT2_2022,NT2,2022,Luna CL,herbicide,herbicide,Imazamox,Beyond,0.04,20.42,20.42,83.10940000000001,0.8168000000000001,0.04,0.009828009828009828
NT2_2022,NT2,2022,Luna CL,herbicide,herbicide,Cyhalofop-butyl,Clincher Plus,0.3,20.42,20.42,83.10940000000001,6.126,0.3,0.07371007371007371
NT2_2022,NT2,2022,Luna CL,herbicide,herbicide,Imazamox,Beyond,0.04,20.42,20.42,83.10940000000001,0.8168000000000001,0.04,0.009828009828009828
NT2_2022,NT2,2022,Luna CL,herbicide,herbicide,Profoxydim,Aura,0.15,20.42,20.42,83.10940000000001,3.063,0.15,0.036855036855036855
NT2_2022,NT2,2022,Luna CL,herbicide,herbicide,Methyl oleate + methyl palmitate,Dash HC,0.16,20.42,20.42,83.10940000000001,3.2672000000000003,0.16,0.03931203931203931
NT2_2023,NT2,2023,PVL 136 IT,herbicide,herbicide,Glyphosate,Touchdown,1.5,20.19,20.19,147.5889,30.285000000000004,1.5,0.20519835841313272
NT2_2023,NT2,2023,PVL 136 IT,herbicide,herbicide,Sodium lauryl ether diglycol sulfate,Biopower,0.14,20.19,20.19,147.5889,2.8266000000000004,0.14,0.01915184678522572
NT2_2023,NT2,2023,PVL 136 IT,herbicide,herbicide,Clomazona ,Centium,0.36,20.19,20.19,147.5889,7.2684,0.36,0.049247606019151846
NT2_2023,NT2,2023,PVL 136 IT,herbicide,herbicide,Cycloxydim,Verresta,0.25,20.19,20.19,147.5889,5.0475,0.25,0.03419972640218879
NT2_2023,NT2,2023,PVL 136 IT,herbicide,herbicide,Florpyrauxifen-benzyl,Loyant,0.03,20.19,20.19,147.5889,0.6057,0.03,0.004103967168262654
NT2_2023,NT2,2023,PVL 136 IT,herbicide,herbicide,Methyl oleate + methyl palmitate,Dash HC,0.16,20.19,20.19,147.5889,3.2304000000000004,0.16,0.021887824897400824
NT2_2023,NT2,2023,PVL 136 IT,herbicide,herbicide,Cycloxydim,Verresta,0.25,20.19,20.19,147.5889,5.0475,0.25,0.03419972640218879
NT2_2023,NT2,2023,PVL 136 IT,herbicide,herbicide,Florpyrauxifen-benzyl,Loyant,0.03,20.19,20.19,147.5889,0.6057,0.03,0.004103967168262654
NT2_2023,NT2,2023,PVL 136 IT,herbicide,herbicide,Methyl oleate + methyl palmitate,Dash HC,0.16,20.19,20.19,147.5889,3.2304000000000004,0.16,0.021887824897400824
NT2_2024,NT2,2024,PVL 136 IT,herbicide,herbicide,Cycloxydim,Verresta,0.25,20.19,20.19,96.3063,5.0475,0.25,0.052410901467505246
NT2_2024,NT2,2024,PVL 136 IT,herbicide,herbicide,Florpyrauxifen-benzyl,Loyant,0.03,20.19,20.19,96.3063,0.6057,0.03,0.006289308176100629
NT2_2024,NT2,2024,PVL 136 IT,herbicide,herbicide,Methyl oleate + methyl palmitate,Dash HC,0.16,20.19,20.19,96.3063,3.2304000000000004,0.16,0.03354297693920336
NT2_2024,NT2,2024,PVL 136 IT,herbicide,herbicide,Cycloxydim,Verresta,0.25,20.19,20.19,96.3063,5.0475,0.25,0.052410901467505246
NT2_2024,NT2,2024,PVL 136 IT,herbicide,herbicide,Florpyrauxifen-benzyl,Loyant,0.03,20.19,20.19,96.3063,0.6057,0.03,0.006289308176100629
NT2_2024,NT2,2024,PVL 136 IT,herbicide,herbicide,Methyl oleate + methyl palmitate,Dash HC,0.16,20.19,20.19,96.3063,3.2304000000000004,0.16,0.03354297693920336
