dmu_id,farmer_id,year,n_kg_ha,crop_protection_kg_ai_ha,soil_operation_intensity_ha_ha,yield_kg_ha,cluster,PC1,PC2,PC3,PC4,variant
C1_2022,C1,2022,124.4,0.8693554007,5.0,4434.7081881533095,1,-0.018747834913870245,-0.11014925335990394,0.42731947251245206,-0.7931617503168112,uncapped
C2_2022,C2,2022,101.4,1.4846435626,4.0,6984.019572634225,2,-0.5131166684320113,-0.34133307984460814,-0.403799609811049,0.6407059351157303,uncapped
C3_2022,C3,2022,95.2,1.4389907456,5.0,4332.396542692509,1,0.6283690481400273,-0.24480709381140878,-0.1645227600231463,-0.36775995629131086,uncapped
C4_2022,C4,2022,102.79,2.7279571599,5.0,3619.999999999999,1,1.6176349499647378,0.721226334254996,-0.28659662194920615,0.3680415272439305,uncapped
C5_2022,C5,2022,80.24,0.7027972028,5.0,5987.272727272727,2,-0.255965629949183,-1.1925481123571116,-0.2512112266596778,-0.29017561724567303,uncapped
C6_2022,C6,2022,118.0,1.0314006292,4.0,2150.0,1,0.6464517924121255,0.5462663687976043,-0.12304283567103984,-1.634227923773028,uncapped
C8_2022,C8,2022,119.0,3.1059259259000003,4.0,5553.991769547324,1,0.8376693508978885,1.0995563252931928,-0.43210302584903937,1.351441766814288,uncapped
D1_2022,D1,2022,79.44,3.1519591836000003,5.0,1360.0,1,2.8317958510552845,0.9891465833152452,-0.7894625832123336,-0.176319961860237,uncapped
D2_2022,D2,2022,143.92,2.47,5.0,1230.0,1,1.8863652029154785,1.67041564855353,0.40590648894849796,-0.8000809199645451,uncapped
NT2_2022,NT2,2022,65.45,1.05,2.0,4069.999999999999,1,-0.011157828722464583,-0.12048175393783378,-1.7232565221454201,-0.9773707196026905,uncapped
C1_2023,C1,2023,129.0,1.0421533728,5.0,4323.4805537244565,1,0.0882490550742868,0.07977355688298736,0.4702722617402071,-0.7025264335496993,uncapped
C2_2023,C2,2023,78.37,0.5864959639,5.0,8707.223331308047,2,-1.2088929677166798,-1.7780225784900132,-0.21676691468295037,0.6920447518906369,uncapped
C3_2023,C3,2023,109.8,0.4528842556,5.0,5701.25813062461,2,-0.5749756758381522,-0.8045524825959458,0.2815931761484935,-0.6158118079286464,uncapped
C4_2023,C4,2023,146.48,0.3889261745,5.0,4503.959731543624,2,-0.5370208413537376,-0.0344443020499366,0.8838434145540166,-1.157388264259921,uncapped
C5_2023,C5,2023,112.97,1.248510158,5.0,6136.952595936795,2,-0.23938040156674634,-0.39059563006275927,0.19526930412315716,0.18460178093775723,uncapped
C6_2023,C6,2023,134.5,2.2741707694,4.0,2880.0,1,1.0551046327451872,1.3695568764623993,-0.06503825090380413,-0.3702711039861232,uncapped
C7_2023,C7,2023,112.23,2.56,5.0,6650.458076613983,1,0.43243996245718885,0.23282136745686466,-0.049547607401106586,1.4262071736321764,uncapped
C8_2023,C8,2023,76.8,3.0149000689000003,5.0,5761.137146795313,1,1.3190819279922952,0.07637462058252249,-0.7367017679856462,1.4532999415345869,uncapped
D1_2023,D1,2023,47.0,1.21,5.0,4900.0,1,0.7102635275848853,-1.2490401952929382,-0.9147685700874371,-0.30088242796633613,uncapped
D2_2023,D2,2023,81.8,1.36,5.0,4840.0,1,0.5262788567743782,-0.5956296951327456,-0.3645999697143958,-0.2232625821537719,uncapped
NT1_2023,NT1,2023,89.6,0.12,0.0,6490.0,2,-2.0962013182893036,-0.1712568446965985,-1.8656928064346647,-0.9129534690699364,uncapped
NT2_2023,NT2,2023,129.5,2.88,1.0,7310.0,1,-0.708286352173491,1.5970545033130268,-1.3186782571670768,1.6472643533332936,uncapped
C1_2024,C1,2024,129.0,1.3489650626,8.0,5003.366293122391,1,0.7938653222393957,-0.6436656475029404,1.5561658168299772,0.021711782908757173,uncapped
C2_2024,C2,2024,130.51,0.3735487078,5.0,7390.000000000001,2,-1.359174907831854,-0.8204930171205689,0.6679817735674246,-0.02261432991319821,uncapped
C3_2024,C3,2024,114.4,0.4984941637,5.0,6445.882562594671,2,-0.8305219999416962,-0.8396826471435529,0.36180603329389743,-0.28815140554867313,uncapped
C4_2024,C4,2024,116.0,0.7220276498,6.0,8272.513615416841,2,-1.0584034121612613,-1.2765509230862295,0.7540972840418267,0.6799001968196211,uncapped
C5_2024,C5,2024,93.58,1.9881376975,6.0,8199.280474040632,2,-0.03601169386703028,-0.9208863381446049,0.14756597730717086,1.6649181512369604,uncapped
C6_2024,C6,2024,127.6,1.4342641092,4.0,7250.000000000001,2,-0.8579250592254432,0.0037990865274633483,0.0454537292205932,0.6926070174609155,uncapped
C7_2024,C7,2024,140.41,1.7874966533,10.0,4224.524765729585,1,1.7204886885443924,-0.5903349483519245,2.4068463788337255,0.1978770447164789,uncapped
C8_2024,C8,2024,136.0,0.7515764546999999,5.0,3951.613667117727,1,-0.034442122563539505,0.09809701754861082,0.6339989207191468,-1.082907200565394,uncapped
D1_2024,D1,2024,136.0,1.3285967742,5.0,5539.032258064516,1,-0.1896600273136636,0.13191199949443747,0.5538157915937593,0.0004905357860598598,uncapped
D2_2024,D2,2024,106.0,1.22,5.0,6770.000000000001,2,-0.40590690659179046,-0.6326903144243841,0.09488380422354196,0.4153482158650955,uncapped
NT1_2024,NT1,2024,302.08,1.35,0.0,7110.0,3,-3.3442558358016474,3.814670946842928,1.4518286041624038,0.1989878075680974,uncapped
NT2_2024,NT2,2024,91.0,0.88,1.0,4770.0,2,-0.8140106845439864,0.3264936220801865,-1.632858902122304,-0.9195821088683829,uncapped
C1_2022,C1,2022,124.4,0.8693554007,5.0,4434.7081881533095,2,-0.21659186960086585,-0.8658654148911994,-0.15110254698570766,0.6867114175283712,winsor_p90
C2_2022,C2,2022,101.4,1.4846435626,4.0,6984.019572634225,3,0.6752076575632955,0.28149309337894557,-0.06947703864828447,-0.624101034023809,winsor_p90
C3_2022,C3,2022,95.2,1.4389907456,5.0,4332.396542692509,1,-0.42546727861574224,0.42487408280077577,-0.5850135098795249,0.411732082587297,winsor_p90
C4_2022,C4,2022,102.79,2.7279571599,5.0,3619.999999999999,1,-1.7391707759572048,0.795515097448889,-0.08288186173089265,-0.40965938128031343,winsor_p90
C5_2022,C5,2022,80.24,0.7027972028,5.0,5987.272727272727,3,0.8753066417736115,0.498971309997324,-1.1593333230084757,0.4447574818811448,winsor_p90
C6_2022,C6,2022,118.0,1.0314006292,4.0,2150.0,1,-0.8883343448567471,-0.17080330984415884,0.4512937875308763,1.56830482497123,winsor_p90
C8_2022,C8,2022,119.0,2.83438714797,4.0,5553.991769547324,1,-1.036761133891612,0.3786966046116968,0.6894956405958402,-1.2653915651289205,winsor_p90
D1_2022,D1,2022,79.44,2.83438714797,5.0,1360.0,1,-2.432327502190664,1.8201971719387964,-0.37744817636293104,0.5172010345807059,winsor_p90
D2_2022,D2,2022,139.087,2.47,5.0,1230.0,1,-2.7402571702041048,-0.4286891516820928,0.7209504064903779,0.5539361121680517,winsor_p90
NT2_2022,NT2,2022,65.45,1.05,2.0,4069.999999999999,3,0.7239667867706909,2.022645199301842,0.3939214609348981,1.233712698294466,winsor_p90
C1_2023,C1,2023,129.0,1.0421533728,5.0,4323.4805537244565,2,-0.4308195357535738,-0.9407269729226657,-0.012094139625464054,0.5638878126229064,winsor_p90
C2_2023,C2,2023,78.37,0.5864959639,5.0,8707.223331308047,3,1.9714872549669198,0.3222904901043622,-1.393603661453381,-0.5222458902341968,winsor_p90
C3_2023,C3,2023,109.8,0.4528842556,5.0,5701.25813062461,2,0.6950388827144631,-0.631703714720683,-0.6177322022900655,0.6074922871200881,winsor_p90
C4_2023,C4,2023,139.087,0.3889261745,5.0,4503.959731543624,2,0.04323631655339926,-1.604667304517176,0.019715235659104206,0.9778166709764774,winsor_p90
C5_2023,C5,2023,112.97,1.248510158,5.0,6136.952595936795,2,0.21658436208392487,-0.4107086657444121,-0.3922699886014992,-0.2367823672109217,winsor_p90
C6_2023,C6,2023,134.5,2.2741707694,4.0,2880.0,1,-1.7220854231265883,-0.23407177917875058,1.0283318259035452,0.16908735039303963,winsor_p90
C7_2023,C7,2023,112.23,2.56,5.0,6650.458076613983,1,-0.5926821542446806,0.17703194921949822,-0.12560905521470064,-1.5162511589351508,winsor_p90
C8_2023,C8,2023,76.8,2.83438714797,5.0,5761.137146795313,1,-0.8060020835153894,1.6065177086824345,-0.7039508651410656,-1.2046306354603562,winsor_p90
D1_2023,D1,2023,47.0,1.21,5.0,4900.0,3,0.3920740062066068,1.971497457896227,-1.6264926438907124,0.6310155369471455,winsor_p90
D2_2023,D2,2023,81.8,1.36,5.0,4840.0,3,-0.05909697574228479,0.8235216502725612,-0.9000241113969414,0.3473685455531104,winsor_p90
NT1_2023,NT1,2023,89.6,0.12,0.0,6490.0,3,2.550310213829739,1.0591203521277077,1.592714961038304,1.0788501489855085,winsor_p90
NT2_2023,NT2,2023,129.5,2.83438714797,1.0,7310.0,3,0.18621774912616854,0.6016040460459323,2.4299821824457832,-1.7724906521993014,winsor_p90
C1_2024,C1,2024,129.0,1.3489650626,5.699999999999999,5003.366293122391,2,-0.576224530429197,-1.0147042026673974,-0.3644923885618245,-0.013313616614841203,winsor_p90
C2_2024,C2,2024,130.51,0.3735487078,5.0,7390.000000000001,2,1.1833477903066187,-1.5116993848747244,-0.33318742806185964,-0.10246395284304032,winsor_p90
C3_2024,C3,2024,114.4,0.4984941637,5.0,6445.882562594671,2,0.8896911577217911,-0.8240702826294911,-0.5624648195267029,0.25194970677981066,winsor_p90
C4_2024,C4,2024,116.0,0.7220276498,5.699999999999999,8272.513615416841,2,1.211036644801784,-1.0719043514211681,-0.9746696999451895,-0.7173296498084799,winsor_p90
C5_2024,C5,2024,93.58,1.9881376975,5.699999999999999,8199.280474040632,3,0.4188435708101783,0.2963436774687287,-1.1101966881009873,-1.613558666142236,winsor_p90
C6_2024,C6,2024,127.6,1.4342641092,4.0,7250.000000000001,2,0.5737110153914442,-0.6788453217728777,0.41905195728631944,-0.825776139881665,winsor_p90
C7_2024,C7,2024,139.087,1.7874966533,5.699999999999999,4224.524765729585,1,-1.2863495878735505,-1.1144757807167573,-0.012079131648340473,-0.12080144928486598,winsor_p90
C8_2024,C8,2024,136.0,0.7515764546999999,5.0,3951.613667117727,2,-0.4072911606877763,-1.2927389412336894,0.07984749665218822,0.9130760873433977,winsor_p90
D1_2024,D1,2024,136.0,1.3285967742,5.0,5539.032258064516,2,-0.27057047023602704,-1.1403115046186896,0.11871412623190584,-0.18853309893636563,winsor_p90
D2_2024,D2,2024,106.0,1.22,5.0,6770.000000000001,2,0.5318935628469131,-0.22330176164234034,-0.5761250147392969,-0.42616322612636603,winsor_p90
NT1_2024,NT1,2024,139.087,1.35,0.0,7110.0,3,1.3880477377350295,-0.1592186129767404,2.824671357756035,-0.44057938705472743,winsor_p90
NT2_2024,NT2,2024,91.0,0.88,1.0,4770.0,3,1.1040306457234477,1.2381865667592986,1.3615578562886794,1.043172072432803,winsor_p90
C1_2022,C1,2022,124.4,0.8693554007,5.0,4434.7081881533095,3,-0.19641695829842498,-0.8263897681800806,0.03109713726529425,0.6783931568087435,winsor_p95
C2_2022,C2,2022,101.4,1.4846435626,4.0,6984.019572634225,2,0.7111773084486084,0.2931947329452213,-0.12083561943157431,-0.5858938559773219,winsor_p95
C3_2022,C3,2022,95.2,1.4389907456,5.0,4332.396542692509,1,-0.38019780461086544,0.3749404841008965,-0.5507434867329856,0.48309717213517395,winsor_p95
C4_2022,C4,2022,102.79,2.7279571599,5.0,3619.999999999999,1,-1.6473256314848734,0.8109600393741118,-0.16902121288354896,-0.31517571086047796,winsor_p95
C5_2022,C5,2022,80.24,0.7027972028,5.0,5987.272727272727,2,0.8959141690226301,0.37090113880200803,-1.1072177636075589,0.5300286355635444,winsor_p95
C6_2022,C6,2022,118.0,1.0314006292,4.0,2150.0,1,-0.8733788231382952,-0.10287721724733588,0.582536297168403,1.5385940651954368,winsor_p95
C8_2022,C8,2022,119.0,3.0467591188500003,4.0,5553.991769547324,1,-1.108118442886948,0.5978690834442134,0.5760767562157154,-1.3940462558327413,winsor_p95
D1_2022,D1,2022,79.44,3.0467591188500003,5.0,1360.0,1,-2.4887638316578444,1.8610617142235668,-0.4778582049781181,0.48774336758044873,winsor_p95
D2_2022,D2,2022,143.92,2.47,5.0,1230.0,1,-2.7082308922166627,-0.43666519973945145,0.9166664922404362,0.5187875314768736,winsor_p95
NT2_2022,NT2,2022,65.45,1.05,2.0,4069.999999999999,2,0.7251121966681059,1.982807375286909,0.23825280380634484,1.259586817126014,winsor_p95
C1_2023,C1,2023,129.0,1.0421533728,5.0,4323.4805537244565,3,-0.4048941352669862,-0.8794821670931098,0.16425671809534056,0.5510531050096426,winsor_p95
C2_2023,C2,2023,78.37,0.5864959639,5.0,8707.223331308047,2,1.9891066008169673,0.17910670680272628,-1.37903339077597,-0.4265612689729367,winsor_p95
C3_2023,C3,2023,109.8,0.4528842556,5.0,5701.25813062461,3,0.7022278845879858,-0.6592705053137509,-0.44822216809374826,0.6212294688166929,winsor_p95
C4_2023,C4,2023,144.81599999999997,0.3889261745,5.0,4503.959731543624,3,-0.008981777751923412,-1.705930347709165,0.4282633248261638,0.880872059093127,winsor_p95
C5_2023,C5,2023,112.97,1.248510158,5.0,6136.952595936795,3,0.2530757762006531,-0.40502966102032595,-0.3161882313161713,-0.20228317942826754,winsor_p95
C6_2023,C6,2023,134.5,2.2741707694,4.0,2880.0,1,-1.6629102956003152,-0.0724799821029312,1.0451197426790289,0.1476340806729695,winsor_p95
C7_2023,C7,2023,112.23,2.56,5.0,6650.458076613983,1,-0.5071593214310873,0.21628596826641747,-0.21675166833410534,-1.4357164662460793,winsor_p95
C8_2023,C8,2023,76.8,3.0149000689000003,5.0,5761.137146795313,1,-0.8371545487469909,1.6142443137711766,-0.8902899118110449,-1.186724978401869,winsor_p95
D1_2023,D1,2023,47.0,1.21,5.0,4900.0,2,0.4356152880860226,1.7394399040827508,-1.7094419796045366,0.7987576917092613,winsor_p95
D2_2023,D2,2023,81.8,1.36,5.0,4840.0,2,-0.01473879019789347,0.7218728513306231,-0.9024531666167894,0.4463471564559112,winsor_p95
NT1_2023,NT1,2023,89.6,0.12,0.0,6490.0,2,2.4921691327154893,1.1614797243863162,1.469451326788938,0.9696395325860596,winsor_p95
NT2_2023,NT2,2023,129.5,2.88,1.0,7310.0,2,0.20184429705050363,0.9032411272893186,2.13865636493262,-1.8792934389555964,winsor_p95
C1_2024,C1,2024,129.0,1.3489650626,6.699999999999996,5003.366293122391,3,-0.7457635329846045,-1.2565590808716756,-0.6945848994345462,-0.040301304812008935,winsor_p95
C2_2024,C2,2024,130.51,0.3735487078,5.0,7390.000000000001,3,1.1854424880273233,-1.4696373561135965,-0.12492844240942198,-0.12862482290343172,winsor_p95
C3_2024,C3,2024,114.4,0.4984941637,5.0,6445.882562594671,3,0.8982444805470027,-0.835062487721392,-0.398164836462577,0.26026740304467894,winsor_p95
C4_2024,C4,2024,116.0,0.7220276498,6.0,8272.513615416841,3,1.171752048286179,-1.188279968209052,-0.9753311330150329,-0.6908003286462138,winsor_p95
C5_2024,C5,2024,93.58,1.9881376975,6.0,8199.280474040632,2,0.42961991961171675,0.1348203717464152,-1.3233819093102257,-1.4989457621432578,winsor_p95
C6_2024,C6,2024,127.6,1.4342641092,4.0,7250.000000000001,3,0.6043514313742446,-0.5741721910217567,0.4425112896200219,-0.8434649541314989,winsor_p95
C7_2024,C7,2024,140.41,1.7874966533,6.699999999999996,4224.524765729585,3,-1.4534167029595448,-1.347519883264088,-0.32320836246078505,-0.16754733243101277,winsor_p95
C8_2024,C8,2024,136.0,0.7515764546999999,5.0,3951.613667117727,3,-0.3932612531140761,-1.213695290721129,0.31676314536179057,0.8746506437627481,winsor_p95
D1_2024,D1,2024,136.0,1.3285967742,5.0,5539.032258064516,3,-0.23447243869269632,-1.0478399372325917,0.2598489268937191,-0.20226440016148253,winsor_p95
D2_2024,D2,2024,106.0,1.22,5.0,6770.000000000001,3,0.5685245827357518,-0.24484951869230798,-0.5268982580136757,-0.3755034440110659,winsor_p95
NT1_2024,NT1,2024,144.81599999999997,1.35,0.0,7110.0,2,1.3165490091431225,-0.024051779900794042,2.811778462620381,-0.6542642072125432,winsor_p95
NT2_2024,NT2,2024,91.0,0.88,1.0,4770.0,2,1.0844585677177339,1.3275668063018635,1.2332758567782078,0.9807298240904743,winsor_p95
C1_2022,C1,2022,124.4,0.8693554007,5.0,4434.7081881533095,2,-0.0352699605500137,-0.008169547242055649,0.5540322295925987,-0.7594331350756959,winsor_p99
C2_2022,C2,2022,101.4,1.4846435626,4.0,6984.019572634225,2,-0.5601863697357916,-0.31886822926082414,-0.4215616281113747,0.6098325231977344,winsor_p99
C3_2022,C3,2022,95.2,1.4389907456,5.0,4332.396542692509,2,0.6014670399828662,-0.37075322504008823,-0.163390516983578,-0.3869343124164842,winsor_p99
C4_2022,C4,2022,102.79,2.7279571599,5.0,3619.999999999999,1,1.7022865780905028,0.4512083259929495,-0.3874076413646393,0.3548949977334757,winsor_p99
C5_2022,C5,2022,80.24,0.7027972028,5.0,5987.272727272727,2,-0.3889518352486118,-1.2457485780473987,-0.22588147837209416,-0.33226262704462395,winsor_p99
C6_2022,C6,2022,118.0,1.0314006292,4.0,2150.0,2,0.6917933384506991,0.5312103785064838,-0.02470966602959276,-1.628718012305855,winsor_p99
C8_2022,C8,2022,119.0,3.1059259259000003,4.0,5553.991769547324,1,0.9550268355246714,0.9634394319076349,-0.5550067689697307,1.3424411093127884,winsor_p99
D1_2022,D1,2022,79.44,3.1367682085590003,5.0,1360.0,1,2.9377174786688767,0.45270214656978547,-0.9690607041844381,-0.2410570053783127,winsor_p99
D2_2022,D2,2022,143.92,2.47,5.0,1230.0,1,2.070658914220113,1.5601385181011307,0.44580855520301993,-0.7390847814146817,winsor_p99
NT2_2022,NT2,2022,65.45,1.05,2.0,4069.999999999999,2,-0.05605238349261004,-0.299889983106301,-1.791304476272433,-1.101379507947369,winsor_p99
C1_2023,C1,2023,129.0,1.0421533728,5.0,4323.4805537244565,2,0.09310037784237579,0.1808014122119192,0.5921301224293755,-0.6618834550989938,winsor_p99
C2_2023,C2,2023,78.37,0.5864959639,5.0,8707.223331308047,2,-1.4055478171506977,-1.725198620911325,-0.2025702226570834,0.6443936753810832,winsor_p99
C3_2023,C3,2023,109.8,0.4528842556,5.0,5701.25813062461,2,-0.6683996504671327,-0.6815302687891277,0.4049061525658291,-0.605848922892361,winsor_p99
C4_2023,C4,2023,146.48,0.3889261745,5.0,4503.959731543624,2,-0.5488042931965638,0.24565654589916733,1.1103907514368279,-1.0833511334489632,winsor_p99
C5_2023,C5,2023,112.97,1.248510158,5.0,6136.952595936795,2,-0.28353550010822287,-0.33178511449431897,0.2462218813532968,0.19471974105101658,winsor_p99
C6_2023,C6,2023,134.5,2.2741707694,4.0,2880.0,1,1.196150477481458,1.3171383818540339,-0.05198546402759957,-0.344948220017324,winsor_p99
C7_2023,C7,2023,112.23,2.56,5.0,6650.458076613983,2,0.46329459000359463,0.14657912797955416,-0.13102755952635567,1.4266742656151616,winsor_p99
C8_2023,C8,2023,76.8,3.0149000689000003,5.0,5761.137146795313,1,1.3366664815927516,-0.28614695326691336,-0.942601285222772,1.3918503655903611,winsor_p99
D1_2023,D1,2023,47.0,1.21,5.0,4900.0,2,0.5750286482070006,-1.580731243101787,-1.0123094142382465,-0.4012516594998022,winsor_p99
D2_2023,D2,2023,81.8,1.36,5.0,4840.0,2,0.4614570770261876,-0.7638214709315868,-0.3917107428785127,-0.26531442440169717,winsor_p99
NT1_2023,NT1,2023,89.6,0.12,0.0,6490.0,2,-2.172542869352524,0.02536881998964195,-1.8249202525979977,-1.0310440626429693,winsor_p99
NT2_2023,NT2,2023,129.5,2.88,1.0,7310.0,2,-0.568717882370119,1.6759168108320237,-1.4420092796060908,1.5985785955913643,winsor_p99
C1_2024,C1,2024,129.0,1.3489650626,8.0,5003.366293122391,2,0.7524300669919812,-0.6208872565057932,1.6801192053636682,0.11664570548409743,winsor_p99
C2_2024,C2,2024,130.51,0.3735487078,5.0,7390.000000000001,2,-1.4552765206383247,-0.515080907822128,0.8382376902172982,0.021106479265400154,winsor_p99
C3_2024,C3,2024,114.4,0.4984941637,5.0,6445.882562594671,2,-0.9275598353556983,-0.6700628519646636,0.48698194075970985,-0.27148529953897826,winsor_p99
C4_2024,C4,2024,116.0,0.7220276498,6.0,8272.513615416841,2,-1.1912420845523226,-1.0795526842688878,0.861580703594823,0.7148491301453456,winsor_p99
C5_2024,C5,2024,93.58,1.9881376975,6.0,8199.280474040632,2,-0.12242390632905982,-1.0000111536358072,0.07817651181502809,1.6543052750391742,winsor_p99
C6_2024,C6,2024,127.6,1.4342641092,4.0,7250.000000000001,2,-0.8687657341398375,0.1809578228127232,0.09451879507423376,0.706259800455378,winsor_p99
C7_2024,C7,2024,140.41,1.7874966533,9.340000000000003,4224.524765729585,1,1.5571934011735091,-0.44985631736903436,2.2884664420877288,0.28902960289048263,winsor_p99
C8_2024,C8,2024,136.0,0.7515764546999999,5.0,3951.613667117727,2,-0.029532046612619645,0.25777367234003473,0.8035116653054232,-1.0282158862363164,winsor_p99
D1_2024,D1,2024,136.0,1.3285967742,5.0,5539.032258064516,2,-0.17763624390643076,0.2803969666249733,0.6569068783568951,0.04994796987613127,winsor_p99
D2_2024,D2,2024,106.0,1.22,5.0,6770.000000000001,2,-0.4761262791458514,-0.5835940482726757,0.12750060860886356,0.4130738588599867,winsor_p99
NT1_2024,NT1,2024,250.73200000000026,1.35,0.0,7110.0,3,-2.635370868020182,3.9111535118347023,0.9069828088873624,0.37252016308849556,winsor_p99
NT2_2024,NT2,2024,91.0,0.88,1.0,4770.0,2,-0.8223292248839795,0.35124658057393665,-1.6390158416094498,-1.0189108132170461,winsor_p99
