dmu_id,farmer_id,year,operation_category,operation,equipment,repetitions,ha_worked_total,dmu_area_ha,dmu_production_t,ha_worked_per_ha,ha_worked_per_tonne
C1_2022,C1,2022,soil_operation,disk_harrow x3,disk_harrow,3.0,137.76,45.92,203.64180000000002,2.9999999999999996,0.6764819403481995
C1_2022,C1,2022,soil_operation,fertiliser_integration,rotary_tiller,1.0,45.92,45.92,203.64180000000002,1.0,0.22549398011606653
C1_2022,C1,2022,soil_operation,levelling,laser_leveler,1.0,45.92,45.92,203.64180000000002,1.0,0.22549398011606653
C1_2022,C1,2022,harvest,colheita,combine_harvester,1.0,45.92,45.92,203.64180000000002,1.0,0.22549398011606653
C1_2022,C1,2022,basal_fertilisation,adubação fundo,centrifugal_spreader,1.0,45.92,45.92,203.64180000000002,1.0,0.22549398011606653
C1_2022,C1,2022,topdressing,adubação cobertura,centrifugal_spreader,1.0,45.92,45.92,203.64180000000002,1.0,0.22549398011606653
C1_2022,C1,2022,topdressing,adubação cobertura,centrifugal_spreader,1.0,45.92,45.92,203.64180000000002,1.0,0.22549398011606653
C1_2022,C1,2022,crop_protection,fungicide,sprayer,1.0,15.48,45.92,203.64180000000002,0.33710801393728224,0.0760158277917402
C1_2022,C1,2022,crop_protection,fungicide,sprayer,1.0,1.5,45.92,203.64180000000002,0.03266550522648084,0.007365874786021337
C1_2022,C1,2022,crop_protection,fungicide,sprayer,1.0,18.3,45.92,203.64180000000002,0.3985191637630662,0.08986367238946032
C1_2022,C1,2022,crop_protection,fungicide,sprayer,1.0,1.6,45.92,203.64180000000002,0.03484320557491289,0.007856933105089427
C1_2022,C1,2022,crop_protection,fungicide,sprayer,1.0,4.3,45.92,203.64180000000002,0.09364111498257839,0.02111550771992783
C1_2022,C1,2022,crop_protection,herbicide,sprayer,1.0,15.48,45.92,203.64180000000002,0.33710801393728224,0.0760158277917402
C1_2022,C1,2022,crop_protection,herbicide,sprayer,1.0,15.48,45.92,203.64180000000002,0.33710801393728224,0.0760158277917402
C1_2022,C1,2022,crop_protection,herbicide,sprayer,1.0,15.48,45.92,203.64180000000002,0.33710801393728224,0.0760158277917402
C1_2022,C1,2022,crop_protection,herbicide,sprayer,1.0,15.48,45.92,203.64180000000002,0.33710801393728224,0.0760158277917402
C1_2022,C1,2022,crop_protection,herbicide,sprayer,1.0,1.5,45.92,203.64180000000002,0.03266550522648084,0.007365874786021337
C1_2022,C1,2022,crop_protection,herbicide,sprayer,1.0,1.5,45.92,203.64180000000002,0.03266550522648084,0.007365874786021337
C1_2022,C1,2022,crop_protection,herbicide,sprayer,1.0,1.5,45.92,203.64180000000002,0.03266550522648084,0.007365874786021337
C1_2022,C1,2022,crop_protection,herbicide,sprayer,1.0,18.3,45.92,203.64180000000002,0.3985191637630662,0.08986367238946032
C1_2022,C1,2022,crop_protection,herbicide,sprayer,1.0,18.3,45.92,203.64180000000002,0.3985191637630662,0.08986367238946032
C1_2022,C1,2022,crop_protection,herbicide,sprayer,1.0,18.3,45.92,203.64180000000002,0.3985191637630662,0.08986367238946032
C1_2022,C1,2022,crop_protection,herbicide,sprayer,1.0,18.3,45.92,203.64180000000002,0.3985191637630662,0.08986367238946032
C1_2022,C1,2022,crop_protection,herbicide,sprayer,1.0,1.6,45.92,203.64180000000002,0.03484320557491289,0.007856933105089427
C1_2022,C1,2022,crop_protection,herbicide,sprayer,1.0,1.6,45.92,203.64180000000002,0.03484320557491289,0.007856933105089427
C1_2022,C1,2022,crop_protection,herbicide,sprayer,1.0,1.6,45.92,203.64180000000002,0.03484320557491289,0.007856933105089427
C1_2022,C1,2022,crop_protection,herbicide,sprayer,1.0,4.3,45.92,203.64180000000002,0.09364111498257839,0.02111550771992783
C1_2022,C1,2022,crop_protection,herbicide,sprayer,1.0,4.3,45.92,203.64180000000002,0.09364111498257839,0.02111550771992783
C1_2022,C1,2022,crop_protection,herbicide,sprayer,1.0,4.74,45.92,203.64180000000002,0.10322299651567944,0.023276164323827425
C1_2022,C1,2022,crop_protection,pesticide,sprayer,1.0,15.48,45.92,203.64180000000002,0.33710801393728224,0.0760158277917402
C1_2022,C1,2022,crop_protection,pesticide,sprayer,1.0,18.3,45.92,203.64180000000002,0.3985191637630662,0.08986367238946032
C1_2022,C1,2022,crop_protection,pesticide,sprayer,1.0,4.3,45.92,203.64180000000002,0.09364111498257839,0.02111550771992783
C1_2022,C1,2022,sowing,sementeira,centrifugal_spreader,1.0,15.48,45.92,203.64180000000002,0.33710801393728224,0.0760158277917402
C1_2022,C1,2022,sowing,sementeira,centrifugal_spreader,1.0,1.5,45.92,203.64180000000002,0.03266550522648084,0.007365874786021337
C1_2022,C1,2022,sowing,sementeira,centrifugal_spreader,1.0,18.3,45.92,203.64180000000002,0.3985191637630662,0.08986367238946032
C1_2022,C1,2022,sowing,sementeira,centrifugal_spreader,1.0,1.6,45.92,203.64180000000002,0.03484320557491289,0.007856933105089427
C1_2022,C1,2022,sowing,sementeira,centrifugal_spreader,1.0,4.3,45.92,203.64180000000002,0.09364111498257839,0.02111550771992783
C1_2022,C1,2022,sowing,sementeira,centrifugal_spreader,1.0,4.74,45.92,203.64180000000002,0.10322299651567944,0.023276164323827425
C1_2023,C1,2023,soil_operation,disk_harrow x3,disk_harrow,3.0,136.53,45.51,196.7616,3.0,0.6938853922716628
C1_2023,C1,2023,soil_operation,fertiliser_integration,rotary_tiller,1.0,45.51,45.51,196.7616,1.0,0.2312951307572209
C1_2023,C1,2023,soil_operation,levelling,laser_leveler,1.0,45.51,45.51,196.7616,1.0,0.2312951307572209
C1_2023,C1,2023,harvest,colheita,combine_harvester,1.0,45.51,45.51,196.7616,1.0,0.2312951307572209
C1_2023,C1,2023,basal_fertilisation,adubação fundo,centrifugal_spreader,1.0,45.51,45.51,196.7616,1.0,0.2312951307572209
C1_2023,C1,2023,topdressing,adubação cobertura,centrifugal_spreader,1.0,45.51,45.51,196.7616,1.0,0.2312951307572209
C1_2023,C1,2023,crop_protection,herbicide,sprayer,1.0,28.4,45.51,196.7616,0.6240386728191606,0.14433710642727035
C1_2023,C1,2023,crop_protection,herbicide,sprayer,1.0,4.01,45.51,196.7616,0.08811250274664909,0.020379992844132187
C1_2023,C1,2023,crop_protection,herbicide,sprayer,1.0,4.1,45.51,196.7616,0.09009009009009009,0.0208373991673172
C1_2023,C1,2023,crop_protection,herbicide,sprayer,1.0,9.0,45.51,196.7616,0.1977587343441002,0.04574063231850117
C1_2023,C1,2023,crop_protection,herbicide,sprayer,1.0,28.4,45.51,196.7616,0.6240386728191606,0.14433710642727035
C1_2023,C1,2023,crop_protection,herbicide,sprayer,1.0,4.01,45.51,196.7616,0.08811250274664909,0.020379992844132187
C1_2023,C1,2023,crop_protection,herbicide,sprayer,1.0,9.0,45.51,196.7616,0.1977587343441002,0.04574063231850117
C1_2023,C1,2023,crop_protection,herbicide,sprayer,1.0,28.4,45.51,196.7616,0.6240386728191606,0.14433710642727035
C1_2023,C1,2023,crop_protection,herbicide,sprayer,1.0,4.01,45.51,196.7616,0.08811250274664909,0.020379992844132187
C1_2023,C1,2023,crop_protection,herbicide,sprayer,1.0,9.0,45.51,196.7616,0.1977587343441002,0.04574063231850117
C1_2023,C1,2023,crop_protection,herbicide,sprayer,1.0,28.4,45.51,196.7616,0.6240386728191606,0.14433710642727035
C1_2023,C1,2023,crop_protection,herbicide,sprayer,1.0,4.01,45.51,196.7616,0.08811250274664909,0.020379992844132187
C1_2023,C1,2023,crop_protection,herbicide,sprayer,1.0,9.0,45.51,196.7616,0.1977587343441002,0.04574063231850117
C1_2023,C1,2023,crop_protection,herbicide,sprayer,1.0,28.4,45.51,196.7616,0.6240386728191606,0.14433710642727035
C1_2023,C1,2023,crop_protection,herbicide,sprayer,1.0,9.0,45.51,196.7616,0.1977587343441002,0.04574063231850117
C1_2023,C1,2023,crop_protection,herbicide,sprayer,1.0,9.0,45.51,196.7616,0.1977587343441002,0.04574063231850117
C1_2023,C1,2023,crop_protection,herbicide,sprayer,1.0,4.1,45.51,196.7616,0.09009009009009009,0.0208373991673172
C1_2023,C1,2023,crop_protection,herbicide,sprayer,1.0,4.1,45.51,196.7616,0.09009009009009009,0.0208373991673172
C1_2023,C1,2023,crop_protection,herbicide,sprayer,1.0,4.1,45.51,196.7616,0.09009009009009009,0.0208373991673172
C1_2023,C1,2023,crop_protection,herbicide,sprayer,1.0,4.1,45.51,196.7616,0.09009009009009009,0.0208373991673172
C1_2023,C1,2023,crop_protection,pesticide,sprayer,1.0,28.4,45.51,196.7616,0.6240386728191606,0.14433710642727035
C1_2023,C1,2023,sowing,sementeira,centrifugal_spreader,1.0,28.4,45.51,196.7616,0.6240386728191606,0.14433710642727035
C1_2023,C1,2023,sowing,sementeira,centrifugal_spreader,1.0,4.01,45.51,196.7616,0.08811250274664909,0.020379992844132187
C1_2023,C1,2023,sowing,sementeira,centrifugal_spreader,1.0,4.1,45.51,196.7616,0.09009009009009009,0.0208373991673172
C1_2023,C1,2023,sowing,sementeira,centrifugal_spreader,1.0,9.0,45.51,196.7616,0.1977587343441002,0.04574063231850117
C1_2024,C1,2024,soil_operation,disk_harrow x3,disk_harrow,3.0,136.53,45.51,227.7032,3.0,0.5995963166086379
C1_2024,C1,2024,soil_operation,disk_harrow x3,disk_harrow,3.0,136.53,45.51,227.7032,3.0,0.5995963166086379
C1_2024,C1,2024,soil_operation,fertiliser_integration,rotary_tiller,1.0,45.51,45.51,227.7032,1.0,0.19986543886954594
C1_2024,C1,2024,soil_operation,levelling,laser_leveler,1.0,45.51,45.51,227.7032,1.0,0.19986543886954594
C1_2024,C1,2024,harvest,colheita,combine_harvester,1.0,45.51,45.51,227.7032,1.0,0.19986543886954594
C1_2024,C1,2024,basal_fertilisation,adubação fundo,centrifugal_spreader,1.0,45.51,45.51,227.7032,1.0,0.19986543886954594
C1_2024,C1,2024,topdressing,adubação cobertura,centrifugal_spreader,1.0,45.51,45.51,227.7032,1.0,0.19986543886954594
C1_2024,C1,2024,crop_protection,herbicide,sprayer,1.0,14.21,45.51,227.7032,0.31223906833662934,0.06240579842531857
C1_2024,C1,2024,crop_protection,herbicide,sprayer,1.0,8.42,45.51,227.7032,0.1850142825752582,0.036977960784038165
C1_2024,C1,2024,crop_protection,herbicide,sprayer,1.0,14.21,45.51,227.7032,0.31223906833662934,0.06240579842531857
C1_2024,C1,2024,crop_protection,herbicide,sprayer,1.0,8.42,45.51,227.7032,0.1850142825752582,0.036977960784038165
C1_2024,C1,2024,crop_protection,herbicide,sprayer,1.0,6.31,45.51,227.7032,0.13865084596791913,0.027711512179011973
C1_2024,C1,2024,crop_protection,herbicide,sprayer,1.0,11.84,45.51,227.7032,0.2601626016260163,0.051997512551426595
C1_2024,C1,2024,crop_protection,herbicide,sprayer,1.0,4.73,45.51,227.7032,0.10393320149417712,0.02077265492975066
C1_2024,C1,2024,crop_protection,herbicide,sprayer,1.0,6.31,45.51,227.7032,0.13865084596791913,0.027711512179011973
C1_2024,C1,2024,crop_protection,herbicide,sprayer,1.0,11.84,45.51,227.7032,0.2601626016260163,0.051997512551426595
C1_2024,C1,2024,crop_protection,herbicide,sprayer,1.0,4.73,45.51,227.7032,0.10393320149417712,0.02077265492975066
C1_2024,C1,2024,crop_protection,herbicide,sprayer,1.0,6.31,45.51,227.7032,0.13865084596791913,0.027711512179011973
C1_2024,C1,2024,crop_protection,herbicide,sprayer,1.0,11.84,45.51,227.7032,0.2601626016260163,0.051997512551426595
C1_2024,C1,2024,crop_protection,herbicide,sprayer,1.0,4.73,45.51,227.7032,0.10393320149417712,0.02077265492975066
C1_2024,C1,2024,crop_protection,herbicide,sprayer,1.0,6.31,45.51,227.7032,0.13865084596791913,0.027711512179011973
C1_2024,C1,2024,crop_protection,herbicide,sprayer,1.0,11.84,45.51,227.7032,0.2601626016260163,0.051997512551426595
C1_2024,C1,2024,crop_protection,herbicide,sprayer,1.0,4.73,45.51,227.7032,0.10393320149417712,0.02077265492975066
C1_2024,C1,2024,crop_protection,herbicide,sprayer,1.0,6.31,45.51,227.7032,0.13865084596791913,0.027711512179011973
C1_2024,C1,2024,crop_protection,herbicide,sprayer,1.0,11.84,45.51,227.7032,0.2601626016260163,0.051997512551426595
C1_2024,C1,2024,crop_protection,herbicide,sprayer,1.0,4.73,45.51,227.7032,0.10393320149417712,0.02077265492975066
C1_2024,C1,2024,crop_protection,herbicide,sprayer,1.0,6.31,45.51,227.7032,0.13865084596791913,0.027711512179011973
C1_2024,C1,2024,crop_protection,herbicide,sprayer,1.0,11.84,45.51,227.7032,0.2601626016260163,0.051997512551426595
C1_2024,C1,2024,crop_protection,herbicide,sprayer,1.0,4.73,45.51,227.7032,0.10393320149417712,0.02077265492975066
C1_2024,C1,2024,crop_protection,herbicide,sprayer,1.0,6.31,45.51,227.7032,0.13865084596791913,0.027711512179011973
C1_2024,C1,2024,crop_protection,herbicide,sprayer,1.0,11.84,45.51,227.7032,0.2601626016260163,0.051997512551426595
C1_2024,C1,2024,crop_protection,herbicide,sprayer,1.0,4.73,45.51,227.7032,0.10393320149417712,0.02077265492975066
C1_2024,C1,2024,crop_protection,herbicide,sprayer,1.0,6.31,45.51,227.7032,0.13865084596791913,0.027711512179011973
C1_2024,C1,2024,crop_protection,herbicide,sprayer,1.0,11.84,45.51,227.7032,0.2601626016260163,0.051997512551426595
C1_2024,C1,2024,crop_protection,herbicide,sprayer,1.0,4.73,45.51,227.7032,0.10393320149417712,0.02077265492975066
C1_2024,C1,2024,crop_protection,fungicide,sprayer,1.0,14.21,45.51,227.7032,0.31223906833662934,0.06240579842531857
C1_2024,C1,2024,sowing,sementeira,centrifugal_spreader,1.0,6.31,45.51,227.7032,0.13865084596791913,0.027711512179011973
C1_2024,C1,2024,sowing,sementeira,centrifugal_spreader,1.0,14.21,45.51,227.7032,0.31223906833662934,0.06240579842531857
C1_2024,C1,2024,sowing,sementeira,centrifugal_spreader,1.0,8.42,45.51,227.7032,0.1850142825752582,0.036977960784038165
C1_2024,C1,2024,sowing,sementeira,centrifugal_spreader,1.0,11.84,45.51,227.7032,0.2601626016260163,0.051997512551426595
C1_2024,C1,2024,sowing,sementeira,centrifugal_spreader,1.0,4.73,45.51,227.7032,0.10393320149417712,0.02077265492975066
C2_2022,C2,2022,soil_operation,scarifier,disk_harrow,1.0,111.38,111.38000000000001,777.8801000000001,0.9999999999999999,0.14318402026224863
C2_2022,C2,2022,soil_operation,scarifier,disk_harrow,1.0,111.38,111.38000000000001,777.8801000000001,0.9999999999999999,0.14318402026224863
C2_2022,C2,2022,soil_operation,levelling,laser_leveler,1.0,111.38,111.38000000000001,777.8801000000001,0.9999999999999999,0.14318402026224863
C2_2022,C2,2022,soil_operation,fertiliser_integration,rotary_tiller,1.0,111.38,111.38000000000001,777.8801000000001,0.9999999999999999,0.14318402026224863
C2_2022,C2,2022,harvest,colheita,combine_harvester,1.0,111.38,111.38000000000001,777.8801000000001,0.9999999999999999,0.14318402026224863
C2_2022,C2,2022,basal_fertilisation,adubação fundo,centrifugal_spreader,1.0,111.38,111.38000000000001,777.8801000000001,0.9999999999999999,0.14318402026224863
C2_2022,C2,2022,topdressing,adubação cobertura,centrifugal_spreader,1.0,111.38,111.38000000000001,777.8801000000001,0.9999999999999999,0.14318402026224863
C2_2022,C2,2022,crop_protection,herbicide,sprayer,1.0,34.06,111.38000000000001,777.8801000000001,0.3057999640869097,0.04378566825401498
C2_2022,C2,2022,crop_protection,herbicide,sprayer,1.0,75.37,111.38000000000001,777.8801000000001,0.676692404381397,0.09689153894025569
C2_2022,C2,2022,crop_protection,herbicide,sprayer,1.0,1.95,111.38000000000001,777.8801000000001,0.0175076315316933,0.0025068130679779567
C2_2022,C2,2022,crop_protection,herbicide,sprayer,1.0,34.06,111.38000000000001,777.8801000000001,0.3057999640869097,0.04378566825401498
C2_2022,C2,2022,crop_protection,herbicide,sprayer,1.0,75.37,111.38000000000001,777.8801000000001,0.676692404381397,0.09689153894025569
C2_2022,C2,2022,crop_protection,herbicide,sprayer,1.0,1.95,111.38000000000001,777.8801000000001,0.0175076315316933,0.0025068130679779567
C2_2022,C2,2022,crop_protection,herbicide,sprayer,1.0,34.06,111.38000000000001,777.8801000000001,0.3057999640869097,0.04378566825401498
C2_2022,C2,2022,crop_protection,herbicide,sprayer,1.0,75.37,111.38000000000001,777.8801000000001,0.676692404381397,0.09689153894025569
C2_2022,C2,2022,crop_protection,herbicide,sprayer,1.0,1.95,111.38000000000001,777.8801000000001,0.0175076315316933,0.0025068130679779567
C2_2022,C2,2022,crop_protection,herbicide,sprayer,1.0,34.06,111.38000000000001,777.8801000000001,0.3057999640869097,0.04378566825401498
C2_2022,C2,2022,crop_protection,herbicide,sprayer,1.0,75.37,111.38000000000001,777.8801000000001,0.676692404381397,0.09689153894025569
C2_2022,C2,2022,crop_protection,herbicide,sprayer,1.0,1.95,111.38000000000001,777.8801000000001,0.0175076315316933,0.0025068130679779567
C2_2022,C2,2022,crop_protection,herbicide,sprayer,1.0,5.0,111.38000000000001,777.8801000000001,0.04489136290177769,0.0064277258153280946
C2_2022,C2,2022,crop_protection,pesticide,sprayer,1.0,20.0,111.38000000000001,777.8801000000001,0.17956545160711077,0.025710903261312378
C2_2022,C2,2022,sowing,sementeira,centrifugal_spreader,1.0,34.06,111.38000000000001,777.8801000000001,0.3057999640869097,0.04378566825401498
C2_2022,C2,2022,sowing,sementeira,centrifugal_spreader,1.0,75.37,111.38000000000001,777.8801000000001,0.676692404381397,0.09689153894025569
C2_2022,C2,2022,sowing,sementeira,centrifugal_spreader,1.0,1.95,111.38000000000001,777.8801000000001,0.0175076315316933,0.0025068130679779567
C2_2023,C2,2023,soil_operation,disk_harrow x3,disk_harrow,3.0,345.63,115.21,1003.1591999999999,3.0,0.3445415244160648
C2_2023,C2,2023,soil_operation,fertiliser_integration,rotary_tiller,1.0,115.21,115.21,1003.1591999999999,1.0,0.11484717480535492
C2_2023,C2,2023,soil_operation,levelling,laser_leveler,1.0,115.21,115.21,1003.1591999999999,1.0,0.11484717480535492
C2_2023,C2,2023,harvest,colheita,combine_harvester,1.0,115.21,115.21,1003.1591999999999,1.0,0.11484717480535492
C2_2023,C2,2023,basal_fertilisation,adubação fundo,centrifugal_spreader,1.0,115.21,115.21,1003.1591999999999,1.0,0.11484717480535492
C2_2023,C2,2023,topdressing,adubação cobertura,centrifugal_spreader,1.0,45.5,115.21,1003.1591999999999,0.39493099557330097,0.045356709084659746
C2_2023,C2,2023,topdressing,adubação cobertura,centrifugal_spreader,1.0,31.49,115.21,1003.1591999999999,0.2733269681451263,0.031390830089581
C2_2023,C2,2023,topdressing,adubação cobertura,centrifugal_spreader,1.0,36.0,115.21,1003.1591999999999,0.3124728756184359,0.03588662696808244
C2_2023,C2,2023,crop_protection,herbicide,sprayer,1.0,45.5,115.21,1003.1591999999999,0.39493099557330097,0.045356709084659746
C2_2023,C2,2023,crop_protection,herbicide,sprayer,1.0,28.0,115.21,1003.1591999999999,0.24303445881433905,0.02791182097517523
C2_2023,C2,2023,crop_protection,herbicide,sprayer,1.0,45.5,115.21,1003.1591999999999,0.39493099557330097,0.045356709084659746
C2_2023,C2,2023,crop_protection,herbicide,sprayer,1.0,45.5,115.21,1003.1591999999999,0.39493099557330097,0.045356709084659746
C2_2023,C2,2023,crop_protection,herbicide,sprayer,1.0,2.22,115.21,1003.1591999999999,0.019269160663136883,0.0022130086630317504
C2_2023,C2,2023,crop_protection,herbicide,sprayer,1.0,45.5,115.21,1003.1591999999999,0.39493099557330097,0.045356709084659746
C2_2023,C2,2023,crop_protection,herbicide,sprayer,1.0,67.49,115.21,1003.1591999999999,0.5857998437635622,0.06727745705766343
C2_2023,C2,2023,crop_protection,herbicide,sprayer,1.0,2.22,115.21,1003.1591999999999,0.019269160663136883,0.0022130086630317504
C2_2023,C2,2023,crop_protection,herbicide,sprayer,1.0,45.5,115.21,1003.1591999999999,0.39493099557330097,0.045356709084659746
C2_2023,C2,2023,crop_protection,herbicide,sprayer,1.0,67.49,115.21,1003.1591999999999,0.5857998437635622,0.06727745705766343
C2_2023,C2,2023,crop_protection,herbicide,sprayer,1.0,2.22,115.21,1003.1591999999999,0.019269160663136883,0.0022130086630317504
C2_2023,C2,2023,crop_protection,herbicide,sprayer,1.0,45.5,115.21,1003.1591999999999,0.39493099557330097,0.045356709084659746
C2_2023,C2,2023,crop_protection,herbicide,sprayer,1.0,67.49,115.21,1003.1591999999999,0.5857998437635622,0.06727745705766343
C2_2023,C2,2023,crop_protection,pesticide,sprayer,1.0,67.49,115.21,1003.1591999999999,0.5857998437635622,0.06727745705766343
C2_2023,C2,2023,sowing,sementeira,centrifugal_spreader,1.0,2.22,115.21,1003.1591999999999,0.019269160663136883,0.0022130086630317504
C2_2023,C2,2023,sowing,sementeira,centrifugal_spreader,1.0,45.5,115.21,1003.1591999999999,0.39493099557330097,0.045356709084659746
C2_2023,C2,2023,sowing,sementeira,centrifugal_spreader,1.0,67.49,115.21,1003.1591999999999,0.5857998437635622,0.06727745705766343
C2_2024,C2,2024,soil_operation,disk_harrow x3,disk_harrow,3.0,362.16,120.72,892.1208,3.0000000000000004,0.4059539918809202
C2_2024,C2,2024,soil_operation,fertiliser_integration,rotary_tiller,1.0,120.72,120.72,892.1208,1.0,0.13531799729364005
C2_2024,C2,2024,soil_operation,levelling,laser_leveler,1.0,120.72,120.72,892.1208,1.0,0.13531799729364005
C2_2024,C2,2024,harvest,colheita,combine_harvester,1.0,120.72,120.72,892.1208,1.0,0.13531799729364005
C2_2024,C2,2024,basal_fertilisation,adubação fundo,centrifugal_spreader,1.0,84.0,120.72,892.1208,0.6958250497017893,0.09415765219239368
C2_2024,C2,2024,basal_fertilisation,adubação fundo,centrifugal_spreader,1.0,36.72,120.72,892.1208,0.30417495029821073,0.04116034510124637
C2_2024,C2,2024,topdressing,adubação cobertura,centrifugal_spreader,1.0,14.0,120.72,892.1208,0.11597084161696487,0.015692942032065612
C2_2024,C2,2024,topdressing,adubação cobertura,centrifugal_spreader,1.0,120.0,120.72,892.1208,0.9940357852882704,0.13451093170341955
C2_2024,C2,2024,crop_protection,herbicide,sprayer,1.0,15.62,120.72,892.1208,0.12939032471835651,0.017508839610061774
C2_2024,C2,2024,crop_protection,herbicide,sprayer,1.0,4.4,120.72,892.1208,0.03644797879390325,0.00493206749579205
C2_2024,C2,2024,crop_protection,herbicide,sprayer,1.0,90.7,120.72,892.1208,0.751325381047051,0.10166784587916794
C2_2024,C2,2024,crop_protection,herbicide,sprayer,1.0,2.5,120.72,892.1208,0.0207090788601723,0.0028023110771545736
C2_2024,C2,2024,crop_protection,herbicide,sprayer,1.0,15.62,120.72,892.1208,0.12939032471835651,0.017508839610061774
C2_2024,C2,2024,crop_protection,herbicide,sprayer,1.0,4.4,120.72,892.1208,0.03644797879390325,0.00493206749579205
C2_2024,C2,2024,crop_protection,herbicide,sprayer,1.0,90.7,120.72,892.1208,0.751325381047051,0.10166784587916794
C2_2024,C2,2024,crop_protection,herbicide,sprayer,1.0,2.5,120.72,892.1208,0.0207090788601723,0.0028023110771545736
C2_2024,C2,2024,crop_protection,herbicide,sprayer,1.0,15.62,120.72,892.1208,0.12939032471835651,0.017508839610061774
C2_2024,C2,2024,crop_protection,herbicide,sprayer,1.0,4.4,120.72,892.1208,0.03644797879390325,0.00493206749579205
C2_2024,C2,2024,crop_protection,herbicide,sprayer,1.0,90.7,120.72,892.1208,0.751325381047051,0.10166784587916794
C2_2024,C2,2024,crop_protection,herbicide,sprayer,1.0,2.5,120.72,892.1208,0.0207090788601723,0.0028023110771545736
C2_2024,C2,2024,crop_protection,herbicide,sprayer,1.0,7.5,120.72,892.1208,0.0621272365805169,0.008406933231463722
C2_2024,C2,2024,crop_protection,herbicide,sprayer,1.0,7.5,120.72,892.1208,0.0621272365805169,0.008406933231463722
C2_2024,C2,2024,crop_protection,herbicide,sprayer,1.0,7.5,120.72,892.1208,0.0621272365805169,0.008406933231463722
C2_2024,C2,2024,crop_protection,herbicide,sprayer,1.0,7.5,120.72,892.1208,0.0621272365805169,0.008406933231463722
C2_2024,C2,2024,crop_protection,herbicide,sprayer,1.0,7.5,120.72,892.1208,0.0621272365805169,0.008406933231463722
C2_2024,C2,2024,crop_protection,herbicide,sprayer,1.0,7.5,120.72,892.1208,0.0621272365805169,0.008406933231463722
C2_2024,C2,2024,sowing,sementeira,centrifugal_spreader,1.0,7.5,120.72,892.1208,0.0621272365805169,0.008406933231463722
C2_2024,C2,2024,sowing,sementeira,centrifugal_spreader,1.0,15.62,120.72,892.1208,0.12939032471835651,0.017508839610061774
C2_2024,C2,2024,sowing,sementeira,centrifugal_spreader,1.0,4.4,120.72,892.1208,0.03644797879390325,0.00493206749579205
C2_2024,C2,2024,sowing,sementeira,centrifugal_spreader,1.0,90.7,120.72,892.1208,0.751325381047051,0.10166784587916794
C2_2024,C2,2024,sowing,sementeira,centrifugal_spreader,1.0,2.5,120.72,892.1208,0.0207090788601723,0.0028023110771545736
C3_2022,C3,2022,soil_operation,disk_harrow x3,disk_harrow,3.0,343.62,114.53999999999999,496.2327,3.0000000000000004,0.6924573894465238
C3_2022,C3,2022,soil_operation,levelling,laser_leveler,1.0,114.54,114.53999999999999,496.2327,1.0000000000000002,0.23081912981550792
C3_2022,C3,2022,soil_operation,fertiliser_integration,rotary_tiller,1.0,114.54,114.53999999999999,496.2327,1.0000000000000002,0.23081912981550792
C3_2022,C3,2022,harvest,colheita,combine_harvester,1.0,114.54,114.53999999999999,496.2327,1.0000000000000002,0.23081912981550792
C3_2022,C3,2022,basal_fertilisation,adubação fundo,centrifugal_spreader,1.0,114.54,114.53999999999999,496.2327,1.0000000000000002,0.23081912981550792
C3_2022,C3,2022,topdressing,adubação cobertura,centrifugal_spreader,1.0,114.54,114.53999999999999,496.2327,1.0000000000000002,0.23081912981550792
C3_2022,C3,2022,topdressing,adubação cobertura,centrifugal_spreader,1.0,114.54,114.53999999999999,496.2327,1.0000000000000002,0.23081912981550792
C3_2022,C3,2022,crop_protection,herbicide,sprayer,1.0,26.31,114.53999999999999,496.2327,0.22970141435306443,0.05301948057836575
C3_2022,C3,2022,crop_protection,herbicide,sprayer,1.0,36.57,114.53999999999999,496.2327,0.31927710843373497,0.07369526433868626
C3_2022,C3,2022,crop_protection,herbicide,sprayer,1.0,27.89,114.53999999999999,496.2327,0.24349572201850883,0.056203470670111014
C3_2022,C3,2022,crop_protection,herbicide,sprayer,1.0,23.77,114.53999999999999,496.2327,0.20752575519469182,0.04790091422834489
C3_2022,C3,2022,crop_protection,herbicide,sprayer,1.0,26.31,114.53999999999999,496.2327,0.22970141435306443,0.05301948057836575
C3_2022,C3,2022,crop_protection,herbicide,sprayer,1.0,36.57,114.53999999999999,496.2327,0.31927710843373497,0.07369526433868626
C3_2022,C3,2022,crop_protection,herbicide,sprayer,1.0,27.89,114.53999999999999,496.2327,0.24349572201850883,0.056203470670111014
C3_2022,C3,2022,crop_protection,herbicide,sprayer,1.0,23.77,114.53999999999999,496.2327,0.20752575519469182,0.04790091422834489
C3_2022,C3,2022,crop_protection,herbicide,sprayer,1.0,26.31,114.53999999999999,496.2327,0.22970141435306443,0.05301948057836575
C3_2022,C3,2022,crop_protection,herbicide,sprayer,1.0,36.57,114.53999999999999,496.2327,0.31927710843373497,0.07369526433868626
C3_2022,C3,2022,crop_protection,herbicide,sprayer,1.0,27.89,114.53999999999999,496.2327,0.24349572201850883,0.056203470670111014
C3_2022,C3,2022,crop_protection,herbicide,sprayer,1.0,23.77,114.53999999999999,496.2327,0.20752575519469182,0.04790091422834489
C3_2022,C3,2022,crop_protection,herbicide,sprayer,1.0,4.6,114.53999999999999,496.2327,0.040160642570281124,0.009269844570903931
C3_2022,C3,2022,crop_protection,herbicide,sprayer,1.0,6.4,114.53999999999999,496.2327,0.05587567661952157,0.01289717505517069
C3_2022,C3,2022,crop_protection,herbicide,sprayer,1.0,4.9,114.53999999999999,496.2327,0.0427798149118212,0.00987439965161506
C3_2022,C3,2022,crop_protection,herbicide,sprayer,1.0,4.1,114.53999999999999,496.2327,0.035795355334381,0.008262252769718722
C3_2022,C3,2022,crop_protection,herbicide,sprayer,1.0,1.8,114.53999999999999,496.2327,0.01571503404924044,0.0036273304842667563
C3_2022,C3,2022,crop_protection,herbicide,sprayer,1.0,2.6,114.53999999999999,496.2327,0.02269949362668064,0.005239477366163092
C3_2022,C3,2022,crop_protection,herbicide,sprayer,1.0,1.9,114.53999999999999,496.2327,0.016588091496420466,0.0038288488445037978
C3_2022,C3,2022,crop_protection,herbicide,sprayer,1.0,1.7,114.53999999999999,496.2327,0.014841976602060417,0.003425812124029714
C3_2022,C3,2022,crop_protection,herbicide,sprayer,1.0,6.9,114.53999999999999,496.2327,0.06024096385542169,0.0139047668563559
C3_2022,C3,2022,crop_protection,herbicide,sprayer,1.0,9.6,114.53999999999999,496.2327,0.08381351492928235,0.019345762582756033
C3_2022,C3,2022,crop_protection,herbicide,sprayer,1.0,7.3,114.53999999999999,496.2327,0.06373319364414179,0.014710840297304066
C3_2022,C3,2022,crop_protection,herbicide,sprayer,1.0,6.2,114.53999999999999,496.2327,0.05412956172516152,0.012494138334696606
C3_2022,C3,2022,crop_protection,herbicide,sprayer,1.0,26.31,114.53999999999999,496.2327,0.22970141435306443,0.05301948057836575
C3_2022,C3,2022,crop_protection,herbicide,sprayer,1.0,36.57,114.53999999999999,496.2327,0.31927710843373497,0.07369526433868626
C3_2022,C3,2022,crop_protection,herbicide,sprayer,1.0,27.89,114.53999999999999,496.2327,0.24349572201850883,0.056203470670111014
C3_2022,C3,2022,crop_protection,herbicide,sprayer,1.0,23.77,114.53999999999999,496.2327,0.20752575519469182,0.04790091422834489
C3_2022,C3,2022,sowing,sementeira,centrifugal_spreader,1.0,26.31,114.53999999999999,496.2327,0.22970141435306443,0.05301948057836575
C3_2022,C3,2022,sowing,sementeira,centrifugal_spreader,1.0,36.57,114.53999999999999,496.2327,0.31927710843373497,0.07369526433868626
C3_2022,C3,2022,sowing,sementeira,centrifugal_spreader,1.0,27.89,114.53999999999999,496.2327,0.24349572201850883,0.056203470670111014
C3_2022,C3,2022,sowing,sementeira,centrifugal_spreader,1.0,23.77,114.53999999999999,496.2327,0.20752575519469182,0.04790091422834489
C3_2023,C3,2023,soil_operation,disk_harrow x3,disk_harrow,3.0,336.69,112.23,639.8522,3.0,0.5261996442303394
C3_2023,C3,2023,soil_operation,fertiliser_integration,rotary_tiller,1.0,112.23,112.23,639.8522,1.0,0.17539988141011315
C3_2023,C3,2023,soil_operation,levelling,laser_leveler,1.0,112.23,112.23,639.8522,1.0,0.17539988141011315
C3_2023,C3,2023,harvest,colheita,combine_harvester,1.0,112.23,112.23,639.8522,1.0,0.17539988141011315
C3_2023,C3,2023,basal_fertilisation,adubação fundo,centrifugal_spreader,1.0,93.6,112.23,639.8522,0.834001603849238,0.1462837824110005
C3_2023,C3,2023,basal_fertilisation,adubação fundo,centrifugal_spreader,1.0,18.63,112.23,639.8522,0.1659983961507618,0.029116098999112605
C3_2023,C3,2023,topdressing,adubação cobertura,centrifugal_spreader,1.0,112.23,112.23,639.8522,1.0,0.17539988141011315
C3_2023,C3,2023,crop_protection,herbicide,sprayer,1.0,4.5,112.23,639.8522,0.040096230954290296,0.0070328741543750255
C3_2023,C3,2023,crop_protection,herbicide,sprayer,1.0,4.5,112.23,639.8522,0.040096230954290296,0.0070328741543750255
C3_2023,C3,2023,crop_protection,herbicide,sprayer,1.0,38.96,112.23,639.8522,0.34714425732869997,0.06088906156765578
C3_2023,C3,2023,crop_protection,herbicide,sprayer,1.0,38.89,112.23,639.8522,0.34652053818052214,0.06077966130303217
C3_2023,C3,2023,crop_protection,herbicide,sprayer,1.0,34.38,112.23,639.8522,0.3063352044907779,0.0537311585394252
C3_2023,C3,2023,crop_protection,herbicide,sprayer,1.0,38.96,112.23,639.8522,0.34714425732869997,0.06088906156765578
C3_2023,C3,2023,crop_protection,herbicide,sprayer,1.0,38.89,112.23,639.8522,0.34652053818052214,0.06077966130303217
C3_2023,C3,2023,crop_protection,herbicide,sprayer,1.0,34.38,112.23,639.8522,0.3063352044907779,0.0537311585394252
C3_2023,C3,2023,crop_protection,herbicide,sprayer,1.0,38.96,112.23,639.8522,0.34714425732869997,0.06088906156765578
C3_2023,C3,2023,crop_protection,herbicide,sprayer,1.0,38.89,112.23,639.8522,0.34652053818052214,0.06077966130303217
C3_2023,C3,2023,crop_protection,herbicide,sprayer,1.0,34.38,112.23,639.8522,0.3063352044907779,0.0537311585394252
C3_2023,C3,2023,crop_protection,herbicide,sprayer,1.0,38.96,112.23,639.8522,0.34714425732869997,0.06088906156765578
C3_2023,C3,2023,crop_protection,herbicide,sprayer,1.0,38.89,112.23,639.8522,0.34652053818052214,0.06077966130303217
C3_2023,C3,2023,crop_protection,herbicide,sprayer,1.0,34.38,112.23,639.8522,0.3063352044907779,0.0537311585394252
C3_2023,C3,2023,crop_protection,herbicide,sprayer,1.0,38.96,112.23,639.8522,0.34714425732869997,0.06088906156765578
C3_2023,C3,2023,crop_protection,herbicide,sprayer,1.0,38.89,112.23,639.8522,0.34652053818052214,0.06077966130303217
C3_2023,C3,2023,crop_protection,herbicide,sprayer,1.0,34.38,112.23,639.8522,0.3063352044907779,0.0537311585394252
C3_2023,C3,2023,crop_protection,pesticide,sprayer,1.0,38.96,112.23,639.8522,0.34714425732869997,0.06088906156765578
C3_2023,C3,2023,sowing,sementeira,centrifugal_spreader,1.0,34.38,112.23,639.8522,0.3063352044907779,0.0537311585394252
C3_2023,C3,2023,sowing,sementeira,centrifugal_spreader,1.0,38.89,112.23,639.8522,0.34652053818052214,0.06077966130303217
C3_2023,C3,2023,sowing,sementeira,centrifugal_spreader,1.0,38.96,112.23,639.8522,0.34714425732869997,0.06088906156765578
C3_2024,C3,2024,soil_operation,disk_harrow x3,disk_harrow,3.0,336.69,112.23,723.4214000000001,3.0,0.46541338146756506
C3_2024,C3,2024,soil_operation,fertiliser_integration,rotary_tiller,1.0,112.23,112.23,723.4214000000001,1.0,0.15513779382252169
C3_2024,C3,2024,soil_operation,levelling,laser_leveler,1.0,112.23,112.23,723.4214000000001,1.0,0.15513779382252169
C3_2024,C3,2024,harvest,colheita,combine_harvester,1.0,112.23,112.23,723.4214000000001,1.0,0.15513779382252169
C3_2024,C3,2024,basal_fertilisation,adubação fundo,centrifugal_spreader,1.0,25.0,112.23,723.4214000000001,0.22275683863494608,0.034558004504705
C3_2024,C3,2024,basal_fertilisation,adubação fundo,centrifugal_spreader,1.0,87.23,112.23,723.4214000000001,0.7772431613650539,0.1205797893178167
C3_2024,C3,2024,topdressing,adubação cobertura,centrifugal_spreader,1.0,112.23,112.23,723.4214000000001,1.0,0.15513779382252169
C3_2024,C3,2024,crop_protection,herbicide,sprayer,1.0,20.0,112.23,723.4214000000001,0.17820547090795688,0.027646403603764
C3_2024,C3,2024,crop_protection,herbicide,sprayer,1.0,39.21,112.23,723.4214000000001,0.34937182571504943,0.05420077426517932
C3_2024,C3,2024,crop_protection,herbicide,sprayer,1.0,5.52,112.23,723.4214000000001,0.04918470997059609,0.007630407394638864
C3_2024,C3,2024,crop_protection,herbicide,sprayer,1.0,23.77,112.23,723.4214000000001,0.21179720217410675,0.03285775068307351
C3_2024,C3,2024,crop_protection,herbicide,sprayer,1.0,20.0,112.23,723.4214000000001,0.17820547090795688,0.027646403603764
C3_2024,C3,2024,crop_protection,herbicide,sprayer,1.0,39.21,112.23,723.4214000000001,0.34937182571504943,0.05420077426517932
C3_2024,C3,2024,crop_protection,herbicide,sprayer,1.0,5.52,112.23,723.4214000000001,0.04918470997059609,0.007630407394638864
C3_2024,C3,2024,crop_protection,herbicide,sprayer,1.0,23.77,112.23,723.4214000000001,0.21179720217410675,0.03285775068307351
C3_2024,C3,2024,crop_protection,herbicide,sprayer,1.0,20.0,112.23,723.4214000000001,0.17820547090795688,0.027646403603764
C3_2024,C3,2024,crop_protection,herbicide,sprayer,1.0,39.21,112.23,723.4214000000001,0.34937182571504943,0.05420077426517932
C3_2024,C3,2024,crop_protection,herbicide,sprayer,1.0,5.52,112.23,723.4214000000001,0.04918470997059609,0.007630407394638864
C3_2024,C3,2024,crop_protection,herbicide,sprayer,1.0,23.77,112.23,723.4214000000001,0.21179720217410675,0.03285775068307351
C3_2024,C3,2024,crop_protection,herbicide,sprayer,1.0,23.7,112.23,723.4214000000001,0.2111734830259289,0.03276098827046034
C3_2024,C3,2024,crop_protection,herbicide,sprayer,1.0,23.7,112.23,723.4214000000001,0.2111734830259289,0.03276098827046034
C3_2024,C3,2024,crop_protection,herbicide,sprayer,1.0,23.7,112.23,723.4214000000001,0.2111734830259289,0.03276098827046034
C3_2024,C3,2024,crop_protection,herbicide,sprayer,1.0,23.7,112.23,723.4214000000001,0.2111734830259289,0.03276098827046034
C3_2024,C3,2024,crop_protection,herbicide,sprayer,1.0,23.7,112.23,723.4214000000001,0.2111734830259289,0.03276098827046034
C3_2024,C3,2024,crop_protection,herbicide,sprayer,1.0,23.7,112.23,723.4214000000001,0.2111734830259289,0.03276098827046034
C3_2024,C3,2024,crop_protection,fungicide,sprayer,1.0,20.0,112.23,723.4214000000001,0.17820547090795688,0.027646403603764
C3_2024,C3,2024,sowing,sementeira,centrifugal_spreader,1.0,20.0,112.23,723.4214000000001,0.17820547090795688,0.027646403603764
C3_2024,C3,2024,sowing,sementeira,centrifugal_spreader,1.0,39.21,112.23,723.4214000000001,0.34937182571504943,0.05420077426517932
C3_2024,C3,2024,sowing,sementeira,centrifugal_spreader,1.0,5.52,112.23,723.4214000000001,0.04918470997059609,0.007630407394638864
C3_2024,C3,2024,sowing,sementeira,centrifugal_spreader,1.0,23.7,112.23,723.4214000000001,0.2111734830259289,0.03276098827046034
C3_2024,C3,2024,sowing,sementeira,centrifugal_spreader,1.0,23.8,112.23,723.4214000000001,0.21206451038046867,0.032899220288479164
C4_2022,C4,2022,soil_operation,disk_harrow x3,disk_harrow,3.0,75.63,25.21,91.26020000000001,2.9999999999999996,0.8287292817679557
C4_2022,C4,2022,soil_operation,levelling,laser_leveler,1.0,25.21,25.21,91.26020000000001,1.0,0.2762430939226519
C4_2022,C4,2022,soil_operation,fertiliser_integration,rotary_tiller,1.0,25.21,25.21,91.26020000000001,1.0,0.2762430939226519
C4_2022,C4,2022,harvest,colheita,combine_harvester,1.0,25.21,25.21,91.26020000000001,1.0,0.2762430939226519
C4_2022,C4,2022,basal_fertilisation,adubação fundo,centrifugal_spreader,1.0,25.21,25.21,91.26020000000001,1.0,0.2762430939226519
C4_2022,C4,2022,topdressing,adubação cobertura,centrifugal_spreader,1.0,19.21,25.21,91.26020000000001,0.7619992066640222,0.21049701841547575
C4_2022,C4,2022,crop_protection,herbicide,sprayer,1.0,19.21,25.21,91.26020000000001,0.7619992066640222,0.21049701841547575
C4_2022,C4,2022,crop_protection,herbicide,sprayer,1.0,19.21,25.21,91.26020000000001,0.7619992066640222,0.21049701841547575
C4_2022,C4,2022,crop_protection,herbicide,sprayer,1.0,19.21,25.21,91.26020000000001,0.7619992066640222,0.21049701841547575
C4_2022,C4,2022,crop_protection,herbicide,sprayer,1.0,19.21,25.21,91.26020000000001,0.7619992066640222,0.21049701841547575
C4_2022,C4,2022,crop_protection,herbicide,sprayer,1.0,19.21,25.21,91.26020000000001,0.7619992066640222,0.21049701841547575
C4_2022,C4,2022,crop_protection,herbicide,sprayer,1.0,19.21,25.21,91.26020000000001,0.7619992066640222,0.21049701841547575
C4_2022,C4,2022,crop_protection,herbicide,sprayer,1.0,19.21,25.21,91.26020000000001,0.7619992066640222,0.21049701841547575
C4_2022,C4,2022,crop_protection,herbicide,sprayer,1.0,19.21,25.21,91.26020000000001,0.7619992066640222,0.21049701841547575
C4_2022,C4,2022,crop_protection,herbicide,sprayer,1.0,19.21,25.21,91.26020000000001,0.7619992066640222,0.21049701841547575
C4_2022,C4,2022,sowing,sementeira,centrifugal_spreader,1.0,25.21,25.21,91.26020000000001,1.0,0.2762430939226519
C4_2023,C4,2023,soil_operation,disk_harrow x3,disk_harrow,3.0,71.52,23.839999999999996,107.3744,3.0000000000000004,0.6660805555141636
C4_2023,C4,2023,soil_operation,levelling,laser_leveler,1.0,23.84,23.839999999999996,107.3744,1.0000000000000002,0.2220268518380545
C4_2023,C4,2023,soil_operation,fertiliser_integration,rotary_tiller,1.0,23.84,23.839999999999996,107.3744,1.0000000000000002,0.2220268518380545
C4_2023,C4,2023,harvest,colheita,combine_harvester,1.0,23.84,23.839999999999996,107.3744,1.0000000000000002,0.2220268518380545
C4_2023,C4,2023,basal_fertilisation,adubação fundo,centrifugal_spreader,1.0,23.84,23.839999999999996,107.3744,1.0000000000000002,0.2220268518380545
C4_2023,C4,2023,topdressing,adubação cobertura,centrifugal_spreader,1.0,23.84,23.839999999999996,107.3744,1.0000000000000002,0.2220268518380545
C4_2023,C4,2023,crop_protection,herbicide,sprayer,1.0,5.76,23.839999999999996,107.3744,0.2416107382550336,0.05364407158503331
C4_2023,C4,2023,crop_protection,herbicide,sprayer,1.0,5.76,23.839999999999996,107.3744,0.2416107382550336,0.05364407158503331
C4_2023,C4,2023,crop_protection,herbicide,sprayer,1.0,5.76,23.839999999999996,107.3744,0.2416107382550336,0.05364407158503331
C4_2023,C4,2023,crop_protection,herbicide,sprayer,1.0,18.08,23.839999999999996,107.3744,0.7583892617449665,0.1683827802530212
C4_2023,C4,2023,crop_protection,herbicide,sprayer,1.0,18.08,23.839999999999996,107.3744,0.7583892617449665,0.1683827802530212
C4_2023,C4,2023,crop_protection,herbicide,sprayer,1.0,5.76,23.839999999999996,107.3744,0.2416107382550336,0.05364407158503331
C4_2023,C4,2023,crop_protection,herbicide,sprayer,1.0,5.76,23.839999999999996,107.3744,0.2416107382550336,0.05364407158503331
C4_2023,C4,2023,crop_protection,pesticide,sprayer,1.0,5.76,23.839999999999996,107.3744,0.2416107382550336,0.05364407158503331
C4_2023,C4,2023,sowing,sementeira,centrifugal_spreader,1.0,5.76,23.839999999999996,107.3744,0.2416107382550336,0.05364407158503331
C4_2023,C4,2023,sowing,sementeira,centrifugal_spreader,1.0,18.08,23.839999999999996,107.3744,0.7583892617449665,0.1683827802530212
C4_2024,C4,2024,soil_operation,disk_harrow x3,disk_harrow,3.0,71.61,23.87,197.4649,3.0,0.36264672860847674
C4_2024,C4,2024,soil_operation,levelling,laser_leveler,1.0,23.87,23.87,197.4649,1.0,0.12088224286949226
C4_2024,C4,2024,soil_operation,fertiliser_integration,rotary_tiller,1.0,23.87,23.87,197.4649,1.0,0.12088224286949226
C4_2024,C4,2024,harvest,colheita,combine_harvester,1.0,23.87,23.87,197.4649,1.0,0.12088224286949226
C4_2024,C4,2024,soil_operation,straw_integration,rotary_tiller,1.0,23.87,23.87,197.4649,1.0,0.12088224286949226
C4_2024,C4,2024,basal_fertilisation,adubação fundo,centrifugal_spreader,1.0,23.87,23.87,197.4649,1.0,0.12088224286949226
C4_2024,C4,2024,topdressing,adubação cobertura,centrifugal_spreader,1.0,23.87,23.87,197.4649,1.0,0.12088224286949226
C4_2024,C4,2024,crop_protection,herbicide,sprayer,1.0,8.57,23.87,197.4649,0.35902806870548803,0.04340011819822156
C4_2024,C4,2024,crop_protection,herbicide,sprayer,1.0,8.57,23.87,197.4649,0.35902806870548803,0.04340011819822156
C4_2024,C4,2024,crop_protection,herbicide,sprayer,1.0,8.57,23.87,197.4649,0.35902806870548803,0.04340011819822156
C4_2024,C4,2024,crop_protection,herbicide,sprayer,1.0,15.3,23.87,197.4649,0.6409719312945119,0.07748212467127069
C4_2024,C4,2024,crop_protection,herbicide,sprayer,1.0,15.3,23.87,197.4649,0.6409719312945119,0.07748212467127069
C4_2024,C4,2024,crop_protection,herbicide,sprayer,1.0,15.3,23.87,197.4649,0.6409719312945119,0.07748212467127069
C4_2024,C4,2024,crop_protection,herbicide,sprayer,1.0,15.3,23.87,197.4649,0.6409719312945119,0.07748212467127069
C4_2024,C4,2024,crop_protection,herbicide,sprayer,1.0,15.3,23.87,197.4649,0.6409719312945119,0.07748212467127069
C4_2024,C4,2024,crop_protection,herbicide,sprayer,1.0,15.3,23.87,197.4649,0.6409719312945119,0.07748212467127069
C4_2024,C4,2024,sowing,sementeira,centrifugal_spreader,1.0,8.57,23.87,197.4649,0.35902806870548803,0.04340011819822156
C4_2024,C4,2024,sowing,sementeira,centrifugal_spreader,1.0,15.3,23.87,197.4649,0.6409719312945119,0.07748212467127069
C5_2022,C5,2022,soil_operation,disk_harrow x3,disk_harrow,3.0,107.25,35.75,214.04500000000002,3.0,0.5010628606134224
C5_2022,C5,2022,soil_operation,levelling,laser_leveler,1.0,35.75,35.75,214.04500000000002,1.0,0.16702095353780747
C5_2022,C5,2022,soil_operation,fertiliser_integration,rotary_tiller,1.0,35.75,35.75,214.04500000000002,1.0,0.16702095353780747
C5_2022,C5,2022,harvest,colheita,combine_harvester,1.0,35.75,35.75,214.04500000000002,1.0,0.16702095353780747
C5_2022,C5,2022,topdressing,adubação cobertura,centrifugal_spreader,1.0,25.75,35.75,214.04500000000002,0.7202797202797203,0.12030180569506412
C5_2022,C5,2022,basal_fertilisation,adubação fundo,centrifugal_spreader,1.0,35.75,35.75,214.04500000000002,1.0,0.16702095353780747
C5_2022,C5,2022,topdressing,adubação cobertura,centrifugal_spreader,1.0,10.0,35.75,214.04500000000002,0.27972027972027974,0.04671914784274334
C5_2022,C5,2022,crop_protection,herbicide,sprayer,1.0,25.75,35.75,214.04500000000002,0.7202797202797203,0.12030180569506412
C5_2022,C5,2022,crop_protection,herbicide,sprayer,1.0,25.75,35.75,214.04500000000002,0.7202797202797203,0.12030180569506412
C5_2022,C5,2022,crop_protection,herbicide,sprayer,1.0,25.75,35.75,214.04500000000002,0.7202797202797203,0.12030180569506412
C5_2022,C5,2022,crop_protection,herbicide,sprayer,1.0,10.0,35.75,214.04500000000002,0.27972027972027974,0.04671914784274334
C5_2022,C5,2022,crop_protection,herbicide,sprayer,1.0,10.0,35.75,214.04500000000002,0.27972027972027974,0.04671914784274334
C5_2022,C5,2022,crop_protection,herbicide,sprayer,1.0,25.75,35.75,214.04500000000002,0.7202797202797203,0.12030180569506412
C5_2022,C5,2022,crop_protection,herbicide,sprayer,1.0,10.0,35.75,214.04500000000002,0.27972027972027974,0.04671914784274334
C5_2022,C5,2022,sowing,sementeira,centrifugal_spreader,1.0,25.75,35.75,214.04500000000002,0.7202797202797203,0.12030180569506412
C5_2022,C5,2022,sowing,sementeira,centrifugal_spreader,1.0,10.0,35.75,214.04500000000002,0.27972027972027974,0.04671914784274334
C5_2023,C5,2023,soil_operation,disk_harrow x3,disk_harrow,3.0,106.32,35.44,217.49360000000001,3.0,0.48884197052235095
C5_2023,C5,2023,soil_operation,fertiliser_integration,rotary_tiller,1.0,35.44,35.44,217.49360000000001,1.0,0.1629473235074503
C5_2023,C5,2023,soil_operation,levelling,laser_leveler,1.0,35.44,35.44,217.49360000000001,1.0,0.1629473235074503
C5_2023,C5,2023,harvest,colheita,combine_harvester,1.0,35.44,35.44,217.49360000000001,1.0,0.1629473235074503
C5_2023,C5,2023,basal_fertilisation,adubação fundo,centrifugal_spreader,1.0,15.54,35.44,217.49360000000001,0.4384875846501129,0.07145037830998245
C5_2023,C5,2023,basal_fertilisation,adubação fundo,centrifugal_spreader,1.0,11.6,35.44,217.49360000000001,0.327313769751693,0.05333490272817223
C5_2023,C5,2023,basal_fertilisation,adubação fundo,centrifugal_spreader,1.0,8.3,35.44,217.49360000000001,0.23419864559819417,0.03816204246929565
C5_2023,C5,2023,topdressing,adubação cobertura,centrifugal_spreader,1.0,5.44,35.44,217.49360000000001,0.15349887133182846,0.025012230244935943
C5_2023,C5,2023,topdressing,adubação cobertura,centrifugal_spreader,1.0,30.0,35.44,217.49360000000001,0.8465011286681716,0.13793509326251438
C5_2023,C5,2023,crop_protection,herbicide,sprayer,1.0,14.0,35.44,217.49360000000001,0.39503386004514673,0.06436971018917338
C5_2023,C5,2023,crop_protection,herbicide,sprayer,1.0,14.0,35.44,217.49360000000001,0.39503386004514673,0.06436971018917338
C5_2023,C5,2023,crop_protection,herbicide,sprayer,1.0,21.44,35.44,217.49360000000001,0.6049661399548534,0.09857761331827695
C5_2023,C5,2023,crop_protection,herbicide,sprayer,1.0,21.44,35.44,217.49360000000001,0.6049661399548534,0.09857761331827695
C5_2023,C5,2023,crop_protection,herbicide,sprayer,1.0,21.44,35.44,217.49360000000001,0.6049661399548534,0.09857761331827695
C5_2023,C5,2023,crop_protection,herbicide,sprayer,1.0,21.44,35.44,217.49360000000001,0.6049661399548534,0.09857761331827695
C5_2023,C5,2023,crop_protection,herbicide,sprayer,1.0,14.0,35.44,217.49360000000001,0.39503386004514673,0.06436971018917338
C5_2023,C5,2023,crop_protection,herbicide,sprayer,1.0,8.0,35.44,217.49360000000001,0.22573363431151244,0.0367826915366705
C5_2023,C5,2023,crop_protection,herbicide,sprayer,1.0,8.0,35.44,217.49360000000001,0.22573363431151244,0.0367826915366705
C5_2023,C5,2023,crop_protection,herbicide,sprayer,1.0,12.11,35.44,217.49360000000001,0.3417042889390519,0.05567979931363497
C5_2023,C5,2023,crop_protection,herbicide,sprayer,1.0,8.89,35.44,217.49360000000001,0.2508465011286682,0.0408747659701251
C5_2023,C5,2023,crop_protection,herbicide,sprayer,1.0,7.26,35.44,217.49360000000001,0.20485327313769752,0.03338029256952848
C5_2023,C5,2023,crop_protection,herbicide,sprayer,1.0,5.74,35.44,217.49360000000001,0.16196388261851016,0.026391581177561085
C5_2023,C5,2023,sowing,sementeira,centrifugal_spreader,1.0,21.44,35.44,217.49360000000001,0.6049661399548534,0.09857761331827695
C5_2023,C5,2023,sowing,sementeira,centrifugal_spreader,1.0,14.0,35.44,217.49360000000001,0.39503386004514673,0.06436971018917338
C5_2024,C5,2024,soil_operation,disk_harrow x3,disk_harrow,3.0,106.32,35.44,290.5825,3.0,0.3658857639396729
C5_2024,C5,2024,soil_operation,levelling,laser_leveler,1.0,35.44,35.44,290.5825,1.0,0.1219619213132243
C5_2024,C5,2024,soil_operation,fertiliser_integration,rotary_tiller,1.0,35.44,35.44,290.5825,1.0,0.1219619213132243
C5_2024,C5,2024,harvest,colheita,combine_harvester,1.0,35.44,35.44,290.5825,1.0,0.1219619213132243
C5_2024,C5,2024,soil_operation,straw_integration,rotary_tiller,1.0,35.44,35.44,290.5825,1.0,0.1219619213132243
C5_2024,C5,2024,topdressing,adubação cobertura,centrifugal_spreader,1.0,35.44,35.44,290.5825,1.0,0.1219619213132243
C5_2024,C5,2024,topdressing,adubação cobertura,centrifugal_spreader,1.0,35.44,35.44,290.5825,1.0,0.1219619213132243
C5_2024,C5,2024,basal_fertilisation,adubação fundo,centrifugal_spreader,1.0,35.44,35.44,290.5825,1.0,0.1219619213132243
C5_2024,C5,2024,crop_protection,herbicide,sprayer,1.0,20.19,35.44,290.5825,0.5696952595936795,0.06948112842308124
C5_2024,C5,2024,crop_protection,herbicide,sprayer,1.0,20.19,35.44,290.5825,0.5696952595936795,0.06948112842308124
C5_2024,C5,2024,crop_protection,herbicide,sprayer,1.0,20.19,35.44,290.5825,0.5696952595936795,0.06948112842308124
C5_2024,C5,2024,crop_protection,herbicide,sprayer,1.0,20.19,35.44,290.5825,0.5696952595936795,0.06948112842308124
C5_2024,C5,2024,crop_protection,herbicide,sprayer,1.0,15.25,35.44,290.5825,0.43030474040632055,0.052480792890143076
C5_2024,C5,2024,crop_protection,herbicide,sprayer,1.0,20.19,35.44,290.5825,0.5696952595936795,0.06948112842308124
C5_2024,C5,2024,crop_protection,herbicide,sprayer,1.0,15.25,35.44,290.5825,0.43030474040632055,0.052480792890143076
C5_2024,C5,2024,crop_protection,herbicide,sprayer,1.0,15.25,35.44,290.5825,0.43030474040632055,0.052480792890143076
C5_2024,C5,2024,crop_protection,herbicide,sprayer,1.0,12.11,35.44,290.5825,0.3417042889390519,0.04167491159997591
C5_2024,C5,2024,crop_protection,herbicide,sprayer,1.0,7.14,35.44,290.5825,0.20146726862302483,0.02457133516299158
C5_2024,C5,2024,crop_protection,herbicide,sprayer,1.0,8.75,35.44,290.5825,0.24689616252821672,0.030111930346803404
C5_2024,C5,2024,crop_protection,herbicide,sprayer,1.0,6.5,35.44,290.5825,0.18340857787810386,0.02236886254333967
C5_2024,C5,2024,crop_protection,herbicide,sprayer,1.0,9.81,35.44,290.5825,0.2768058690744921,0.033759775623101874
C5_2024,C5,2024,crop_protection,herbicide,sprayer,1.0,9.81,35.44,290.5825,0.2768058690744921,0.033759775623101874
C5_2024,C5,2024,sowing,sementeira,centrifugal_spreader,1.0,15.25,35.44,290.5825,0.43030474040632055,0.052480792890143076
C5_2024,C5,2024,sowing,sementeira,centrifugal_spreader,1.0,20.19,35.44,290.5825,0.5696952595936795,0.06948112842308124
C6_2022,C6,2022,soil_operation,disk_harrow x2,disk_harrow,2.0,146.22,73.11,157.1865,2.0,0.9302325581395349
C6_2022,C6,2022,soil_operation,levelling,laser_leveler,1.0,73.11,73.11,157.1865,1.0,0.46511627906976744
C6_2022,C6,2022,soil_operation,fertiliser_integration,rotary_tiller,1.0,73.11,73.11,157.1865,1.0,0.46511627906976744
C6_2022,C6,2022,harvest,colheita,combine_harvester,1.0,73.11,73.11,157.1865,1.0,0.46511627906976744
C6_2022,C6,2022,basal_fertilisation,adubação fundo,centrifugal_spreader,1.0,73.11,73.11,157.1865,1.0,0.46511627906976744
C6_2022,C6,2022,topdressing,adubação cobertura,centrifugal_spreader,1.0,48.0,73.11,157.1865,0.6565449322938038,0.30536973595060646
C6_2022,C6,2022,topdressing,adubação cobertura,centrifugal_spreader,1.0,73.11,73.11,157.1865,1.0,0.46511627906976744
C6_2022,C6,2022,crop_protection,herbicide,sprayer,1.0,73.11,73.11,157.1865,1.0,0.46511627906976744
C6_2022,C6,2022,crop_protection,herbicide,sprayer,1.0,73.11,73.11,157.1865,1.0,0.46511627906976744
C6_2022,C6,2022,crop_protection,herbicide,sprayer,1.0,73.11,73.11,157.1865,1.0,0.46511627906976744
C6_2022,C6,2022,crop_protection,herbicide,sprayer,1.0,45.0,73.11,157.1865,0.6155108740254411,0.2862841274536935
C6_2022,C6,2022,crop_protection,herbicide,sprayer,1.0,36.0,73.11,157.1865,0.4924086992203529,0.22902730196295484
C6_2022,C6,2022,crop_protection,herbicide,sprayer,1.0,20.0,73.11,157.1865,0.2735603884557516,0.12723738997941936
C6_2022,C6,2022,crop_protection,herbicide,sprayer,1.0,11.6,73.11,157.1865,0.15866502530433593,0.07379768618806322
C6_2022,C6,2022,crop_protection,pesticide,sprayer,1.0,20.8,73.11,157.1865,0.2845028039939817,0.13232688557859615
C6_2022,C6,2022,sowing,sementeira,centrifugal_spreader,1.0,73.11,73.11,157.1865,1.0,0.46511627906976744
C6_2023,C6,2023,soil_operation,disk_harrow x2,disk_harrow,2.0,142.18,71.09,204.7392,2.0,0.6944444444444444
C6_2023,C6,2023,soil_operation,levelling,laser_leveler,1.0,71.09,71.09,204.7392,1.0,0.3472222222222222
C6_2023,C6,2023,soil_operation,fertiliser_integration,rotary_tiller,1.0,71.09,71.09,204.7392,1.0,0.3472222222222222
C6_2023,C6,2023,harvest,colheita,combine_harvester,1.0,71.09,71.09,204.7392,1.0,0.3472222222222222
C6_2023,C6,2023,basal_fertilisation,adubação fundo,centrifugal_spreader,1.0,71.09,71.09,204.7392,1.0,0.3472222222222222
C6_2023,C6,2023,topdressing,adubação cobertura,centrifugal_spreader,1.0,71.09,71.09,204.7392,1.0,0.3472222222222222
C6_2023,C6,2023,crop_protection,herbicide,sprayer,1.0,3.75,71.09,204.7392,0.05275003516669011,0.01831598443287851
C6_2023,C6,2023,crop_protection,herbicide,sprayer,1.0,67.34,71.09,204.7392,0.9472499648333099,0.3289062377893437
C6_2023,C6,2023,crop_protection,herbicide,sprayer,1.0,3.75,71.09,204.7392,0.05275003516669011,0.01831598443287851
C6_2023,C6,2023,crop_protection,herbicide,sprayer,1.0,67.34,71.09,204.7392,0.9472499648333099,0.3289062377893437
C6_2023,C6,2023,crop_protection,herbicide,sprayer,1.0,3.75,71.09,204.7392,0.05275003516669011,0.01831598443287851
C6_2023,C6,2023,crop_protection,herbicide,sprayer,1.0,67.34,71.09,204.7392,0.9472499648333099,0.3289062377893437
C6_2023,C6,2023,crop_protection,herbicide,sprayer,1.0,3.75,71.09,204.7392,0.05275003516669011,0.01831598443287851
C6_2023,C6,2023,crop_protection,herbicide,sprayer,1.0,67.34,71.09,204.7392,0.9472499648333099,0.3289062377893437
C6_2023,C6,2023,crop_protection,herbicide,sprayer,1.0,3.75,71.09,204.7392,0.05275003516669011,0.01831598443287851
C6_2023,C6,2023,crop_protection,herbicide,sprayer,1.0,67.34,71.09,204.7392,0.9472499648333099,0.3289062377893437
C6_2023,C6,2023,crop_protection,pesticide,sprayer,1.0,3.17,71.09,204.7392,0.044591363060908704,0.015483112173926634
C6_2023,C6,2023,crop_protection,pesticide,sprayer,1.0,56.83,71.09,204.7392,0.799409199606133,0.2775726387521295
C6_2023,C6,2023,crop_protection,pesticide,sprayer,1.0,3.08,71.09,204.7392,0.04332536221690814,0.01504352854753755
C6_2023,C6,2023,crop_protection,pesticide,sprayer,1.0,55.22,71.09,204.7392,0.7767618511745674,0.26970897610228034
C6_2023,C6,2023,sowing,sementeira,centrifugal_spreader,1.0,71.09,71.09,204.7392,1.0,0.3472222222222222
C6_2024,C6,2024,harvest,colheita,combine_harvester,1.0,71.09,54.22,393.09499999999997,1.3111398008115087,0.18084686907744948
C6_2024,C6,2024,harvest,colheita,combine_harvester,1.0,54.22,54.22,393.09499999999997,1.0,0.13793103448275862
C6_2024,C6,2024,soil_operation,disk_harrow x2,disk_harrow,2.0,108.44,54.22,393.09499999999997,2.0,0.27586206896551724
C6_2024,C6,2024,soil_operation,levelling,laser_leveler,1.0,54.22,54.22,393.09499999999997,1.0,0.13793103448275862
C6_2024,C6,2024,soil_operation,fertiliser_integration,rotary_tiller,1.0,54.22,54.22,393.09499999999997,1.0,0.13793103448275862
C6_2024,C6,2024,basal_fertilisation,adubação fundo,centrifugal_spreader,1.0,54.22,54.22,393.09499999999997,1.0,0.13793103448275862
C6_2024,C6,2024,topdressing,adubação cobertura,centrifugal_spreader,1.0,54.22,54.22,393.09499999999997,1.0,0.13793103448275862
C6_2024,C6,2024,crop_protection,herbicide,sprayer,1.0,54.22,54.22,393.09499999999997,1.0,0.13793103448275862
C6_2024,C6,2024,crop_protection,herbicide,sprayer,1.0,54.22,54.22,393.09499999999997,1.0,0.13793103448275862
C6_2024,C6,2024,crop_protection,herbicide,sprayer,1.0,54.22,54.22,393.09499999999997,1.0,0.13793103448275862
C6_2024,C6,2024,crop_protection,herbicide,sprayer,1.0,54.22,54.22,393.09499999999997,1.0,0.13793103448275862
C6_2024,C6,2024,crop_protection,herbicide,sprayer,1.0,54.22,54.22,393.09499999999997,1.0,0.13793103448275862
C6_2024,C6,2024,crop_protection,pesticide,sprayer,1.0,54.22,54.22,393.09499999999997,1.0,0.13793103448275862
C6_2024,C6,2024,crop_protection,herbicide,sprayer,1.0,1.25,54.22,393.09499999999997,0.023054223533751382,0.0031798929012070874
C6_2024,C6,2024,sowing,sementeira,centrifugal_spreader,1.0,54.22,54.22,393.09499999999997,1.0,0.13793103448275862
C7_2023,C7,2023,soil_operation,disk_harrow x3,disk_harrow,3.0,111.99,37.33,248.26160000000002,3.0,0.4510967463353172
C7_2023,C7,2023,soil_operation,levelling,laser_leveler,1.0,37.33,37.33,248.26160000000002,1.0,0.1503655821117724
C7_2023,C7,2023,soil_operation,fertiliser_integration,rotary_tiller,1.0,37.33,37.33,248.26160000000002,1.0,0.1503655821117724
C7_2023,C7,2023,harvest,colheita,combine_harvester,1.0,37.33,37.33,248.26160000000002,1.0,0.1503655821117724
C7_2023,C7,2023,topdressing,adubação cobertura,centrifugal_spreader,1.0,7.33,37.33,248.26160000000002,0.1963568175729976,0.029525307175978885
C7_2023,C7,2023,topdressing,adubação cobertura,centrifugal_spreader,1.0,30.0,37.33,248.26160000000002,0.8036431824270025,0.12084027493579352
C7_2023,C7,2023,basal_fertilisation,adubação fundo,centrifugal_spreader,1.0,37.33,37.33,248.26160000000002,1.0,0.1503655821117724
C7_2023,C7,2023,crop_protection,herbicide,sprayer,1.0,31.24,37.33,248.26160000000002,0.8368604339673185,0.12583500629980632
C7_2023,C7,2023,crop_protection,herbicide,sprayer,1.0,6.09,37.33,248.26160000000002,0.16313956603268148,0.024530575811966084
C7_2023,C7,2023,crop_protection,herbicide,sprayer,1.0,31.24,37.33,248.26160000000002,0.8368604339673185,0.12583500629980632
C7_2023,C7,2023,crop_protection,herbicide,sprayer,1.0,6.09,37.33,248.26160000000002,0.16313956603268148,0.024530575811966084
C7_2023,C7,2023,crop_protection,herbicide,sprayer,1.0,31.24,37.33,248.26160000000002,0.8368604339673185,0.12583500629980632
C7_2023,C7,2023,crop_protection,herbicide,sprayer,1.0,6.09,37.33,248.26160000000002,0.16313956603268148,0.024530575811966084
C7_2023,C7,2023,crop_protection,herbicide,sprayer,1.0,31.24,37.33,248.26160000000002,0.8368604339673185,0.12583500629980632
C7_2023,C7,2023,crop_protection,herbicide,sprayer,1.0,6.09,37.33,248.26160000000002,0.16313956603268148,0.024530575811966084
C7_2023,C7,2023,crop_protection,pesticide,sprayer,1.0,31.24,37.33,248.26160000000002,0.8368604339673185,0.12583500629980632
C7_2023,C7,2023,crop_protection,pesticide,sprayer,1.0,6.09,37.33,248.26160000000002,0.16313956603268148,0.024530575811966084
C7_2023,C7,2023,crop_protection,herbicide,sprayer,1.0,31.24,37.33,248.26160000000002,0.8368604339673185,0.12583500629980632
C7_2023,C7,2023,crop_protection,herbicide,sprayer,1.0,6.09,37.33,248.26160000000002,0.16313956603268148,0.024530575811966084
C7_2023,C7,2023,crop_protection,herbicide,sprayer,1.0,31.24,37.33,248.26160000000002,0.8368604339673185,0.12583500629980632
C7_2023,C7,2023,crop_protection,herbicide,sprayer,1.0,6.09,37.33,248.26160000000002,0.16313956603268148,0.024530575811966084
C7_2023,C7,2023,crop_protection,herbicide,sprayer,1.0,31.24,37.33,248.26160000000002,0.8368604339673185,0.12583500629980632
C7_2023,C7,2023,crop_protection,herbicide,sprayer,1.0,6.09,37.33,248.26160000000002,0.16313956603268148,0.024530575811966084
C7_2023,C7,2023,sowing,sementeira,seeder,1.0,6.09,37.33,248.26160000000002,0.16313956603268148,0.024530575811966084
C7_2023,C7,2023,sowing,sementeira,seeder,1.0,31.24,37.33,248.26160000000002,0.8368604339673185,0.12583500629980632
C7_2024,C7,2024,soil_operation,disk_harrow x3,disk_harrow,3.0,112.05,37.35,157.786,3.0,0.7101390490918079
C7_2024,C7,2024,soil_operation,disk_harrow x3,disk_harrow,3.0,112.05,37.35,157.786,3.0,0.7101390490918079
C7_2024,C7,2024,soil_operation,levelling,laser_leveler,1.0,37.35,37.35,157.786,1.0,0.23671301636393596
C7_2024,C7,2024,soil_operation,levelling,laser_leveler,1.0,37.35,37.35,157.786,1.0,0.23671301636393596
C7_2024,C7,2024,soil_operation,fertiliser_integration,rotary_tiller,1.0,37.35,37.35,157.786,1.0,0.23671301636393596
C7_2024,C7,2024,soil_operation,fertiliser_integration,rotary_tiller,1.0,37.35,37.35,157.786,1.0,0.23671301636393596
C7_2024,C7,2024,harvest,colheita,combine_harvester,1.0,37.35,37.35,157.786,1.0,0.23671301636393596
C7_2024,C7,2024,basal_fertilisation,adubação fundo,centrifugal_spreader,1.0,26.0,37.35,157.786,0.6961178045515395,0.16478014526003573
C7_2024,C7,2024,basal_fertilisation,adubação fundo,centrifugal_spreader,1.0,26.0,37.35,157.786,0.6961178045515395,0.16478014526003573
C7_2024,C7,2024,basal_fertilisation,adubação fundo,centrifugal_spreader,1.0,11.35,37.35,157.786,0.3038821954484605,0.07193287110390022
C7_2024,C7,2024,topdressing,adubação cobertura,centrifugal_spreader,1.0,37.35,37.35,157.786,1.0,0.23671301636393596
C7_2024,C7,2024,crop_protection,herbicide,sprayer,1.0,22.45,37.35,157.786,0.6010709504685408,0.14228131773414623
C7_2024,C7,2024,crop_protection,herbicide,sprayer,1.0,14.9,37.35,157.786,0.3989290495314592,0.09443169862978971
C7_2024,C7,2024,crop_protection,herbicide,sprayer,1.0,22.45,37.35,157.786,0.6010709504685408,0.14228131773414623
C7_2024,C7,2024,crop_protection,herbicide,sprayer,1.0,22.45,37.35,157.786,0.6010709504685408,0.14228131773414623
C7_2024,C7,2024,crop_protection,herbicide,sprayer,1.0,14.9,37.35,157.786,0.3989290495314592,0.09443169862978971
C7_2024,C7,2024,crop_protection,herbicide,sprayer,1.0,14.9,37.35,157.786,0.3989290495314592,0.09443169862978971
C7_2024,C7,2024,crop_protection,pesticide,sprayer,1.0,22.45,37.35,157.786,0.6010709504685408,0.14228131773414623
C7_2024,C7,2024,crop_protection,herbicide,sprayer,1.0,22.45,37.35,157.786,0.6010709504685408,0.14228131773414623
C7_2024,C7,2024,crop_protection,herbicide,sprayer,1.0,22.45,37.35,157.786,0.6010709504685408,0.14228131773414623
C7_2024,C7,2024,crop_protection,herbicide,sprayer,1.0,22.45,37.35,157.786,0.6010709504685408,0.14228131773414623
C7_2024,C7,2024,sowing,sementeira,seeder,1.0,22.45,37.35,157.786,0.6010709504685408,0.14228131773414623
C7_2024,C7,2024,sowing,sementeira,seeder,1.0,14.9,37.35,157.786,0.3989290495314592,0.09443169862978971
C8_2022,C8,2022,soil_operation,disk_harrow x3,disk_harrow,3.0,174.96,58.32,323.9088,3.0,0.5401520427972318
C8_2022,C8,2022,soil_operation,levelling,laser_leveler,1.0,58.32,58.32,323.9088,1.0,0.1800506809324106
C8_2022,C8,2022,harvest,colheita,combine_harvester,1.0,58.32,58.32,323.9088,1.0,0.1800506809324106
C8_2022,C8,2022,basal_fertilisation,adubação fundo,centrifugal_spreader,1.0,58.32,58.32,323.9088,1.0,0.1800506809324106
C8_2022,C8,2022,topdressing,adubação cobertura,centrifugal_spreader,1.0,58.32,58.32,323.9088,1.0,0.1800506809324106
C8_2022,C8,2022,topdressing,adubação cobertura,centrifugal_spreader,1.0,12.5,58.32,323.9088,0.2143347050754458,0.038591109596281425
C8_2022,C8,2022,crop_protection,herbicide,sprayer,1.0,12.5,58.32,323.9088,0.2143347050754458,0.038591109596281425
C8_2022,C8,2022,crop_protection,herbicide,sprayer,1.0,32.5,58.32,323.9088,0.5572702331961591,0.1003368849503317
C8_2022,C8,2022,crop_protection,herbicide,sprayer,1.0,12.5,58.32,323.9088,0.2143347050754458,0.038591109596281425
C8_2022,C8,2022,crop_protection,herbicide,sprayer,1.0,0.82,58.32,323.9088,0.014060356652949245,0.0025315767895160613
C8_2022,C8,2022,crop_protection,herbicide,sprayer,1.0,32.5,58.32,323.9088,0.5572702331961591,0.1003368849503317
C8_2022,C8,2022,crop_protection,herbicide,sprayer,1.0,32.5,58.32,323.9088,0.5572702331961591,0.1003368849503317
C8_2022,C8,2022,crop_protection,herbicide,sprayer,1.0,32.5,58.32,323.9088,0.5572702331961591,0.1003368849503317
C8_2022,C8,2022,crop_protection,herbicide,sprayer,1.0,32.5,58.32,323.9088,0.5572702331961591,0.1003368849503317
C8_2022,C8,2022,crop_protection,herbicide,sprayer,1.0,12.5,58.32,323.9088,0.2143347050754458,0.038591109596281425
C8_2022,C8,2022,crop_protection,herbicide,sprayer,1.0,12.5,58.32,323.9088,0.2143347050754458,0.038591109596281425
C8_2022,C8,2022,crop_protection,herbicide,sprayer,1.0,12.5,58.32,323.9088,0.2143347050754458,0.038591109596281425
C8_2022,C8,2022,crop_protection,herbicide,sprayer,1.0,0.82,58.32,323.9088,0.014060356652949245,0.0025315767895160613
C8_2022,C8,2022,crop_protection,herbicide,sprayer,1.0,0.82,58.32,323.9088,0.014060356652949245,0.0025315767895160613
C8_2022,C8,2022,crop_protection,herbicide,sprayer,1.0,0.82,58.32,323.9088,0.014060356652949245,0.0025315767895160613
C8_2022,C8,2022,crop_protection,herbicide,sprayer,1.0,12.5,58.32,323.9088,0.2143347050754458,0.038591109596281425
C8_2022,C8,2022,crop_protection,herbicide,sprayer,1.0,12.5,58.32,323.9088,0.2143347050754458,0.038591109596281425
C8_2022,C8,2022,crop_protection,herbicide,sprayer,1.0,12.5,58.32,323.9088,0.2143347050754458,0.038591109596281425
C8_2022,C8,2022,crop_protection,herbicide,sprayer,1.0,32.5,58.32,323.9088,0.5572702331961591,0.1003368849503317
C8_2022,C8,2022,crop_protection,herbicide,sprayer,1.0,32.5,58.32,323.9088,0.5572702331961591,0.1003368849503317
C8_2022,C8,2022,crop_protection,herbicide,sprayer,1.0,12.5,58.32,323.9088,0.2143347050754458,0.038591109596281425
C8_2022,C8,2022,crop_protection,herbicide,sprayer,1.0,12.5,58.32,323.9088,0.2143347050754458,0.038591109596281425
C8_2022,C8,2022,crop_protection,pesticide,sprayer,1.0,12.5,58.32,323.9088,0.2143347050754458,0.038591109596281425
C8_2022,C8,2022,crop_protection,pesticide,sprayer,1.0,32.5,58.32,323.9088,0.5572702331961591,0.1003368849503317
C8_2022,C8,2022,crop_protection,pesticide,sprayer,1.0,12.5,58.32,323.9088,0.2143347050754458,0.038591109596281425
C8_2022,C8,2022,crop_protection,pesticide,sprayer,1.0,0.82,58.32,323.9088,0.014060356652949245,0.0025315767895160613
C8_2022,C8,2022,crop_protection,herbicide,sprayer,1.0,12.5,58.32,323.9088,0.2143347050754458,0.038591109596281425
C8_2022,C8,2022,sowing,sementeira,centrifugal_spreader,1.0,12.5,58.32,323.9088,0.2143347050754458,0.038591109596281425
C8_2022,C8,2022,sowing,sementeira,centrifugal_spreader,1.0,32.5,58.32,323.9088,0.5572702331961591,0.1003368849503317
C8_2022,C8,2022,sowing,sementeira,centrifugal_spreader,1.0,12.5,58.32,323.9088,0.2143347050754458,0.038591109596281425
C8_2022,C8,2022,sowing,sementeira,centrifugal_spreader,1.0,0.82,58.32,323.9088,0.014060356652949245,0.0025315767895160613
C8_2023,C8,2023,soil_operation,disk_harrow x3,disk_harrow,3.0,174.12,58.04,334.3764,3.0,0.5207305300254444
C8_2023,C8,2023,soil_operation,levelling,laser_leveler,1.0,58.04,58.04,334.3764,1.0,0.1735768433418148
C8_2023,C8,2023,soil_operation,fertiliser_integration,rotary_tiller,1.0,58.04,58.04,334.3764,1.0,0.1735768433418148
C8_2023,C8,2023,harvest,colheita,combine_harvester,1.0,58.04,58.04,334.3764,1.0,0.1735768433418148
C8_2023,C8,2023,topdressing,adubação cobertura,centrifugal_spreader,1.0,58.04,58.04,334.3764,1.0,0.1735768433418148
C8_2023,C8,2023,basal_fertilisation,adubação fundo,centrifugal_spreader,1.0,58.04,58.04,334.3764,1.0,0.1735768433418148
C8_2023,C8,2023,crop_protection,herbicide,sprayer,1.0,17.3,58.04,334.3764,0.29807029634734666,0.05173810113393171
C8_2023,C8,2023,crop_protection,herbicide,sprayer,1.0,10.0,58.04,334.3764,0.17229496898690558,0.029906416840422948
C8_2023,C8,2023,crop_protection,herbicide,sprayer,1.0,10.0,58.04,334.3764,0.17229496898690558,0.029906416840422948
C8_2023,C8,2023,crop_protection,herbicide,sprayer,1.0,10.0,58.04,334.3764,0.17229496898690558,0.029906416840422948
C8_2023,C8,2023,crop_protection,herbicide,sprayer,1.0,37.8,58.04,334.3764,0.6512749827705031,0.11304625565679874
C8_2023,C8,2023,crop_protection,herbicide,sprayer,1.0,37.8,58.04,334.3764,0.6512749827705031,0.11304625565679874
C8_2023,C8,2023,crop_protection,herbicide,sprayer,1.0,37.8,58.04,334.3764,0.6512749827705031,0.11304625565679874
C8_2023,C8,2023,crop_protection,herbicide,sprayer,1.0,37.8,58.04,334.3764,0.6512749827705031,0.11304625565679874
C8_2023,C8,2023,crop_protection,herbicide,sprayer,1.0,37.8,58.04,334.3764,0.6512749827705031,0.11304625565679874
C8_2023,C8,2023,crop_protection,herbicide,sprayer,1.0,37.8,58.04,334.3764,0.6512749827705031,0.11304625565679874
C8_2023,C8,2023,crop_protection,herbicide,sprayer,1.0,37.8,58.04,334.3764,0.6512749827705031,0.11304625565679874
C8_2023,C8,2023,crop_protection,herbicide,sprayer,1.0,5.9,58.04,334.3764,0.1016540317022743,0.01764478593584954
C8_2023,C8,2023,crop_protection,herbicide,sprayer,1.0,37.8,58.04,334.3764,0.6512749827705031,0.11304625565679874
C8_2023,C8,2023,crop_protection,herbicide,sprayer,1.0,5.9,58.04,334.3764,0.1016540317022743,0.01764478593584954
C8_2023,C8,2023,crop_protection,pesticide,sprayer,1.0,37.8,58.04,334.3764,0.6512749827705031,0.11304625565679874
C8_2023,C8,2023,crop_protection,pesticide,sprayer,1.0,37.8,58.04,334.3764,0.6512749827705031,0.11304625565679874
C8_2023,C8,2023,crop_protection,pesticide,sprayer,1.0,14.34,58.04,334.3764,0.24707098552722262,0.04288580174916651
C8_2023,C8,2023,crop_protection,pesticide,sprayer,1.0,5.9,58.04,334.3764,0.1016540317022743,0.01764478593584954
C8_2023,C8,2023,sowing,sementeira,seeder,1.0,37.8,58.04,334.3764,0.6512749827705031,0.11304625565679874
C8_2023,C8,2023,sowing,sementeira,seeder,1.0,14.34,58.04,334.3764,0.24707098552722262,0.04288580174916651
C8_2023,C8,2023,sowing,sementeira,seeder,1.0,5.9,58.04,334.3764,0.1016540317022743,0.01764478593584954
C8_2024,C8,2024,soil_operation,disk_harrow x3,disk_harrow,3.0,177.36,59.120000000000005,233.6194,3.0,0.7591835267105386
C8_2024,C8,2024,soil_operation,fertiliser_integration,rotary_tiller,1.0,59.12,59.120000000000005,233.6194,0.9999999999999999,0.2530611755701795
C8_2024,C8,2024,soil_operation,levelling,laser_leveler,1.0,59.12,59.120000000000005,233.6194,0.9999999999999999,0.2530611755701795
C8_2024,C8,2024,harvest,colheita,combine_harvester,1.0,59.12,59.120000000000005,233.6194,0.9999999999999999,0.2530611755701795
C8_2024,C8,2024,basal_fertilisation,adubação fundo,centrifugal_spreader,1.0,59.12,59.120000000000005,233.6194,0.9999999999999999,0.2530611755701795
C8_2024,C8,2024,topdressing,adubação cobertura,centrifugal_spreader,1.0,59.12,59.120000000000005,233.6194,0.9999999999999999,0.2530611755701795
C8_2024,C8,2024,crop_protection,herbicide,sprayer,1.0,4.0,59.120000000000005,233.6194,0.06765899864682003,0.017121865735465463
C8_2024,C8,2024,crop_protection,herbicide,sprayer,1.0,17.2,59.120000000000005,233.6194,0.2909336941813261,0.07362402266250148
C8_2024,C8,2024,crop_protection,herbicide,sprayer,1.0,17.2,59.120000000000005,233.6194,0.2909336941813261,0.07362402266250148
C8_2024,C8,2024,crop_protection,herbicide,sprayer,1.0,17.2,59.120000000000005,233.6194,0.2909336941813261,0.07362402266250148
C8_2024,C8,2024,crop_protection,herbicide,sprayer,1.0,25.42,59.120000000000005,233.6194,0.4299729364005413,0.10880945674888301
C8_2024,C8,2024,crop_protection,herbicide,sprayer,1.0,12.5,59.120000000000005,233.6194,0.21143437077131258,0.05350583042332956
C8_2024,C8,2024,crop_protection,herbicide,sprayer,1.0,12.5,59.120000000000005,233.6194,0.21143437077131258,0.05350583042332956
C8_2024,C8,2024,crop_protection,herbicide,sprayer,1.0,12.5,59.120000000000005,233.6194,0.21143437077131258,0.05350583042332956
C8_2024,C8,2024,crop_protection,herbicide,sprayer,1.0,12.5,59.120000000000005,233.6194,0.21143437077131258,0.05350583042332956
C8_2024,C8,2024,crop_protection,herbicide,sprayer,1.0,12.5,59.120000000000005,233.6194,0.21143437077131258,0.05350583042332956
C8_2024,C8,2024,crop_protection,herbicide,sprayer,1.0,12.5,59.120000000000005,233.6194,0.21143437077131258,0.05350583042332956
C8_2024,C8,2024,crop_protection,fungicide,sprayer,1.0,25.42,59.120000000000005,233.6194,0.4299729364005413,0.10880945674888301
C8_2024,C8,2024,sowing,sementeira,centrifugal_spreader,1.0,4.0,59.120000000000005,233.6194,0.06765899864682003,0.017121865735465463
C8_2024,C8,2024,sowing,sementeira,centrifugal_spreader,1.0,12.5,59.120000000000005,233.6194,0.21143437077131258,0.05350583042332956
C8_2024,C8,2024,sowing,sementeira,centrifugal_spreader,1.0,17.2,59.120000000000005,233.6194,0.2909336941813261,0.07362402266250148
C8_2024,C8,2024,sowing,sementeira,centrifugal_spreader,1.0,25.42,59.120000000000005,233.6194,0.4299729364005413,0.10880945674888301
D1_2022,D1,2022,soil_operation,disk_harrow x3,disk_harrow,3.0,36.75,12.25,16.66,3.0,2.2058823529411766
D1_2022,D1,2022,soil_operation,fertiliser_integration,rotary_tiller,1.0,12.25,12.25,16.66,1.0,0.7352941176470588
D1_2022,D1,2022,soil_operation,levelling,laser_leveler,1.0,12.25,12.25,16.66,1.0,0.7352941176470588
D1_2022,D1,2022,harvest,colheita,combine_harvester,1.0,12.25,12.25,16.66,1.0,0.7352941176470588
D1_2022,D1,2022,topdressing,adubação cobertura,centrifugal_spreader,1.0,12.25,12.25,16.66,1.0,0.7352941176470588
D1_2022,D1,2022,basal_fertilisation,adubação fundo,centrifugal_spreader,1.0,6.6,12.25,16.66,0.5387755102040817,0.3961584633853541
D1_2022,D1,2022,crop_protection,herbicide,sprayer,1.0,12.25,12.25,16.66,1.0,0.7352941176470588
D1_2022,D1,2022,crop_protection,herbicide,sprayer,1.0,11.5,12.25,16.66,0.9387755102040817,0.6902761104441777
D1_2022,D1,2022,crop_protection,fungicide,sprayer,1.0,12.25,12.25,16.66,1.0,0.7352941176470588
D1_2022,D1,2022,crop_protection,herbicide,sprayer,1.0,12.25,12.25,16.66,1.0,0.7352941176470588
D1_2022,D1,2022,crop_protection,herbicide,sprayer,1.0,6.0,12.25,16.66,0.4897959183673469,0.36014405762304924
D1_2022,D1,2022,crop_protection,herbicide,sprayer,1.0,12.25,12.25,16.66,1.0,0.7352941176470588
D1_2022,D1,2022,crop_protection,herbicide,sprayer,1.0,12.25,12.25,16.66,1.0,0.7352941176470588
D1_2022,D1,2022,crop_protection,fungicide,sprayer,1.0,12.25,12.25,16.66,1.0,0.7352941176470588
D1_2022,D1,2022,crop_protection,pesticide,sprayer,1.0,4.2,12.25,16.66,0.34285714285714286,0.25210084033613445
D1_2022,D1,2022,sowing,sementeira_linha,seeder,1.0,12.25,12.25,16.66,1.0,0.7352941176470588
D1_2023,D1,2023,soil_operation,disk_harrow x3,disk_harrow,3.0,53.97,17.99,88.151,3.0,0.6122448979591837
D1_2023,D1,2023,soil_operation,fertiliser_integration,rotary_tiller,1.0,17.99,17.99,88.151,1.0,0.20408163265306123
D1_2023,D1,2023,soil_operation,levelling,laser_leveler,1.0,17.99,17.99,88.151,1.0,0.20408163265306123
D1_2023,D1,2023,harvest,harvest,combine_harvester,1.0,17.99,17.99,88.151,1.0,0.20408163265306123
D1_2023,D1,2023,fertilisation,basal_fertilisation,centrifugal_spreader,1.0,17.99,17.99,88.151,1.0,0.20408163265306123
D1_2023,D1,2023,fertilisation,topdressing,centrifugal_spreader,1.0,17.99,17.99,88.151,1.0,0.20408163265306123
D1_2023,D1,2023,crop_protection,herbicide,sprayer,1.0,17.99,17.99,88.151,1.0,0.20408163265306123
D1_2023,D1,2023,crop_protection,herbicide,sprayer,1.0,17.99,17.99,88.151,1.0,0.20408163265306123
D1_2023,D1,2023,crop_protection,herbicide,sprayer,1.0,17.99,17.99,88.151,1.0,0.20408163265306123
D1_2023,D1,2023,crop_protection,herbicide,sprayer,1.0,17.99,17.99,88.151,1.0,0.20408163265306123
D1_2023,D1,2023,crop_protection,herbicide,sprayer,1.0,17.99,17.99,88.151,1.0,0.20408163265306123
D1_2023,D1,2023,crop_protection,herbicide,sprayer,1.0,17.99,17.99,88.151,1.0,0.20408163265306123
D1_2023,D1,2023,crop_protection,herbicide,sprayer,1.0,17.99,17.99,88.151,1.0,0.20408163265306123
D1_2023,D1,2023,crop_protection,pesticide,sprayer,1.0,17.99,17.99,88.151,1.0,0.20408163265306123
D1_2023,D1,2023,sowing,sementeira,centrifugal_spreader,1.0,17.99,17.99,88.151,1.0,0.20408163265306123
D1_2024,D1,2024,soil_operation,disk_harrow x3,disk_harrow,3.0,74.4,24.8,137.368,3.0,0.5416108555122009
D1_2024,D1,2024,soil_operation,fertiliser_integration,rotary_tiller,1.0,24.8,24.8,137.368,1.0,0.1805369518374003
D1_2024,D1,2024,soil_operation,levelling,laser_leveler,1.0,24.8,24.8,137.368,1.0,0.1805369518374003
D1_2024,D1,2024,harvest,harvest,combine_harvester,1.0,24.8,24.8,137.368,1.0,0.1805369518374003
D1_2024,D1,2024,fertilisation,basal_fertilisation,centrifugal_spreader,1.0,24.8,24.8,137.368,1.0,0.1805369518374003
D1_2024,D1,2024,fertilisation,topdressing,centrifugal_spreader,1.0,24.8,24.8,137.368,1.0,0.1805369518374003
D1_2024,D1,2024,crop_protection,herbicide,sprayer,1.0,13.0,24.8,137.368,0.5241935483870968,0.09463630539863724
D1_2024,D1,2024,crop_protection,herbicide,sprayer,1.0,13.0,24.8,137.368,0.5241935483870968,0.09463630539863724
D1_2024,D1,2024,crop_protection,herbicide,sprayer,1.0,13.0,24.8,137.368,0.5241935483870968,0.09463630539863724
D1_2024,D1,2024,crop_protection,herbicide,sprayer,1.0,25.42,24.8,137.368,1.0250000000000001,0.1850503756333353
D1_2024,D1,2024,crop_protection,herbicide,sprayer,1.0,1.8,24.8,137.368,0.07258064516129033,0.01310348843981131
D1_2024,D1,2024,crop_protection,herbicide,sprayer,1.0,1.8,24.8,137.368,0.07258064516129033,0.01310348843981131
D1_2024,D1,2024,crop_protection,herbicide,sprayer,1.0,1.8,24.8,137.368,0.07258064516129033,0.01310348843981131
D1_2024,D1,2024,crop_protection,herbicide,sprayer,1.0,1.8,24.8,137.368,0.07258064516129033,0.01310348843981131
D1_2024,D1,2024,crop_protection,herbicide,sprayer,1.0,1.8,24.8,137.368,0.07258064516129033,0.01310348843981131
D1_2024,D1,2024,crop_protection,herbicide,sprayer,1.0,1.8,24.8,137.368,0.07258064516129033,0.01310348843981131
D1_2024,D1,2024,crop_protection,fungicide,sprayer,1.0,25.42,24.8,137.368,1.0250000000000001,0.1850503756333353
D1_2024,D1,2024,sowing,sementeira,centrifugal_spreader,1.0,13.0,24.8,137.368,0.5241935483870968,0.09463630539863724
D1_2024,D1,2024,sowing,sementeira,centrifugal_spreader,1.0,10.0,24.8,137.368,0.4032258064516129,0.07279715799895173
D1_2024,D1,2024,sowing,sementeira,centrifugal_spreader,1.0,1.8,24.8,137.368,0.07258064516129033,0.01310348843981131
D2_2022,D2,2022,soil_operation,disk_harrow x3,disk_harrow,3.0,54.63,18.21,22.3983,3.0,2.439024390243903
D2_2022,D2,2022,soil_operation,fertiliser_integration,rotary_tiller,1.0,18.21,18.21,22.3983,1.0,0.8130081300813009
D2_2022,D2,2022,soil_operation,levelling,laser_leveler,1.0,18.21,18.21,22.3983,1.0,0.8130081300813009
D2_2022,D2,2022,harvest,harvest,combine_harvester,1.0,18.21,18.21,22.3983,1.0,0.8130081300813009
D2_2022,D2,2022,fertilisation,topdressing,centrifugal_spreader,1.0,18.21,18.21,22.3983,1.0,0.8130081300813009
D2_2022,D2,2022,fertilisation,basal_fertilisation,centrifugal_spreader,1.0,18.21,18.21,22.3983,1.0,0.8130081300813009
D2_2022,D2,2022,crop_protection,herbicide,sprayer,1.0,18.21,18.21,22.3983,1.0,0.8130081300813009
D2_2022,D2,2022,crop_protection,herbicide,sprayer,1.0,18.21,18.21,22.3983,1.0,0.8130081300813009
D2_2022,D2,2022,crop_protection,fungicide,sprayer,1.0,18.21,18.21,22.3983,1.0,0.8130081300813009
D2_2022,D2,2022,crop_protection,herbicide,sprayer,1.0,18.21,18.21,22.3983,1.0,0.8130081300813009
D2_2022,D2,2022,crop_protection,herbicide,sprayer,1.0,18.21,18.21,22.3983,1.0,0.8130081300813009
D2_2022,D2,2022,crop_protection,herbicide,sprayer,1.0,18.21,18.21,22.3983,1.0,0.8130081300813009
D2_2022,D2,2022,crop_protection,herbicide,sprayer,1.0,18.21,18.21,22.3983,1.0,0.8130081300813009
D2_2022,D2,2022,crop_protection,herbicide,sprayer,1.0,18.21,18.21,22.3983,1.0,0.8130081300813009
D2_2022,D2,2022,sowing,sementeira_linha,seeder,1.0,18.21,18.21,22.3983,1.0,0.8130081300813009
D2_2023,D2,2023,soil_operation,disk_harrow x3,disk_harrow,3.0,54.66,18.22,88.1848,3.0,0.6198347107438017
D2_2023,D2,2023,soil_operation,levelling,laser_leveler,1.0,18.22,18.22,88.1848,1.0,0.2066115702479339
D2_2023,D2,2023,soil_operation,fertiliser_integration,rotary_tiller,1.0,18.22,18.22,88.1848,1.0,0.2066115702479339
D2_2023,D2,2023,harvest,harvest,combine_harvester,1.0,18.22,18.22,88.1848,1.0,0.2066115702479339
D2_2023,D2,2023,fertilisation,topdressing,centrifugal_spreader,1.0,18.22,18.22,88.1848,1.0,0.2066115702479339
D2_2023,D2,2023,fertilisation,basal_fertilisation,centrifugal_spreader,1.0,18.22,18.22,88.1848,1.0,0.2066115702479339
D2_2023,D2,2023,crop_protection,herbicide,sprayer,1.0,18.22,18.22,88.1848,1.0,0.2066115702479339
D2_2023,D2,2023,crop_protection,herbicide,sprayer,1.0,18.22,18.22,88.1848,1.0,0.2066115702479339
D2_2023,D2,2023,crop_protection,herbicide,sprayer,1.0,18.22,18.22,88.1848,1.0,0.2066115702479339
D2_2023,D2,2023,crop_protection,herbicide,sprayer,1.0,18.22,18.22,88.1848,1.0,0.2066115702479339
D2_2023,D2,2023,crop_protection,herbicide,sprayer,1.0,18.22,18.22,88.1848,1.0,0.2066115702479339
D2_2023,D2,2023,crop_protection,herbicide,sprayer,1.0,18.22,18.22,88.1848,1.0,0.2066115702479339
D2_2023,D2,2023,crop_protection,herbicide,sprayer,1.0,18.22,18.22,88.1848,1.0,0.2066115702479339
D2_2023,D2,2023,crop_protection,herbicide,sprayer,1.0,18.22,18.22,88.1848,1.0,0.2066115702479339
D2_2023,D2,2023,crop_protection,pesticide,sprayer,1.0,18.22,18.22,88.1848,1.0,0.2066115702479339
D2_2023,D2,2023,crop_protection,fungicide,sprayer,1.0,18.22,18.22,88.1848,1.0,0.2066115702479339
D2_2023,D2,2023,sowing,sementeira,centrifugal_spreader,1.0,18.22,18.22,88.1848,1.0,0.2066115702479339
D2_2024,D2,2024,soil_operation,disk_harrow x3,disk_harrow,3.0,54.66,18.22,123.34939999999999,3.0,0.4431314623338257
D2_2024,D2,2024,soil_operation,fertiliser_integration,rotary_tiller,1.0,18.22,18.22,123.34939999999999,1.0,0.14771048744460857
D2_2024,D2,2024,soil_operation,levelling,laser_leveler,1.0,18.22,18.22,123.34939999999999,1.0,0.14771048744460857
D2_2024,D2,2024,harvest,harvest,combine_harvester,1.0,18.22,18.22,123.34939999999999,1.0,0.14771048744460857
D2_2024,D2,2024,fertilisation,basal_fertilisation,centrifugal_spreader,1.0,18.22,18.22,123.34939999999999,1.0,0.14771048744460857
D2_2024,D2,2024,fertilisation,topdressing,centrifugal_spreader,1.0,18.22,18.22,123.34939999999999,1.0,0.14771048744460857
D2_2024,D2,2024,crop_protection,herbicide,sprayer,1.0,18.22,18.22,123.34939999999999,1.0,0.14771048744460857
D2_2024,D2,2024,crop_protection,herbicide,sprayer,1.0,18.22,18.22,123.34939999999999,1.0,0.14771048744460857
D2_2024,D2,2024,crop_protection,herbicide,sprayer,1.0,18.22,18.22,123.34939999999999,1.0,0.14771048744460857
D2_2024,D2,2024,crop_protection,herbicide,sprayer,1.0,18.22,18.22,123.34939999999999,1.0,0.14771048744460857
D2_2024,D2,2024,crop_protection,herbicide,sprayer,1.0,18.22,18.22,123.34939999999999,1.0,0.14771048744460857
D2_2024,D2,2024,crop_protection,herbicide,sprayer,1.0,18.22,18.22,123.34939999999999,1.0,0.14771048744460857
D2_2024,D2,2024,crop_protection,herbicide,sprayer,1.0,18.22,18.22,123.34939999999999,1.0,0.14771048744460857
D2_2024,D2,2024,crop_protection,herbicide,sprayer,1.0,18.22,18.22,123.34939999999999,1.0,0.14771048744460857
D2_2024,D2,2024,crop_protection,herbicide,sprayer,1.0,18.22,18.22,123.34939999999999,1.0,0.14771048744460857
D2_2024,D2,2024,sowing,sementeira,centrifugal_spreader,1.0,18.22,18.22,123.34939999999999,1.0,0.14771048744460857
NT1_2023,NT1,2023,harvest,colheita,combine_harvester,1.0,14.92,14.92,96.8308,1.0,0.15408320493066258
NT1_2023,NT1,2023,topdressing,adubação cobertura,centrifugal_spreader,1.0,14.92,14.92,96.8308,1.0,0.15408320493066258
NT1_2023,NT1,2023,topdressing,adubação cobertura,centrifugal_spreader,1.0,14.92,14.92,96.8308,1.0,0.15408320493066258
NT1_2023,NT1,2023,crop_protection,herbicide,sprayer,1.0,14.92,14.92,96.8308,1.0,0.15408320493066258
NT1_2023,NT1,2023,crop_protection,herbicide,sprayer,1.0,14.92,14.92,96.8308,1.0,0.15408320493066258
NT1_2023,NT1,2023,crop_protection,herbicide,sprayer,1.0,14.92,14.92,96.8308,1.0,0.15408320493066258
NT1_2023,NT1,2023,sowing,sementeira_linha,seeder,1.0,14.92,14.92,96.8308,1.0,0.15408320493066258
NT1_2024,NT1,2024,harvest,colheita,combine_harvester,1.0,37.9,37.9,269.469,1.0,0.14064697609001406
NT1_2024,NT1,2024,basal_fertilisation,adubação fundo,centrifugal_spreader,1.0,30.9,37.9,269.469,0.8153034300791556,0.11466996203644945
NT1_2024,NT1,2024,basal_fertilisation,adubação fundo,centrifugal_spreader,1.0,7.0,37.9,269.469,0.18469656992084432,0.025977014053564604
NT1_2024,NT1,2024,topdressing,adubação cobertura,centrifugal_spreader,1.0,37.9,37.9,269.469,1.0,0.14064697609001406
NT1_2024,NT1,2024,crop_protection,herbicide,sprayer,1.0,37.9,37.9,269.469,1.0,0.14064697609001406
NT1_2024,NT1,2024,crop_protection,herbicide,sprayer,1.0,37.9,37.9,269.469,1.0,0.14064697609001406
NT1_2024,NT1,2024,crop_protection,herbicide,sprayer,1.0,37.9,37.9,269.469,1.0,0.14064697609001406
NT1_2024,NT1,2024,crop_protection,herbicide,sprayer,1.0,37.9,37.9,269.469,1.0,0.14064697609001406
NT1_2024,NT1,2024,crop_protection,herbicide,sprayer,1.0,37.9,37.9,269.469,1.0,0.14064697609001406
NT1_2024,NT1,2024,sowing,sementeira_linha,seeder,1.0,37.9,37.9,269.469,1.0,0.14064697609001406
NT2_2022,NT2,2022,soil_operation,levelling,laser_leveler,1.0,20.42,20.42,83.10940000000001,1.0,0.2457002457002457
NT2_2022,NT2,2022,soil_operation,fertiliser_integration,rotary_tiller,1.0,20.42,20.42,83.10940000000001,1.0,0.2457002457002457
NT2_2022,NT2,2022,basal_fertilisation,adubação fundo,centrifugal_spreader,1.0,20.42,20.42,83.10940000000001,1.0,0.2457002457002457
NT2_2022,NT2,2022,topdressing,adubação cobertura,centrifugal_spreader,1.0,3.0,20.42,83.10940000000001,0.14691478942213515,0.036096999858018466
NT2_2022,NT2,2022,crop_protection,herbicide,sprayer,1.0,20.42,20.42,83.10940000000001,1.0,0.2457002457002457
NT2_2022,NT2,2022,crop_protection,herbicide,sprayer,1.0,20.42,20.42,83.10940000000001,1.0,0.2457002457002457
NT2_2022,NT2,2022,crop_protection,herbicide,sprayer,1.0,20.42,20.42,83.10940000000001,1.0,0.2457002457002457
NT2_2022,NT2,2022,crop_protection,herbicide,sprayer,1.0,20.42,20.42,83.10940000000001,1.0,0.2457002457002457
NT2_2022,NT2,2022,crop_protection,herbicide,sprayer,1.0,20.42,20.42,83.10940000000001,1.0,0.2457002457002457
NT2_2022,NT2,2022,crop_protection,herbicide,sprayer,1.0,20.42,20.42,83.10940000000001,1.0,0.2457002457002457
NT2_2022,NT2,2022,sowing,sementeira,centrifugal_spreader,1.0,20.42,20.42,83.10940000000001,1.0,0.2457002457002457
NT2_2023,NT2,2023,soil_operation,fertiliser_integration,rotary_tiller,1.0,20.19,20.19,147.5889,1.0,0.13679890560875516
NT2_2023,NT2,2023,harvest,colheita,combine_harvester,1.0,20.19,20.19,147.5889,1.0,0.13679890560875516
NT2_2023,NT2,2023,basal_fertilisation,adubação fundo,centrifugal_spreader,1.0,20.19,20.19,147.5889,1.0,0.13679890560875516
NT2_2023,NT2,2023,topdressing,adubação cobertura,centrifugal_spreader,1.0,20.19,20.19,147.5889,1.0,0.13679890560875516
NT2_2023,NT2,2023,crop_protection,Herbicide,sprayer,1.0,20.19,20.19,147.5889,1.0,0.13679890560875516
NT2_2023,NT2,2023,crop_protection,Herbicide,sprayer,1.0,20.19,20.19,147.5889,1.0,0.13679890560875516
NT2_2023,NT2,2023,crop_protection,Herbicide,sprayer,1.0,20.19,20.19,147.5889,1.0,0.13679890560875516
NT2_2023,NT2,2023,crop_protection,Herbicide,sprayer,1.0,20.19,20.19,147.5889,1.0,0.13679890560875516
NT2_2023,NT2,2023,crop_protection,Herbicide,sprayer,1.0,20.19,20.19,147.5889,1.0,0.13679890560875516
NT2_2023,NT2,2023,crop_protection,Herbicide,sprayer,1.0,20.19,20.19,147.5889,1.0,0.13679890560875516
NT2_2023,NT2,2023,crop_protection,Herbicide,sprayer,1.0,20.19,20.19,147.5889,1.0,0.13679890560875516
NT2_2023,NT2,2023,crop_protection,Herbicide,sprayer,1.0,20.19,20.19,147.5889,1.0,0.13679890560875516
NT2_2023,NT2,2023,crop_protection,Herbicide,sprayer,1.0,20.19,20.19,147.5889,1.0,0.13679890560875516
NT2_2023,NT2,2023,sowing,sementeira_linha,seeder,1.0,20.19,20.19,147.5889,1.0,0.13679890560875516
NT2_2024,NT2,2024,soil_operation,fertiliser_integration,rotary_tiller,1.0,20.19,20.19,96.3063,1.0,0.20964360587002098
NT2_2024,NT2,2024,harvest,colheita,combine_harvester,1.0,20.19,20.19,96.3063,1.0,0.20964360587002098
NT2_2024,NT2,2024,basal_fertilisation,adubação fundo,centrifugal_spreader,1.0,20.19,20.19,96.3063,1.0,0.20964360587002098
NT2_2024,NT2,2024,topdressing,adubação cobertura,centrifugal_spreader,1.0,20.19,20.19,96.3063,1.0,0.20964360587002098
NT2_2024,NT2,2024,crop_protection,Herbicide,sprayer,1.0,20.19,20.19,96.3063,1.0,0.20964360587002098
NT2_2024,NT2,2024,crop_protection,Herbicide,sprayer,1.0,20.19,20.19,96.3063,1.0,0.20964360587002098
NT2_2024,NT2,2024,crop_protection,Herbicide,sprayer,1.0,20.19,20.19,96.3063,1.0,0.20964360587002098
NT2_2024,NT2,2024,crop_protection,Herbicide,sprayer,1.0,20.19,20.19,96.3063,1.0,0.20964360587002098
NT2_2024,NT2,2024,crop_protection,Herbicide,sprayer,1.0,20.19,20.19,96.3063,1.0,0.20964360587002098
NT2_2024,NT2,2024,crop_protection,Herbicide,sprayer,1.0,20.19,20.19,96.3063,1.0,0.20964360587002098
NT2_2024,NT2,2024,sowing,sementeira_linha,seeder,1.0,20.19,20.19,96.3063,1.0,0.20964360587002098
