dmu_id,farmer_id,year,area_ha,production_t,operation_rows_n,centrifugal_spreader_ha_worked_total,centrifugal_spreader_ha_worked_per_ha,centrifugal_spreader_ha_worked_per_tonne,combine_harvester_ha_worked_total,combine_harvester_ha_worked_per_ha,combine_harvester_ha_worked_per_tonne,disk_harrow_ha_worked_total,disk_harrow_ha_worked_per_ha,disk_harrow_ha_worked_per_tonne,laser_leveler_ha_worked_total,laser_leveler_ha_worked_per_ha,laser_leveler_ha_worked_per_tonne,rotary_tiller_ha_worked_total,rotary_tiller_ha_worked_per_ha,rotary_tiller_ha_worked_per_tonne,seeder_ha_worked_total,seeder_ha_worked_per_ha,seeder_ha_worked_per_tonne,sprayer_ha_worked_total,sprayer_ha_worked_per_ha,sprayer_ha_worked_per_tonne
C1_2022,C1,2022,45.92,203.6418,38,183.68,4.0,0.9019759205,45.92,1.0,0.2254939801,137.76,3.0,0.6764819403,45.92,1.0,0.2254939801,45.92,1.0,0.2254939801,0.0,0.0,0.0,237.02,5.1615853659,1.1639064279
C1_2023,C1,2023,45.51,196.7616,31,136.53,3.0,0.6938853923,45.51,1.0,0.2312951308,136.53,3.0,0.6938853923,45.51,1.0,0.2312951308,45.51,1.0,0.2312951308,0.0,0.0,0.0,260.94,5.7336849044,1.3261733997
C1_2024,C1,2024,45.51,227.7032,41,136.53,3.0,0.5995963166,45.51,1.0,0.1998654389,273.06,6.0,1.1991926332,45.51,1.0,0.1998654389,45.51,1.0,0.1998654389,0.0,0.0,0.0,242.51,5.3287189629,1.0650267541
C2_2022,C2,2022,111.38,777.8801,24,334.14,3.0,0.4295520608,111.38,1.0,0.1431840203,222.76,2.0,0.2863680405,111.38,1.0,0.1431840203,111.38,1.0,0.1431840203,0.0,0.0,0.0,470.52,4.2244568145,0.6048747101
C2_2023,C2,2023,115.21,1003.1592,25,343.41,2.9807308393,0.3423285158,115.21,1.0,0.1148471748,345.63,3.0,0.3445415244,115.21,1.0,0.1148471748,115.21,1.0,0.1148471748,0.0,0.0,0.0,577.62,5.0136272893,0.5758009297
C2_2024,C2,2024,120.72,892.1208,31,375.44,3.1100066269,0.4208398683,120.72,1.0,0.1353179973,362.16,3.0,0.4059539919,120.72,1.0,0.1353179973,120.72,1.0,0.1353179973,0.0,0.0,0.0,384.66,3.1863817097,0.4311747916
C3_2022,C3,2022,114.54,496.2327,39,458.16,4.0,0.9232765193,114.54,1.0,0.2308191298,343.62,3.0,0.6924573894,114.54,1.0,0.2308191298,114.54,1.0,0.2308191298,0.0,0.0,0.0,516.16,4.5063733194,1.0401571682
C3_2023,C3,2023,112.23,639.8522,28,336.69,3.0,0.5261996442,112.23,1.0,0.1753998814,336.69,3.0,0.5261996442,112.23,1.0,0.1753998814,112.23,1.0,0.1753998814,0.0,0.0,0.0,609.11,5.4273367192,0.9519542169
C3_2024,C3,2024,112.23,723.4214,31,336.69,3.0,0.4654133815,112.23,1.0,0.1551377938,336.69,3.0,0.4654133815,112.23,1.0,0.1551377938,112.23,1.0,0.1551377938,0.0,0.0,0.0,427.7,3.8109239954,0.5912183411
C4_2022,C4,2022,25.21,91.2602,16,69.63,2.7619992067,0.7629832063,25.21,1.0,0.2762430939,75.63,3.0,0.8287292818,25.21,1.0,0.2762430939,25.21,1.0,0.2762430939,0.0,0.0,0.0,172.89,6.85799286,1.8944731657
C4_2023,C4,2023,23.84,107.3744,16,71.52,3.0,0.6660805555,23.84,1.0,0.2220268518,71.52,3.0,0.6660805555,23.84,1.0,0.2220268518,23.84,1.0,0.2220268518,0.0,0.0,0.0,70.72,2.966442953,0.65862999
C4_2024,C4,2024,23.87,197.4649,18,71.61,3.0,0.3626467286,23.87,1.0,0.1208822429,71.61,3.0,0.3626467286,23.87,1.0,0.1208822429,47.74,2.0,0.2417644857,0.0,0.0,0.0,117.51,4.9229157939,0.5950931026
C5_2022,C5,2022,35.75,214.045,16,107.25,3.0,0.5010628606,35.75,1.0,0.1670209535,107.25,3.0,0.5010628606,35.75,1.0,0.1670209535,35.75,1.0,0.1670209535,0.0,0.0,0.0,133.0,3.7202797203,0.6213646663
C5_2023,C5,2023,35.44,217.4936,24,106.32,3.0,0.4888419705,35.44,1.0,0.1629473235,106.32,3.0,0.4888419705,35.44,1.0,0.1629473235,35.44,1.0,0.1629473235,0.0,0.0,0.0,177.76,5.0158013544,0.8173114059
C5_2024,C5,2024,35.44,290.5825,24,141.76,4.0,0.4878476853,35.44,1.0,0.1219619213,106.32,3.0,0.3658857639,35.44,1.0,0.1219619213,70.88,2.0,0.2439238426,0.0,0.0,0.0,200.82,5.6664785553,0.6910946117
C6_2022,C6,2022,73.11,157.1865,16,267.33,3.6565449323,1.7007185732,73.11,1.0,0.4651162791,146.22,2.0,0.9302325581,73.11,1.0,0.4651162791,73.11,1.0,0.4651162791,0.0,0.0,0.0,352.73,4.824647791,2.2440222284
C6_2023,C6,2023,71.09,204.7392,21,213.27,3.0,1.0416666667,71.09,1.0,0.3472222222,142.18,2.0,0.6944444444,71.09,1.0,0.3472222222,71.09,1.0,0.3472222222,0.0,0.0,0.0,473.75,6.6640877761,2.3139193667
C6_2024,C6,2024,54.22,393.095,15,162.66,3.0,0.4137931034,125.31,2.3111398008,0.3187779036,108.44,2.0,0.275862069,54.22,1.0,0.1379310345,54.22,1.0,0.1379310345,0.0,0.0,0.0,326.57,6.0230542235,0.8307660998
C7_2023,C7,2023,37.33,248.2616,25,74.66,2.0,0.3007311642,37.33,1.0,0.1503655821,111.99,3.0,0.4510967463,37.33,1.0,0.1503655821,37.33,1.0,0.1503655821,37.33,1.0,0.1503655821,298.64,8.0,1.2029246569
C7_2024,C7,2024,37.35,157.786,23,100.7,2.6961178046,0.638206178,37.35,1.0,0.2367130164,224.1,6.0,1.4202780982,74.7,2.0,0.4734260327,74.7,2.0,0.4734260327,37.35,1.0,0.2367130164,201.85,5.4042838019,1.27926432
C8_2022,C8,2022,58.32,323.9088,36,187.46,3.2143347051,0.5787431524,58.32,1.0,0.1800506809,174.96,3.0,0.5401520428,58.32,1.0,0.1800506809,0.0,0.0,0.0,0.0,0.0,0.0,426.6,7.3148148148,1.3170373883
C8_2023,C8,2023,58.04,334.3764,27,116.08,2.0,0.3471536867,58.04,1.0,0.1735768433,174.12,3.0,0.52073053,58.04,1.0,0.1735768433,58.04,1.0,0.1735768433,58.04,1.0,0.1735768433,457.34,7.8797381116,1.3677400678
C8_2024,C8,2024,59.12,233.6194,22,177.36,3.0,0.7591835267,59.12,1.0,0.2530611756,177.36,3.0,0.7591835267,59.12,1.0,0.2530611756,59.12,1.0,0.2530611756,0.0,0.0,0.0,181.44,3.0690121786,0.7766478298
D1_2022,D1,2022,12.25,16.66,16,18.85,1.5387755102,1.131452581,12.25,1.0,0.7352941176,36.75,3.0,2.2058823529,12.25,1.0,0.7352941176,12.25,1.0,0.7352941176,12.25,1.0,0.7352941176,95.2,7.7714285714,5.7142857143
D1_2023,D1,2023,17.99,88.151,15,53.97,3.0,0.612244898,17.99,1.0,0.2040816327,53.97,3.0,0.612244898,17.99,1.0,0.2040816327,17.99,1.0,0.2040816327,0.0,0.0,0.0,143.92,8.0,1.6326530612
D1_2024,D1,2024,24.8,137.368,20,74.4,3.0,0.5416108555,24.8,1.0,0.1805369518,74.4,3.0,0.5416108555,24.8,1.0,0.1805369518,24.8,1.0,0.1805369518,0.0,0.0,0.0,100.64,4.0580645161,0.7326305981
D2_2022,D2,2022,18.21,22.3983,15,36.42,2.0,1.6260162602,18.21,1.0,0.8130081301,54.63,3.0,2.4390243902,18.21,1.0,0.8130081301,18.21,1.0,0.8130081301,18.21,1.0,0.8130081301,145.68,8.0,6.5040650407
D2_2023,D2,2023,18.22,88.1848,17,54.66,3.0,0.6198347107,18.22,1.0,0.2066115702,54.66,3.0,0.6198347107,18.22,1.0,0.2066115702,18.22,1.0,0.2066115702,0.0,0.0,0.0,182.2,10.0,2.0661157025
D2_2024,D2,2024,18.22,123.3494,16,54.66,3.0,0.4431314623,18.22,1.0,0.1477104874,54.66,3.0,0.4431314623,18.22,1.0,0.1477104874,18.22,1.0,0.1477104874,0.0,0.0,0.0,163.98,9.0,1.329394387
NT1_2023,NT1,2023,14.92,96.8308,7,29.84,2.0,0.3081664099,14.92,1.0,0.1540832049,0.0,0.0,0.0,0.0,0.0,0.0,0.0,0.0,0.0,14.92,1.0,0.1540832049,44.76,3.0,0.4622496148
NT1_2024,NT1,2024,37.9,269.469,10,75.8,2.0,0.2812939522,37.9,1.0,0.1406469761,0.0,0.0,0.0,0.0,0.0,0.0,0.0,0.0,0.0,37.9,1.0,0.1406469761,189.5,5.0,0.7032348805
NT2_2022,NT2,2022,20.42,83.1094,11,43.84,2.1469147894,0.5274974913,0.0,0.0,0.0,0.0,0.0,0.0,20.42,1.0,0.2457002457,20.42,1.0,0.2457002457,0.0,0.0,0.0,122.52,6.0,1.4742014742
NT2_2023,NT2,2023,20.19,147.5889,14,40.38,2.0,0.2735978112,20.19,1.0,0.1367989056,0.0,0.0,0.0,0.0,0.0,0.0,20.19,1.0,0.1367989056,20.19,1.0,0.1367989056,181.71,9.0,1.2311901505
NT2_2024,NT2,2024,20.19,96.3063,11,40.38,2.0,0.4192872117,20.19,1.0,0.2096436059,0.0,0.0,0.0,0.0,0.0,0.0,20.19,1.0,0.2096436059,20.19,1.0,0.2096436059,121.14,6.0,1.2578616352
